date,region,country,category,subcategory,segment,quantity,revenue,cost,profit
2022-08-17,North America,Mexico,Office Supplies,Pens,Consumer,2,741.74,497.47,244.27
2022-06-28,Latin America,Brazil,Electronics,Phones,Consumer,2,515.24,211.56,303.68
2023-02-12,Latin America,Argentina,Clothing,Outerwear,Consumer,2,704.18,377.51,326.67
2022-11-15,Europe,France,Electronics,Phones,Corporate,1,185.9,99.94,85.96
2023-06-26,North America,Mexico,Clothing,Shirts,Corporate,1,280.5,205.26,75.24
2024-01-11,Europe,United Kingdom,Electronics,Computers,Corporate,1,429.11,320.37,108.74
2024-02-18,Asia Pacific,India,Office Supplies,Pens,Corporate,3,337.98,171.29,166.69
2022-05-27,Europe,Italy,Furniture,Tables,Corporate,4,569.08,438.28,130.8
2023-03-26,Asia Pacific,China,Furniture,Chairs,Corporate,4,564.76,273.57,291.19
2023-10-07,Europe,Spain,Clothing,Shoes,Consumer,3,235.26,164.21,71.05
2023-06-23,Latin America,Colombia,Office Supplies,Pens,Consumer,5,1259.1,884.28,374.82
2022-08-13,Europe,Germany,Clothing,Shirts,Corporate,4,1207.96,709.34,498.62
2023-05-30,North America,Mexico,Electronics,Audio,Home Office,3,193.98,111.33,82.65
2024-07-18,North America,Mexico,Office Supplies,Pens,Home Office,1,436.55,226.73,209.82
2024-11-05,Europe,Germany,Office Supplies,Pens,Home Office,5,2300.3,1471.22,829.08
2024-09-27,North America,United States,Office Supplies,Binders,Consumer,1,128.03,80.27,47.76
2022-06-11,North America,Mexico,Clothing,Shirts,Home Office,2,145.82,86.05,59.77
2022-12-05,Asia Pacific,South Korea,Clothing,Pants,Home Office,2,718.68,402.17,316.51
2024-02-04,Latin America,Colombia,Electronics,Computers,Consumer,1,175.66,111.6,64.06
2023-04-17,Europe,United Kingdom,Electronics,Phones,Consumer,1,453.66,337.46,116.2
2022-05-26,Europe,France,Clothing,Pants,Home Office,2,728.88,548.81,180.07
2024-08-26,Europe,Spain,Clothing,Pants,Consumer,1,332.9,180.34,152.56
2024-04-21,Latin America,Brazil,Electronics,Phones,Corporate,3,1206.87,535.5,671.37
2023-01-28,Europe,Italy,Clothing,Pants,Corporate,2,292.98,146.47,146.51
2022-06-04,Latin America,Brazil,Electronics,Phones,Consumer,2,182.98,108.74,74.24
2023-03-14,Latin America,Brazil,Furniture,Desks,Consumer,4,559.8,399.49,160.31
2024-07-20,Asia Pacific,India,Clothing,Pants,Consumer,3,350.01,148.19,201.82
2022-05-05,Asia Pacific,China,Electronics,Accessories,Home Office,5,435.7,341.72,93.98
2022-06-14,Europe,United Kingdom,Electronics,Computers,Corporate,1,471.38,295.97,175.41
2022-03-23,North America,Canada,Office Supplies,Binders,Consumer,3,380.88,212.65,168.23
2023-09-07,Latin America,Chile,Electronics,Phones,Corporate,5,2496.2,1993.06,503.14
2022-05-31,Europe,Italy,Office Supplies,Pens,Corporate,1,440.84,241.5,199.34
2022-11-20,Latin America,Chile,Electronics,Audio,Home Office,1,470.08,213.28,256.8
2022-08-25,North America,Mexico,Furniture,Storage,Corporate,5,566.05,304.05,262.0
2023-06-25,Latin America,Chile,Electronics,Phones,Home Office,4,1665.52,695.58,969.94
2023-11-15,Europe,France,Furniture,Desks,Home Office,4,1139.36,506.73,632.63
2022-11-02,North America,Canada,Furniture,Desks,Consumer,1,161.05,122.33,38.72
2022-03-23,Asia Pacific,Japan,Furniture,Chairs,Corporate,5,2216.15,1246.7,969.45
2022-11-13,Europe,Germany,Furniture,Desks,Consumer,2,741.84,395.31,346.53
2024-04-23,Europe,France,Furniture,Chairs,Corporate,1,430.71,210.61,220.1
2024-07-31,Asia Pacific,Australia,Furniture,Tables,Consumer,2,410.5,209.95,200.55
2022-05-23,Asia Pacific,Australia,Clothing,Outerwear,Consumer,1,439.75,221.85,217.9
2023-06-28,North America,United States,Clothing,Outerwear,Home Office,3,671.49,532.96,138.53
2022-08-25,Latin America,Argentina,Office Supplies,Paper,Home Office,4,43.32,33.37,9.95
2023-02-08,Asia Pacific,India,Electronics,Audio,Home Office,3,1005.18,452.18,553.0
2023-09-08,Asia Pacific,India,Office Supplies,Labels,Home Office,3,844.98,402.83,442.15
2024-02-16,Europe,Italy,Office Supplies,Labels,Home Office,1,158.9,76.92,81.98
2023-10-22,Latin America,Colombia,Clothing,Pants,Home Office,4,1595.72,1250.94,344.78
2022-12-14,North America,Canada,Office Supplies,Paper,Consumer,3,360.21,172.78,187.43
2022-02-20,North America,United States,Clothing,Shirts,Corporate,4,1776.84,1119.89,656.95
2024-02-26,Latin America,Colombia,Furniture,Tables,Home Office,1,447.4,332.94,114.46
2022-08-07,Latin America,Argentina,Furniture,Desks,Consumer,5,660.55,488.37,172.18
2024-07-23,Europe,Spain,Office Supplies,Labels,Home Office,5,1095.5,835.58,259.92
2024-07-02,Europe,Spain,Clothing,Outerwear,Consumer,3,1155.75,703.3,452.45
2023-05-05,Asia Pacific,India,Electronics,Audio,Consumer,3,523.71,396.56,127.15
2022-06-15,Europe,Germany,Furniture,Desks,Home Office,2,712.3,303.22,409.08
2024-04-14,Asia Pacific,South Korea,Clothing,Shoes,Consumer,2,836.24,464.77,371.47
2022-02-10,Latin America,Colombia,Electronics,Audio,Corporate,4,1712.76,1338.3,374.46
2024-05-08,Europe,Spain,Furniture,Storage,Corporate,4,96.88,51.78,45.1
2024-04-08,Europe,Spain,Furniture,Chairs,Corporate,5,1432.75,588.63,844.12
2024-05-27,Europe,Spain,Furniture,Chairs,Corporate,4,681.6,396.61,284.99
2023-11-23,Latin America,Chile,Clothing,Outerwear,Consumer,4,78.0,48.03,29.97
2023-12-18,Europe,United Kingdom,Electronics,Phones,Consumer,2,842.44,546.35,296.09
2023-05-04,Europe,Spain,Electronics,Computers,Corporate,3,1157.34,540.61,616.73
2022-08-23,Europe,France,Electronics,Phones,Corporate,5,1709.5,1339.0,370.5
2024-03-23,Europe,United Kingdom,Furniture,Chairs,Home Office,3,1279.92,819.36,460.56
2022-09-05,North America,Canada,Clothing,Outerwear,Consumer,5,1636.5,662.88,973.62
2024-05-10,Latin America,Brazil,Clothing,Outerwear,Home Office,4,1426.32,818.99,607.33
2024-12-04,Asia Pacific,South Korea,Clothing,Shoes,Corporate,5,707.55,524.07,183.48
2022-06-27,Asia Pacific,India,Furniture,Desks,Home Office,5,1687.05,901.83,785.22
2024-10-09,Asia Pacific,Japan,Clothing,Pants,Corporate,3,530.31,398.86,131.45
2023-07-20,North America,Mexico,Furniture,Chairs,Consumer,4,997.6,701.58,296.02
2024-09-02,Latin America,Colombia,Electronics,Phones,Corporate,2,416.32,207.05,209.27
2024-01-26,Latin America,Chile,Clothing,Outerwear,Corporate,4,571.0,285.82,285.18
2022-09-05,Europe,France,Electronics,Computers,Consumer,2,743.84,379.8,364.04
2024-12-10,Asia Pacific,China,Furniture,Storage,Consumer,3,293.79,119.18,174.61
2024-12-29,Europe,France,Electronics,Phones,Home Office,3,1055.19,475.38,579.81
2024-10-02,North America,United States,Office Supplies,Labels,Corporate,4,707.8,556.47,151.33
2023-06-02,Latin America,Brazil,Electronics,Accessories,Corporate,1,292.74,197.48,95.26
2022-11-07,Europe,Italy,Office Supplies,Paper,Consumer,1,283.46,160.57,122.89
2023-04-08,Latin America,Colombia,Clothing,Outerwear,Home Office,4,638.56,414.05,224.51
2022-07-23,Europe,Germany,Office Supplies,Paper,Consumer,2,190.34,81.85,108.49
2022-01-06,Latin America,Colombia,Clothing,Outerwear,Consumer,2,302.34,155.13,147.21
2024-07-18,North America,Mexico,Furniture,Storage,Home Office,5,1669.9,1291.61,378.29
2024-05-20,North America,Mexico,Furniture,Tables,Corporate,2,89.98,41.96,48.02
2023-09-22,Asia Pacific,India,Electronics,Accessories,Home Office,3,1058.61,822.61,236.0
2024-10-21,Latin America,Colombia,Electronics,Phones,Corporate,3,917.46,376.48,540.98
2023-04-14,North America,Mexico,Office Supplies,Paper,Consumer,4,1057.16,609.87,447.29
2023-07-24,Europe,Italy,Clothing,Shoes,Consumer,4,722.0,385.06,336.94
2022-08-03,Europe,France,Clothing,Shoes,Corporate,4,1634.6,1013.52,621.08
2024-07-20,North America,Canada,Office Supplies,Binders,Consumer,4,1735.24,1266.67,468.57
2022-01-03,Latin America,Colombia,Electronics,Computers,Home Office,3,945.27,566.59,378.68
2024-06-24,North America,United States,Office Supplies,Pens,Corporate,4,1766.44,1049.06,717.38
2022-03-01,Europe,Germany,Office Supplies,Paper,Home Office,4,222.68,177.45,45.23
2022-08-21,Latin America,Brazil,Furniture,Desks,Home Office,3,778.05,396.32,381.73
2024-09-15,Latin America,Argentina,Clothing,Pants,Corporate,2,923.44,557.11,366.33
2022-10-07,North America,Canada,Clothing,Outerwear,Home Office,3,1236.21,634.34,601.87
2023-09-04,Latin America,Argentina,Clothing,Shoes,Corporate,3,841.32,519.41,321.91
2024-07-21,Asia Pacific,Japan,Furniture,Desks,Consumer,4,125.56,87.63,37.93
2024-02-20,Latin America,Argentina,Clothing,Shirts,Consumer,5,2415.1,1286.76,1128.34
2022-07-25,Latin America,Brazil,Clothing,Shirts,Home Office,2,421.78,279.18,142.6
2022-11-13,North America,Canada,Office Supplies,Binders,Home Office,4,1313.68,973.05,340.63
2024-12-28,Latin America,Chile,Clothing,Shirts,Home Office,1,125.04,84.25,40.79
2023-08-12,Europe,United Kingdom,Clothing,Shirts,Home Office,1,227.4,154.09,73.31
2022-03-01,North America,Canada,Electronics,Audio,Corporate,3,663.12,330.02,333.1
2024-04-23,Europe,Germany,Furniture,Chairs,Home Office,4,1254.64,622.72,631.92
2022-10-21,Europe,Spain,Office Supplies,Labels,Corporate,1,450.47,264.02,186.45
2023-08-13,Europe,United Kingdom,Clothing,Outerwear,Home Office,3,969.24,552.2,417.04
2023-05-28,Latin America,Chile,Furniture,Desks,Corporate,1,126.23,79.37,46.86
2023-08-29,Asia Pacific,China,Clothing,Outerwear,Consumer,5,2169.4,1543.15,626.25
2022-04-11,Latin America,Chile,Furniture,Storage,Consumer,2,628.48,421.78,206.7
2022-10-08,North America,Mexico,Electronics,Audio,Corporate,1,293.99,203.72,90.27
2022-07-04,Asia Pacific,Australia,Clothing,Pants,Consumer,2,790.78,593.55,197.23
2024-01-20,Asia Pacific,Japan,Office Supplies,Labels,Corporate,3,1212.21,711.97,500.24
2022-06-04,Europe,Germany,Clothing,Outerwear,Consumer,4,67.28,41.35,25.93
2024-07-20,Asia Pacific,Australia,Clothing,Outerwear,Consumer,2,482.04,312.27,169.77
2023-11-03,Europe,United Kingdom,Clothing,Outerwear,Home Office,4,268.68,112.35,156.33
2022-03-18,Asia Pacific,India,Electronics,Phones,Consumer,5,382.4,222.35,160.05
2024-05-08,Europe,Spain,Electronics,Accessories,Home Office,4,1880.56,962.65,917.91
2024-01-29,Europe,Spain,Clothing,Pants,Corporate,1,490.65,268.35,222.3
2024-01-05,North America,Canada,Office Supplies,Pens,Consumer,4,219.68,106.51,113.17
2022-02-13,North America,Canada,Furniture,Tables,Home Office,2,87.24,61.6,25.64
2023-03-01,Europe,Germany,Office Supplies,Pens,Home Office,1,145.86,115.76,30.1
2022-09-24,Asia Pacific,Japan,Electronics,Phones,Consumer,1,185.54,132.73,52.81
2023-10-26,North America,United States,Office Supplies,Paper,Consumer,4,1071.12,747.93,323.19
2024-09-02,Latin America,Chile,Electronics,Accessories,Home Office,2,946.5,395.02,551.48
2024-12-03,Asia Pacific,India,Electronics,Phones,Corporate,4,875.48,388.0,487.48
2024-06-27,North America,United States,Office Supplies,Pens,Consumer,2,289.52,189.12,100.4
2023-10-28,Latin America,Chile,Clothing,Shoes,Consumer,1,427.87,282.55,145.32
2023-03-17,Latin America,Colombia,Furniture,Desks,Corporate,4,821.52,568.36,253.16
2023-10-03,Latin America,Chile,Office Supplies,Binders,Consumer,4,171.6,125.73,45.87
2022-07-10,Latin America,Brazil,Office Supplies,Pens,Home Office,1,297.37,185.75,111.62
2023-11-07,North America,Canada,Office Supplies,Labels,Home Office,1,484.52,310.17,174.35
2023-12-22,North America,Mexico,Furniture,Tables,Home Office,4,479.52,212.57,266.95
2024-01-23,North America,Canada,Furniture,Desks,Home Office,5,1553.25,1020.61,532.64
2022-02-23,Asia Pacific,China,Furniture,Storage,Home Office,3,1384.65,748.28,636.37
2023-01-07,Europe,Italy,Clothing,Shirts,Consumer,1,54.96,33.65,21.31
2024-02-10,Latin America,Colombia,Office Supplies,Pens,Corporate,3,1090.74,775.23,315.51
2022-06-23,North America,United States,Furniture,Chairs,Home Office,1,143.33,95.28,48.05
2024-09-21,Latin America,Colombia,Office Supplies,Pens,Home Office,1,179.13,79.6,99.53
2024-09-23,Asia Pacific,China,Furniture,Desks,Home Office,1,13.77,7.17,6.6
2023-03-09,Europe,France,Office Supplies,Binders,Consumer,1,253.72,145.19,108.53
2022-09-22,Latin America,Argentina,Office Supplies,Paper,Corporate,1,223.75,130.65,93.1
2022-06-09,Asia Pacific,South Korea,Clothing,Shoes,Home Office,4,607.44,341.39,266.05
2023-10-28,Europe,Italy,Clothing,Outerwear,Consumer,4,1695.2,843.07,852.13
2024-03-31,North America,Canada,Office Supplies,Binders,Consumer,3,1175.31,506.03,669.28
2022-08-22,Europe,France,Office Supplies,Pens,Consumer,1,81.76,39.16,42.6
2022-11-10,North America,United States,Clothing,Shoes,Home Office,5,1149.8,884.96,264.84
2023-10-24,Asia Pacific,Japan,Clothing,Shirts,Corporate,4,1277.52,917.94,359.58
2022-04-26,Asia Pacific,South Korea,Electronics,Audio,Corporate,4,113.72,62.26,51.46
2023-08-11,North America,Mexico,Electronics,Accessories,Corporate,5,1408.1,1009.22,398.88
2022-03-26,Latin America,Argentina,Office Supplies,Labels,Home Office,2,958.56,556.17,402.39
2023-12-05,North America,Mexico,Furniture,Chairs,Consumer,4,1982.32,1208.48,773.84
2022-11-22,Asia Pacific,Australia,Office Supplies,Labels,Corporate,3,1027.98,432.72,595.26
2023-11-17,North America,Canada,Electronics,Accessories,Corporate,3,1093.89,724.84,369.05
2022-11-04,Asia Pacific,China,Furniture,Storage,Corporate,4,292.76,200.11,92.65
2022-06-23,Asia Pacific,South Korea,Clothing,Outerwear,Consumer,5,278.95,186.39,92.56
2024-11-07,Asia Pacific,China,Office Supplies,Binders,Consumer,2,354.9,250.72,104.18
2023-01-29,Europe,Germany,Furniture,Chairs,Corporate,1,258.77,159.38,99.39
2024-12-14,North America,Mexico,Office Supplies,Pens,Home Office,4,342.32,161.69,180.63
2022-12-06,Latin America,Brazil,Clothing,Outerwear,Home Office,2,970.2,625.04,345.16
2024-07-08,Europe,Italy,Furniture,Storage,Corporate,2,380.48,296.34,84.14
2024-06-21,Latin America,Chile,Clothing,Shoes,Consumer,2,805.24,366.67,438.57
2023-05-28,North America,Mexico,Clothing,Outerwear,Home Office,1,358.59,217.44,141.15
2022-09-13,Asia Pacific,China,Furniture,Storage,Corporate,5,411.0,236.32,174.68
2023-03-31,Latin America,Chile,Electronics,Accessories,Consumer,4,1023.92,506.14,517.78
2022-06-17,Asia Pacific,Japan,Electronics,Audio,Consumer,3,1193.34,543.02,650.32
2023-08-11,Latin America,Argentina,Clothing,Shoes,Home Office,1,453.87,185.0,268.87
2023-03-18,Europe,Italy,Clothing,Shirts,Corporate,2,315.12,132.07,183.05
2024-05-09,Latin America,Brazil,Electronics,Accessories,Home Office,5,90.25,54.71,35.54
2023-05-11,Europe,France,Clothing,Shirts,Home Office,3,383.64,217.38,166.26
2022-06-25,Asia Pacific,China,Electronics,Accessories,Corporate,1,321.48,254.75,66.73
2023-06-04,North America,Canada,Electronics,Audio,Consumer,1,388.04,269.33,118.71
2023-11-12,Europe,United Kingdom,Office Supplies,Binders,Home Office,2,833.78,561.86,271.92
2024-09-07,Europe,Germany,Electronics,Accessories,Consumer,3,326.34,233.8,92.54
2022-03-27,Asia Pacific,Australia,Clothing,Shoes,Corporate,1,379.11,180.62,198.49
2024-01-02,North America,Mexico,Office Supplies,Binders,Consumer,3,672.33,376.51,295.82
2024-06-19,Latin America,Chile,Furniture,Desks,Home Office,4,760.0,546.38,213.62
2023-07-01,North America,Mexico,Clothing,Shirts,Corporate,5,2488.0,1174.79,1313.21
2023-08-25,Asia Pacific,China,Electronics,Audio,Home Office,3,480.54,308.05,172.49
2024-05-22,Europe,Spain,Office Supplies,Labels,Consumer,3,933.84,536.0,397.84
2022-04-28,North America,Mexico,Clothing,Outerwear,Home Office,2,953.74,435.97,517.77
2024-06-16,North America,United States,Electronics,Computers,Home Office,3,562.35,438.51,123.84
2022-03-08,Europe,Spain,Office Supplies,Binders,Corporate,1,291.22,178.16,113.06
2024-03-26,Asia Pacific,Australia,Furniture,Chairs,Consumer,2,509.06,282.42,226.64
2022-08-30,Asia Pacific,Australia,Clothing,Pants,Home Office,3,1050.15,839.54,210.61
2023-02-14,North America,United States,Electronics,Accessories,Consumer,4,1994.64,1444.53,550.11
2023-10-17,Asia Pacific,China,Office Supplies,Binders,Consumer,2,797.82,481.49,316.33
2022-09-06,Europe,Germany,Furniture,Desks,Consumer,3,844.41,462.37,382.04
2022-09-23,North America,United States,Office Supplies,Labels,Home Office,4,1070.36,757.46,312.9
2022-06-01,Europe,France,Electronics,Accessories,Corporate,5,894.05,671.6,222.45
2023-01-08,Europe,Spain,Electronics,Phones,Home Office,2,318.04,147.82,170.22
2023-04-07,Asia Pacific,South Korea,Office Supplies,Paper,Corporate,2,642.36,398.48,243.88
2022-09-14,Asia Pacific,South Korea,Electronics,Computers,Home Office,5,427.8,283.84,143.96
2023-11-23,North America,United States,Electronics,Phones,Home Office,5,698.4,338.25,360.15
2024-05-03,North America,Canada,Office Supplies,Binders,Corporate,2,808.6,544.99,263.61
2023-09-02,Latin America,Brazil,Electronics,Computers,Corporate,4,989.12,476.37,512.75
2022-10-22,Asia Pacific,Australia,Office Supplies,Labels,Consumer,3,787.02,348.24,438.78
2023-05-11,Latin America,Brazil,Office Supplies,Labels,Consumer,2,114.88,59.29,55.59
2024-02-26,Latin America,Argentina,Furniture,Storage,Home Office,3,309.06,143.32,165.74
2024-11-20,Latin America,Colombia,Office Supplies,Labels,Consumer,1,473.16,284.93,188.23
2023-05-09,Europe,Italy,Office Supplies,Paper,Consumer,3,757.5,570.35,187.15
2024-08-21,Asia Pacific,South Korea,Electronics,Phones,Corporate,2,884.8,611.4,273.4
2024-04-05,Asia Pacific,China,Clothing,Shirts,Home Office,5,526.9,327.36,199.54
2022-05-31,Latin America,Colombia,Office Supplies,Paper,Consumer,1,203.01,145.75,57.26
2023-11-26,Asia Pacific,Japan,Furniture,Desks,Home Office,1,32.2,14.65,17.55
2023-11-14,Latin America,Colombia,Furniture,Tables,Corporate,5,830.4,462.68,367.72
2023-09-05,Asia Pacific,South Korea,Clothing,Outerwear,Corporate,1,190.5,127.54,62.96
2024-05-03,Asia Pacific,China,Clothing,Outerwear,Home Office,5,1465.2,1008.88,456.32
2024-09-10,Europe,Italy,Clothing,Pants,Home Office,2,50.94,39.7,11.24
2022-08-14,Europe,United Kingdom,Clothing,Outerwear,Corporate,2,424.7,204.52,220.18
2024-10-24,Latin America,Brazil,Furniture,Tables,Home Office,3,1497.24,885.39,611.85
2024-02-11,Asia Pacific,Japan,Clothing,Outerwear,Home Office,3,1023.54,764.65,258.89
2023-06-26,Latin America,Argentina,Furniture,Storage,Home Office,3,360.54,284.53,76.01
2023-09-02,Asia Pacific,Japan,Clothing,Outerwear,Corporate,3,853.92,660.76,193.16
2023-07-15,Asia Pacific,China,Clothing,Shoes,Corporate,2,304.64,156.91,147.73
2022-06-11,Asia Pacific,India,Office Supplies,Labels,Consumer,2,831.4,422.73,408.67
2023-07-11,Europe,United Kingdom,Furniture,Tables,Consumer,5,602.9,297.31,305.59
2022-07-25,Latin America,Chile,Clothing,Shirts,Home Office,2,25.08,15.55,9.53
2022-11-20,Latin America,Colombia,Clothing,Pants,Corporate,3,449.55,190.46,259.09
2022-07-03,Europe,Italy,Electronics,Computers,Corporate,2,935.24,387.69,547.55
2024-03-24,Latin America,Argentina,Office Supplies,Paper,Consumer,3,864.9,383.08,481.82
2023-11-18,Asia Pacific,India,Clothing,Pants,Home Office,4,574.76,415.85,158.91
2023-11-09,Europe,Spain,Office Supplies,Pens,Consumer,3,1192.44,747.79,444.65
2023-01-31,Europe,Italy,Clothing,Shoes,Home Office,3,157.5,105.16,52.34
2023-01-14,Europe,Spain,Office Supplies,Pens,Consumer,3,593.85,343.66,250.19
2023-07-01,Asia Pacific,Australia,Electronics,Audio,Home Office,3,1048.38,445.4,602.98
2022-08-31,Latin America,Chile,Furniture,Desks,Home Office,5,2311.6,1745.54,566.06
2023-09-29,North America,Mexico,Office Supplies,Binders,Home Office,2,234.74,106.44,128.3
2022-11-10,Latin America,Chile,Clothing,Shoes,Home Office,2,766.62,515.27,251.35
2022-06-17,Latin America,Chile,Electronics,Phones,Consumer,5,2262.1,1087.76,1174.34
2022-11-03,Europe,France,Clothing,Shirts,Home Office,2,722.58,430.32,292.26
2024-11-11,Latin America,Brazil,Clothing,Pants,Home Office,4,935.32,395.73,539.59
2024-08-04,Asia Pacific,China,Clothing,Outerwear,Consumer,2,586.74,245.33,341.41
2023-12-07,North America,Mexico,Electronics,Phones,Corporate,1,150.67,71.12,79.55
2022-10-05,Latin America,Chile,Clothing,Shoes,Corporate,4,197.28,154.99,42.29
2022-09-30,Asia Pacific,China,Furniture,Desks,Home Office,2,733.3,358.64,374.66
2022-01-08,North America,Canada,Clothing,Shoes,Home Office,4,1653.8,825.25,828.55
2023-12-10,Europe,France,Furniture,Chairs,Consumer,4,1245.24,964.43,280.81
2022-02-02,Europe,Germany,Electronics,Phones,Home Office,1,228.76,153.0,75.76
2022-04-10,Europe,United Kingdom,Clothing,Shoes,Consumer,5,582.3,434.1,148.2
2022-04-26,Europe,Italy,Office Supplies,Pens,Home Office,5,831.3,531.34,299.96
2023-10-19,Europe,France,Furniture,Tables,Corporate,3,434.49,270.55,163.94
2022-12-25,Latin America,Colombia,Electronics,Audio,Home Office,4,1580.16,833.52,746.64
2024-05-02,Latin America,Argentina,Office Supplies,Labels,Consumer,5,1210.1,895.15,314.95
2023-09-08,Europe,Spain,Electronics,Accessories,Corporate,5,1348.5,748.91,599.59
2023-06-07,Europe,France,Electronics,Accessories,Corporate,1,272.46,199.38,73.08
2022-04-16,Asia Pacific,India,Electronics,Phones,Consumer,5,1824.55,1137.68,686.87
2024-09-08,Europe,France,Office Supplies,Paper,Consumer,2,962.84,430.32,532.52
2024-09-07,Europe,Italy,Furniture,Desks,Consumer,5,837.95,430.06,407.89
2024-08-12,Asia Pacific,Australia,Office Supplies,Binders,Home Office,4,953.36,687.49,265.87
2024-08-19,Asia Pacific,Japan,Office Supplies,Binders,Corporate,1,285.64,139.54,146.1
2022-10-26,North America,Canada,Clothing,Outerwear,Consumer,2,343.26,189.46,153.8
2023-05-19,Latin America,Chile,Office Supplies,Labels,Home Office,4,943.24,653.77,289.47
2023-12-23,Europe,Germany,Clothing,Pants,Home Office,1,266.73,196.21,70.52
2022-06-02,North America,United States,Clothing,Pants,Home Office,2,86.6,39.87,46.73
2023-03-24,Latin America,Chile,Electronics,Accessories,Home Office,4,70.84,43.42,27.42
2024-04-22,North America,United States,Office Supplies,Binders,Consumer,5,2042.25,1367.52,674.73
2023-01-03,North America,United States,Furniture,Tables,Consumer,5,1339.8,972.81,366.99
2023-07-02,Latin America,Brazil,Office Supplies,Labels,Corporate,5,645.85,438.46,207.39
2023-09-07,North America,Mexico,Electronics,Phones,Corporate,4,779.24,460.06,319.18
2022-01-20,Europe,United Kingdom,Clothing,Shoes,Home Office,3,861.81,640.48,221.33
2022-07-15,North America,United States,Furniture,Desks,Corporate,1,462.84,311.85,150.99
2023-07-29,North America,United States,Office Supplies,Paper,Consumer,5,403.25,293.68,109.57
2024-03-26,North America,Canada,Furniture,Tables,Home Office,4,1367.0,842.38,524.62
2024-02-26,Europe,United Kingdom,Office Supplies,Paper,Consumer,4,495.0,213.05,281.95
2024-03-23,Asia Pacific,China,Office Supplies,Labels,Corporate,2,368.7,286.28,82.42
2024-06-03,Europe,Italy,Clothing,Shirts,Home Office,3,1203.15,824.45,378.7
2022-06-18,Asia Pacific,Japan,Clothing,Pants,Home Office,4,660.68,292.43,368.25
2022-01-11,Asia Pacific,India,Office Supplies,Binders,Consumer,2,105.56,60.42,45.14
2024-11-15,Latin America,Brazil,Electronics,Phones,Corporate,5,278.0,177.7,100.3
2023-10-27,Latin America,Brazil,Office Supplies,Labels,Corporate,1,365.17,227.8,137.37
2023-05-13,Europe,Spain,Furniture,Tables,Corporate,3,424.56,194.61,229.95
2022-12-09,Latin America,Chile,Clothing,Outerwear,Corporate,1,186.95,145.39,41.56
2024-10-12,Europe,Spain,Electronics,Computers,Corporate,1,474.92,253.08,221.84
2024-02-18,Asia Pacific,India,Office Supplies,Labels,Home Office,5,383.5,202.59,180.91
2023-02-16,Latin America,Chile,Furniture,Desks,Corporate,3,1110.27,725.19,385.08
2023-05-12,Asia Pacific,India,Office Supplies,Labels,Corporate,1,466.71,223.98,242.73
2023-01-04,North America,Mexico,Clothing,Pants,Corporate,3,1251.99,535.43,716.56
2024-04-17,Latin America,Argentina,Office Supplies,Pens,Corporate,2,720.94,515.93,205.01
2022-06-01,Latin America,Colombia,Clothing,Shoes,Home Office,1,397.45,216.14,181.31
2022-06-24,North America,United States,Office Supplies,Pens,Home Office,5,158.55,125.8,32.75
2024-03-29,Asia Pacific,India,Electronics,Phones,Consumer,3,356.34,248.99,107.35
2023-03-29,Latin America,Chile,Clothing,Shoes,Home Office,5,1741.55,801.63,939.92
2022-02-20,Latin America,Brazil,Office Supplies,Labels,Consumer,1,417.35,288.83,128.52
2023-12-15,Asia Pacific,Australia,Clothing,Pants,Home Office,4,722.68,317.29,405.39
2024-07-15,Asia Pacific,China,Office Supplies,Paper,Home Office,1,21.07,11.32,9.75
2022-08-12,Europe,Germany,Furniture,Tables,Corporate,5,1094.6,640.15,454.45
2024-04-09,Europe,Germany,Clothing,Shoes,Consumer,5,2213.6,1283.51,930.09
2024-05-29,Latin America,Brazil,Furniture,Tables,Corporate,1,292.9,210.83,82.07
2023-01-18,Asia Pacific,Australia,Furniture,Desks,Consumer,3,1015.92,605.28,410.64
2023-10-04,Latin America,Colombia,Electronics,Audio,Corporate,4,1250.04,906.9,343.14
2023-09-02,North America,Mexico,Furniture,Storage,Consumer,2,319.28,151.09,168.19
2022-10-17,Latin America,Colombia,Furniture,Desks,Corporate,2,496.94,305.59,191.35
2022-12-21,Europe,Spain,Office Supplies,Pens,Consumer,3,1267.71,821.18,446.53
2024-01-06,North America,Canada,Furniture,Tables,Corporate,5,1288.3,770.39,517.91
2024-10-04,Latin America,Colombia,Clothing,Pants,Consumer,5,125.6,88.48,37.12
2023-08-22,North America,Canada,Furniture,Storage,Consumer,4,1148.68,814.44,334.24
2024-10-11,North America,Mexico,Electronics,Audio,Home Office,3,826.8,581.0,245.8
2024-06-22,Europe,Spain,Electronics,Computers,Corporate,1,230.37,124.27,106.1
2022-06-28,Latin America,Brazil,Furniture,Tables,Home Office,5,1738.4,1294.1,444.3
2024-05-26,Europe,Italy,Furniture,Tables,Consumer,1,289.34,177.34,112.0
2022-12-11,Asia Pacific,Australia,Office Supplies,Binders,Home Office,1,76.44,53.51,22.93
2024-04-22,North America,Canada,Furniture,Tables,Consumer,2,717.16,524.53,192.63
2024-03-15,Latin America,Argentina,Office Supplies,Labels,Corporate,4,188.0,134.95,53.05
2022-07-10,Latin America,Chile,Office Supplies,Labels,Corporate,3,885.48,661.95,223.53
2022-07-10,Latin America,Chile,Electronics,Accessories,Consumer,4,1656.72,990.53,666.19
2023-10-24,Asia Pacific,Australia,Furniture,Desks,Corporate,1,32.51,21.15,11.36
2024-07-30,North America,United States,Furniture,Desks,Corporate,1,496.0,283.28,212.72
2022-09-28,Asia Pacific,Japan,Office Supplies,Paper,Home Office,3,398.07,218.44,179.63
2022-12-05,North America,Canada,Office Supplies,Pens,Corporate,1,354.81,142.08,212.73
2024-09-03,North America,United States,Furniture,Desks,Consumer,1,350.84,255.01,95.83
2024-05-14,Europe,Spain,Electronics,Computers,Corporate,1,368.07,162.31,205.76
2023-10-04,Asia Pacific,Australia,Furniture,Desks,Consumer,2,87.04,54.43,32.61
2022-12-03,Latin America,Chile,Furniture,Tables,Corporate,5,1732.1,1288.66,443.44
2022-06-27,North America,United States,Electronics,Accessories,Corporate,4,656.44,299.29,357.15
2023-07-22,North America,United States,Office Supplies,Paper,Home Office,3,332.01,213.41,118.6
2023-01-22,Latin America,Chile,Electronics,Computers,Corporate,4,260.96,156.53,104.43
2022-05-26,North America,Canada,Office Supplies,Pens,Corporate,5,1081.1,668.71,412.39
2022-12-20,Latin America,Brazil,Electronics,Phones,Consumer,3,347.13,266.95,80.18
2024-03-26,Asia Pacific,South Korea,Clothing,Shoes,Home Office,4,201.56,123.88,77.68
2022-11-09,Asia Pacific,China,Office Supplies,Paper,Home Office,2,974.82,450.51,524.31
2023-11-01,Latin America,Brazil,Office Supplies,Labels,Home Office,2,76.74,33.34,43.4
2024-06-08,North America,Canada,Electronics,Audio,Home Office,2,137.06,93.63,43.43
2022-01-24,Europe,Spain,Office Supplies,Binders,Consumer,3,216.6,154.32,62.28
2023-07-05,North America,United States,Office Supplies,Labels,Corporate,5,206.5,141.44,65.06
2022-06-07,Latin America,Colombia,Office Supplies,Paper,Corporate,5,458.85,212.41,246.44
2022-07-30,North America,United States,Electronics,Phones,Consumer,2,65.06,35.5,29.56
2022-11-04,Europe,United Kingdom,Clothing,Pants,Corporate,2,427.94,294.47,133.47
2023-07-10,North America,Mexico,Office Supplies,Paper,Home Office,1,97.88,70.64,27.24
2022-04-05,Latin America,Brazil,Clothing,Outerwear,Corporate,3,156.99,91.48,65.51
2024-01-26,Europe,France,Office Supplies,Pens,Corporate,3,899.79,537.48,362.31
2023-02-05,Europe,Germany,Electronics,Accessories,Consumer,2,550.72,360.38,190.34
2022-01-20,Asia Pacific,China,Clothing,Outerwear,Consumer,2,539.22,267.06,272.16
2024-10-04,North America,United States,Office Supplies,Paper,Consumer,2,899.34,546.71,352.63
2024-02-02,Latin America,Brazil,Electronics,Computers,Home Office,4,186.68,117.07,69.61
2024-06-09,Europe,Germany,Office Supplies,Binders,Corporate,4,1413.44,981.13,432.31
2023-10-14,Latin America,Chile,Furniture,Chairs,Consumer,2,784.34,497.18,287.16
2022-11-15,North America,United States,Clothing,Shoes,Corporate,4,276.64,150.3,126.34
2023-03-02,Latin America,Chile,Clothing,Outerwear,Consumer,1,87.23,58.83,28.4
2022-03-24,Europe,France,Furniture,Chairs,Home Office,2,969.04,541.21,427.83
2022-04-11,Asia Pacific,Australia,Furniture,Chairs,Corporate,4,1129.68,700.46,429.22
2022-07-13,Latin America,Brazil,Furniture,Chairs,Consumer,1,416.88,330.6,86.28
2022-09-25,Europe,Spain,Office Supplies,Paper,Home Office,5,684.1,496.04,188.06
2022-02-14,North America,United States,Clothing,Pants,Consumer,3,210.12,163.24,46.88
2022-04-14,Europe,Italy,Clothing,Shoes,Corporate,1,197.54,112.73,84.81
2023-12-26,Europe,Germany,Office Supplies,Binders,Corporate,2,53.96,34.95,19.01
2023-05-19,Asia Pacific,India,Clothing,Shoes,Consumer,1,147.09,66.91,80.18
2023-02-13,Europe,Italy,Electronics,Accessories,Home Office,3,735.15,523.85,211.3
2023-12-06,Asia Pacific,India,Office Supplies,Pens,Consumer,3,907.77,373.75,534.02
2023-07-30,North America,Canada,Office Supplies,Pens,Consumer,1,131.45,65.26,66.19
2024-12-28,North America,United States,Clothing,Outerwear,Consumer,2,251.82,132.76,119.06
2024-01-05,North America,Mexico,Office Supplies,Pens,Home Office,2,839.96,608.27,231.69
2024-10-05,Asia Pacific,Japan,Clothing,Shirts,Consumer,1,123.99,60.45,63.54
2024-12-14,Latin America,Brazil,Office Supplies,Pens,Consumer,3,1083.9,831.91,251.99
2023-10-25,North America,United States,Furniture,Tables,Consumer,5,2158.65,1692.86,465.79
2024-02-05,Latin America,Brazil,Office Supplies,Binders,Corporate,2,976.34,676.55,299.79
2024-06-13,Latin America,Chile,Furniture,Storage,Consumer,5,2045.4,1127.74,917.66
2023-08-27,Europe,Germany,Electronics,Accessories,Home Office,1,99.22,52.32,46.9
2023-03-29,North America,Canada,Furniture,Storage,Home Office,1,126.62,100.4,26.22
2022-12-10,North America,Mexico,Office Supplies,Labels,Consumer,3,338.25,229.09,109.16
2023-12-19,Asia Pacific,China,Electronics,Phones,Corporate,4,1475.88,1162.46,313.42
2024-04-27,Latin America,Colombia,Office Supplies,Labels,Consumer,4,1585.92,1001.07,584.85
2023-04-07,Europe,Spain,Electronics,Phones,Corporate,1,166.17,129.72,36.45
2022-06-01,Asia Pacific,Japan,Clothing,Pants,Home Office,1,278.05,211.11,66.94
2022-07-10,Asia Pacific,South Korea,Clothing,Shirts,Corporate,2,615.18,352.92,262.26
2022-04-20,North America,Canada,Furniture,Tables,Corporate,5,1819.0,1258.73,560.27
2023-06-28,Asia Pacific,Australia,Furniture,Chairs,Consumer,4,1160.68,854.19,306.49
2022-11-11,North America,Canada,Electronics,Accessories,Consumer,3,1241.13,806.78,434.35
2024-09-10,Europe,United Kingdom,Electronics,Computers,Consumer,3,1466.28,864.27,602.01
2022-08-25,Asia Pacific,India,Clothing,Shoes,Home Office,3,163.98,101.28,62.7
2023-01-14,Asia Pacific,India,Office Supplies,Pens,Corporate,1,139.02,81.47,57.55
2023-04-09,Asia Pacific,South Korea,Electronics,Computers,Home Office,1,52.0,27.95,24.05
2024-04-27,Europe,Italy,Electronics,Accessories,Home Office,4,1932.64,1304.2,628.44
2024-08-30,Europe,Spain,Office Supplies,Paper,Corporate,1,256.03,194.63,61.4
2022-10-29,North America,Canada,Furniture,Tables,Consumer,2,143.66,81.79,61.87
2024-06-10,Europe,Germany,Office Supplies,Binders,Home Office,1,52.64,32.77,19.87
2023-10-30,Asia Pacific,South Korea,Clothing,Shirts,Home Office,5,1489.55,1061.56,427.99
2022-08-19,Latin America,Argentina,Furniture,Chairs,Consumer,5,1959.9,1399.95,559.95
2023-12-06,Latin America,Chile,Clothing,Shoes,Home Office,5,1208.95,566.85,642.1
2024-04-05,Europe,Italy,Clothing,Shirts,Corporate,3,1045.05,438.62,606.43
2024-08-31,Asia Pacific,Australia,Electronics,Audio,Corporate,3,442.11,263.78,178.33
2022-07-21,Europe,Germany,Office Supplies,Labels,Corporate,3,1101.33,707.04,394.29
2022-07-02,Europe,Spain,Furniture,Desks,Home Office,4,1528.6,1141.67,386.93
2022-04-26,Europe,United Kingdom,Office Supplies,Labels,Consumer,5,2204.35,907.26,1297.09
2023-01-30,Europe,United Kingdom,Furniture,Chairs,Corporate,1,459.84,313.54,146.3
2023-07-16,Asia Pacific,India,Clothing,Shirts,Home Office,1,128.55,76.55,52.0
2024-07-02,Europe,Spain,Office Supplies,Binders,Consumer,3,1130.97,764.02,366.95
2023-08-07,North America,Canada,Electronics,Computers,Home Office,2,859.96,566.67,293.29
2023-02-28,Asia Pacific,India,Electronics,Phones,Corporate,2,654.42,419.13,235.29
2022-01-18,Europe,France,Office Supplies,Binders,Corporate,4,1709.12,997.44,711.68
2023-03-23,Latin America,Chile,Clothing,Shirts,Consumer,5,2498.6,1965.38,533.22
2024-02-06,Asia Pacific,Australia,Electronics,Accessories,Consumer,3,1482.9,973.14,509.76
2023-07-22,Asia Pacific,Australia,Furniture,Tables,Home Office,2,901.7,651.18,250.52
2024-04-07,Asia Pacific,Japan,Electronics,Accessories,Corporate,3,1363.17,765.88,597.29
2022-03-14,Europe,France,Furniture,Desks,Home Office,3,775.74,572.63,203.11
2023-01-06,Asia Pacific,China,Clothing,Pants,Home Office,3,1096.02,683.49,412.53
2023-01-10,Asia Pacific,China,Furniture,Storage,Consumer,3,648.09,489.14,158.95
2024-02-01,Asia Pacific,South Korea,Office Supplies,Labels,Consumer,4,145.2,94.93,50.27
2022-05-26,Latin America,Argentina,Electronics,Accessories,Home Office,3,637.26,476.89,160.37
2022-11-05,Europe,Germany,Office Supplies,Labels,Home Office,4,320.72,238.92,81.8
2023-01-05,North America,Canada,Office Supplies,Pens,Corporate,1,12.31,6.27,6.04
2022-12-12,Europe,Spain,Electronics,Computers,Home Office,4,1281.64,719.46,562.18
2024-09-04,Latin America,Brazil,Electronics,Computers,Home Office,3,1426.59,1079.65,346.94
2024-12-23,Europe,United Kingdom,Electronics,Computers,Consumer,3,488.79,215.6,273.19
2024-10-27,Asia Pacific,Japan,Electronics,Phones,Corporate,3,700.2,425.8,274.4
2024-12-09,Asia Pacific,India,Furniture,Storage,Corporate,3,1132.68,527.78,604.9
2024-04-06,North America,United States,Furniture,Tables,Consumer,1,298.95,139.79,159.16
2024-01-21,North America,Canada,Office Supplies,Paper,Home Office,1,334.37,221.16,113.21
2022-02-10,North America,Mexico,Electronics,Accessories,Corporate,4,282.24,141.43,140.81
2022-11-10,Europe,United Kingdom,Office Supplies,Labels,Home Office,1,334.62,169.98,164.64
2022-10-08,Latin America,Brazil,Electronics,Audio,Consumer,1,253.89,163.4,90.49
2023-06-23,Europe,France,Clothing,Outerwear,Consumer,1,278.59,212.88,65.71
2024-09-11,Asia Pacific,Japan,Electronics,Phones,Home Office,1,454.37,333.55,120.82
2024-10-08,Europe,United Kingdom,Electronics,Phones,Corporate,2,467.62,369.85,97.77
2023-06-25,Latin America,Brazil,Electronics,Computers,Consumer,3,559.53,375.28,184.25
2024-05-22,North America,United States,Electronics,Phones,Consumer,2,342.08,259.23,82.85
2023-07-04,North America,Canada,Office Supplies,Pens,Consumer,4,824.48,480.35,344.13
2024-02-29,Latin America,Colombia,Furniture,Chairs,Consumer,1,490.97,362.21,128.76
2022-08-01,Latin America,Colombia,Clothing,Pants,Home Office,4,1567.16,1010.1,557.06
2022-09-25,Latin America,Colombia,Electronics,Accessories,Corporate,1,41.03,27.16,13.87
2022-01-26,Europe,France,Electronics,Accessories,Home Office,2,492.3,327.62,164.68
2024-02-28,Europe,Italy,Electronics,Phones,Home Office,2,515.46,302.94,212.52
2024-10-12,Europe,United Kingdom,Clothing,Outerwear,Consumer,3,1456.11,611.77,844.34
2023-04-02,Latin America,Colombia,Furniture,Chairs,Corporate,4,1610.48,932.85,677.63
2024-10-17,Latin America,Chile,Electronics,Accessories,Home Office,1,60.3,34.07,26.23
2022-01-01,North America,Mexico,Office Supplies,Pens,Home Office,4,1902.68,1037.6,865.08
2022-04-22,Europe,Spain,Office Supplies,Labels,Home Office,3,1082.4,482.33,600.07
2023-03-31,North America,Canada,Office Supplies,Binders,Home Office,5,966.05,427.51,538.54
2022-12-03,Latin America,Argentina,Clothing,Shirts,Corporate,5,530.0,237.6,292.4
2024-03-15,Europe,Spain,Furniture,Storage,Consumer,4,131.16,85.69,45.47
2022-09-10,Latin America,Colombia,Furniture,Desks,Consumer,5,1853.7,1151.69,702.01
2024-06-05,Latin America,Argentina,Furniture,Tables,Consumer,4,1328.76,853.68,475.08
2023-10-22,Latin America,Colombia,Furniture,Storage,Corporate,3,1456.62,846.5,610.12
2022-10-01,Europe,Spain,Office Supplies,Binders,Home Office,5,1599.85,768.5,831.35
2023-08-19,Asia Pacific,Japan,Furniture,Storage,Home Office,1,382.78,239.2,143.58
2024-05-04,Asia Pacific,India,Electronics,Phones,Consumer,4,324.84,217.03,107.81
2023-02-14,Asia Pacific,Japan,Office Supplies,Binders,Consumer,1,348.39,180.49,167.9
2022-03-08,Asia Pacific,India,Electronics,Computers,Home Office,5,1002.75,606.03,396.72
2023-08-13,North America,Canada,Clothing,Shoes,Home Office,3,1449.78,611.11,838.67
2023-05-30,Europe,Italy,Clothing,Pants,Home Office,3,1140.0,705.26,434.74
2023-02-07,Europe,France,Clothing,Pants,Home Office,1,101.62,47.71,53.91
2024-11-18,North America,Canada,Electronics,Accessories,Corporate,5,697.4,323.85,373.55
2023-06-07,North America,Canada,Clothing,Pants,Consumer,2,930.06,594.08,335.98
2023-09-09,Latin America,Chile,Electronics,Audio,Home Office,2,957.84,582.6,375.24
2024-10-31,Europe,Spain,Clothing,Shirts,Corporate,2,885.72,589.3,296.42
2023-11-10,Asia Pacific,Australia,Furniture,Desks,Home Office,1,66.21,35.65,30.56
2023-05-08,Europe,United Kingdom,Office Supplies,Labels,Consumer,4,542.92,374.39,168.53
2022-02-20,Asia Pacific,South Korea,Clothing,Shoes,Consumer,3,1350.48,644.19,706.29
2024-11-18,North America,United States,Furniture,Chairs,Home Office,1,113.28,73.84,39.44
2023-03-13,Latin America,Brazil,Furniture,Desks,Home Office,1,375.98,173.52,202.46
2024-07-29,Asia Pacific,China,Electronics,Phones,Consumer,2,798.34,497.55,300.79
2023-04-12,Asia Pacific,India,Clothing,Shoes,Home Office,4,888.72,361.49,527.23
2022-08-31,North America,Mexico,Electronics,Phones,Home Office,1,185.27,111.37,73.9
2023-08-17,Asia Pacific,South Korea,Electronics,Audio,Corporate,4,814.44,541.02,273.42
2024-08-28,Europe,Italy,Furniture,Tables,Home Office,4,1601.68,1184.9,416.78
2023-08-28,Europe,France,Office Supplies,Paper,Home Office,5,396.35,165.16,231.19
2024-03-18,North America,Canada,Furniture,Storage,Consumer,4,1815.04,1344.19,470.85
2022-10-19,Europe,Germany,Furniture,Storage,Consumer,1,98.87,71.17,27.7
2022-04-22,Latin America,Brazil,Office Supplies,Paper,Corporate,1,106.73,67.48,39.25
2023-11-09,Asia Pacific,Japan,Furniture,Chairs,Corporate,5,221.05,105.53,115.52
2024-09-22,Latin America,Chile,Office Supplies,Pens,Home Office,5,943.0,496.52,446.48
2024-05-27,Europe,United Kingdom,Office Supplies,Pens,Consumer,4,582.28,316.64,265.64
2023-11-11,Latin America,Colombia,Clothing,Outerwear,Corporate,4,1121.28,527.35,593.93
2022-06-17,Asia Pacific,Japan,Furniture,Storage,Home Office,1,366.44,277.34,89.1
2024-11-04,North America,Mexico,Clothing,Pants,Consumer,5,688.5,521.6,166.9
2024-08-24,Europe,France,Clothing,Pants,Home Office,3,226.8,136.18,90.62
2022-07-05,Latin America,Chile,Electronics,Computers,Home Office,2,762.06,347.61,414.45
2022-11-23,Europe,Italy,Furniture,Desks,Corporate,1,117.22,69.75,47.47
2022-05-09,Asia Pacific,Australia,Furniture,Chairs,Home Office,2,527.52,378.01,149.51
2024-03-05,Latin America,Colombia,Electronics,Phones,Home Office,3,181.74,143.1,38.64
2023-07-15,Asia Pacific,South Korea,Furniture,Desks,Home Office,4,756.0,499.97,256.03
2022-06-09,Asia Pacific,India,Furniture,Desks,Corporate,3,745.68,442.07,303.61
2022-01-14,Europe,Spain,Furniture,Tables,Consumer,5,1626.5,788.21,838.29
2023-01-18,Europe,France,Electronics,Computers,Corporate,3,1088.79,645.22,443.57
2024-09-07,Latin America,Argentina,Furniture,Desks,Consumer,2,62.28,39.2,23.08
2022-11-26,Europe,Italy,Electronics,Computers,Consumer,2,273.1,128.91,144.19
2024-04-10,North America,Mexico,Office Supplies,Paper,Consumer,4,1228.8,723.23,505.57
2024-09-13,Europe,Germany,Clothing,Pants,Home Office,2,630.74,381.17,249.57
2022-12-10,Asia Pacific,India,Electronics,Computers,Corporate,4,299.12,121.63,177.49
2024-12-06,Latin America,Argentina,Electronics,Computers,Corporate,5,1519.55,1141.34,378.21
2024-12-24,North America,United States,Clothing,Pants,Home Office,5,2077.45,1576.34,501.11
2024-06-02,Latin America,Chile,Electronics,Accessories,Consumer,4,1587.52,877.1,710.42
2022-07-20,Latin America,Argentina,Office Supplies,Labels,Consumer,1,148.8,111.71,37.09
2024-04-16,Asia Pacific,Japan,Electronics,Phones,Home Office,5,338.7,136.45,202.25
2023-02-25,Asia Pacific,India,Office Supplies,Paper,Consumer,4,1317.08,660.45,656.63
2024-05-17,Asia Pacific,South Korea,Office Supplies,Labels,Consumer,4,1122.12,699.11,423.01
2023-01-02,Asia Pacific,South Korea,Clothing,Outerwear,Corporate,5,893.65,609.65,284.0
2022-10-10,North America,Mexico,Furniture,Desks,Home Office,2,118.28,71.36,46.92
2023-11-25,North America,United States,Clothing,Shirts,Consumer,2,482.24,308.68,173.56
2022-06-30,North America,Canada,Furniture,Storage,Consumer,5,142.5,78.91,63.59
2024-03-31,Asia Pacific,South Korea,Electronics,Computers,Home Office,4,900.4,432.81,467.59
2024-11-27,Asia Pacific,Japan,Electronics,Computers,Home Office,2,680.54,370.14,310.4
2022-01-01,Europe,United Kingdom,Office Supplies,Labels,Corporate,4,834.68,400.75,433.93
2022-02-01,North America,United States,Office Supplies,Binders,Corporate,3,362.64,284.75,77.89
2024-07-20,Latin America,Brazil,Office Supplies,Pens,Corporate,5,310.85,133.34,177.51
2023-08-26,Asia Pacific,China,Office Supplies,Binders,Home Office,4,1933.48,1208.94,724.54
2023-05-14,Asia Pacific,India,Clothing,Shirts,Corporate,1,136.33,75.4,60.93
2023-03-28,Europe,France,Clothing,Outerwear,Home Office,5,73.8,54.09,19.71
2023-05-24,Asia Pacific,China,Clothing,Outerwear,Consumer,5,2331.9,1377.27,954.63
2023-12-26,Europe,Italy,Office Supplies,Pens,Home Office,2,509.02,244.26,264.76
2023-05-11,Asia Pacific,Japan,Furniture,Tables,Consumer,5,922.25,656.25,266.0
2022-09-03,North America,Mexico,Clothing,Shirts,Home Office,1,425.53,233.39,192.14
2023-10-08,Latin America,Chile,Clothing,Pants,Home Office,3,614.88,430.46,184.42
2022-09-20,North America,Mexico,Clothing,Shoes,Home Office,1,256.21,142.83,113.38
2022-12-24,Latin America,Brazil,Clothing,Outerwear,Home Office,1,15.79,7.65,8.14
2022-07-26,Asia Pacific,Australia,Office Supplies,Pens,Home Office,3,378.6,222.82,155.78
2023-12-04,Asia Pacific,Japan,Clothing,Shoes,Consumer,4,1413.4,775.85,637.55
2024-03-31,Asia Pacific,India,Furniture,Tables,Home Office,2,817.9,562.98,254.92
2023-04-28,Latin America,Colombia,Furniture,Tables,Home Office,2,483.52,195.29,288.23
2024-05-13,Latin America,Argentina,Office Supplies,Labels,Corporate,3,856.35,537.05,319.3
2024-03-26,North America,Mexico,Furniture,Chairs,Consumer,3,730.5,476.25,254.25
2024-07-10,Asia Pacific,Australia,Office Supplies,Binders,Home Office,5,2333.0,1173.7,1159.3
2022-02-10,Latin America,Brazil,Office Supplies,Pens,Home Office,5,1642.15,1010.54,631.61
2023-08-06,Asia Pacific,Australia,Clothing,Shoes,Consumer,4,1242.8,727.66,515.14
2022-10-24,Europe,France,Clothing,Shoes,Consumer,1,89.38,43.91,45.47
2023-10-11,Asia Pacific,Australia,Clothing,Outerwear,Corporate,3,1129.41,687.1,442.31
2024-07-11,Latin America,Argentina,Furniture,Chairs,Consumer,2,668.78,519.09,149.69
2022-06-13,Europe,Germany,Clothing,Shirts,Consumer,1,469.03,276.39,192.64
2022-04-21,North America,Canada,Electronics,Phones,Corporate,5,430.4,284.9,145.5
2024-03-09,Asia Pacific,Japan,Furniture,Storage,Corporate,2,148.66,109.33,39.33
2022-02-28,North America,Mexico,Office Supplies,Binders,Corporate,4,1950.96,1202.25,748.71
2023-07-12,Latin America,Argentina,Furniture,Desks,Home Office,5,1115.7,731.8,383.9
2024-12-29,Asia Pacific,Australia,Clothing,Pants,Consumer,4,643.44,363.47,279.97
2022-11-15,Asia Pacific,China,Electronics,Computers,Corporate,3,719.73,290.29,429.44
2024-10-04,Latin America,Chile,Electronics,Accessories,Corporate,5,616.5,248.38,368.12
2024-02-05,Europe,Spain,Clothing,Shoes,Consumer,2,720.64,474.47,246.17
2024-02-14,Europe,France,Electronics,Accessories,Home Office,2,526.28,378.91,147.37
2023-07-11,Asia Pacific,South Korea,Office Supplies,Labels,Consumer,1,99.38,51.26,48.12
2024-07-21,Latin America,Chile,Clothing,Pants,Corporate,1,84.55,66.62,17.93
2022-02-15,Europe,United Kingdom,Office Supplies,Binders,Consumer,4,1465.12,722.49,742.63
2022-11-05,North America,Canada,Furniture,Storage,Corporate,3,1185.03,710.26,474.77
2024-01-31,Latin America,Brazil,Office Supplies,Paper,Consumer,1,140.59,78.3,62.29
2024-08-20,Europe,Germany,Office Supplies,Labels,Consumer,1,487.55,334.4,153.15
2024-02-28,Latin America,Argentina,Electronics,Computers,Corporate,1,265.36,210.39,54.97
2024-08-26,Latin America,Chile,Office Supplies,Pens,Home Office,1,374.92,232.39,142.53
2022-09-08,Asia Pacific,India,Office Supplies,Pens,Corporate,1,433.19,211.01,222.18
2022-08-20,Europe,Spain,Office Supplies,Paper,Consumer,3,889.5,496.63,392.87
2023-05-13,North America,United States,Clothing,Pants,Corporate,1,131.87,79.12,52.75
2023-11-25,North America,United States,Office Supplies,Pens,Home Office,5,1989.1,895.75,1093.35
2023-04-22,Asia Pacific,South Korea,Office Supplies,Labels,Home Office,2,40.92,22.55,18.37
2022-10-03,Asia Pacific,China,Clothing,Shoes,Home Office,3,827.82,493.41,334.41
2023-01-18,Asia Pacific,Australia,Clothing,Outerwear,Home Office,5,442.85,271.23,171.62
2024-07-09,Asia Pacific,Australia,Office Supplies,Labels,Consumer,5,978.65,464.09,514.56
2022-02-08,Asia Pacific,South Korea,Furniture,Storage,Home Office,1,332.56,204.72,127.84
2024-03-04,Europe,Italy,Clothing,Pants,Home Office,3,504.21,330.94,173.27
2022-08-15,North America,Mexico,Electronics,Phones,Consumer,2,876.02,421.22,454.8
2024-09-21,Europe,United Kingdom,Electronics,Accessories,Home Office,4,1070.6,728.57,342.03
2023-06-09,North America,Canada,Furniture,Chairs,Consumer,2,662.64,511.13,151.51
2022-06-13,Latin America,Brazil,Office Supplies,Labels,Corporate,1,413.59,209.41,204.18
2022-03-25,North America,Canada,Electronics,Computers,Home Office,1,59.6,29.35,30.25
2024-02-29,Europe,Germany,Furniture,Tables,Home Office,5,1067.2,471.92,595.28
2024-01-04,Latin America,Colombia,Electronics,Computers,Consumer,5,1033.8,553.09,480.71
2022-11-20,Latin America,Chile,Office Supplies,Binders,Corporate,4,1537.8,879.98,657.82
2023-10-25,Europe,Italy,Furniture,Desks,Home Office,3,559.2,324.87,234.33
2024-03-24,North America,Mexico,Electronics,Audio,Home Office,1,263.63,210.21,53.42
2023-09-11,North America,Canada,Furniture,Tables,Corporate,1,388.05,301.65,86.4
2023-07-20,Europe,United Kingdom,Electronics,Accessories,Corporate,2,155.64,85.11,70.53
2023-05-27,Europe,France,Office Supplies,Paper,Home Office,4,1155.36,562.63,592.73
2022-06-08,Asia Pacific,India,Furniture,Desks,Home Office,5,2057.8,901.62,1156.18
2023-09-08,North America,Mexico,Clothing,Shirts,Consumer,3,541.47,393.57,147.9
2024-05-03,North America,United States,Electronics,Accessories,Consumer,3,800.85,422.63,378.22
2022-11-03,Asia Pacific,South Korea,Furniture,Tables,Consumer,4,1943.24,1362.48,580.76
2024-10-30,North America,United States,Clothing,Outerwear,Corporate,2,149.54,64.75,84.79
2022-04-11,Latin America,Chile,Electronics,Accessories,Home Office,4,1556.68,703.85,852.83
2022-10-04,Latin America,Argentina,Clothing,Shoes,Home Office,5,530.45,342.88,187.57
2024-12-09,Europe,Germany,Electronics,Audio,Corporate,3,1036.56,653.45,383.11
2022-08-19,Latin America,Colombia,Office Supplies,Binders,Consumer,3,536.46,355.22,181.24
2023-09-17,Europe,France,Clothing,Pants,Corporate,1,462.86,228.37,234.49
2024-02-05,Europe,United Kingdom,Electronics,Phones,Consumer,5,2320.5,1734.58,585.92
2023-08-13,North America,Canada,Electronics,Audio,Corporate,4,84.6,40.91,43.69
2023-03-10,Europe,Italy,Office Supplies,Labels,Home Office,2,701.16,467.89,233.27
2024-02-11,North America,Canada,Furniture,Chairs,Corporate,2,793.4,513.48,279.92
2022-04-19,Latin America,Brazil,Electronics,Accessories,Home Office,3,1004.58,768.65,235.93
2024-01-08,North America,United States,Office Supplies,Labels,Consumer,4,1036.72,708.99,327.73
2023-10-09,Latin America,Brazil,Furniture,Tables,Home Office,4,1138.96,780.17,358.79
2022-03-23,Europe,Italy,Office Supplies,Binders,Corporate,4,1499.0,610.62,888.38
2023-12-22,Asia Pacific,Australia,Furniture,Storage,Consumer,3,1321.65,999.38,322.27
2022-03-02,Asia Pacific,Japan,Furniture,Storage,Corporate,2,106.04,58.63,47.41
2023-04-11,Latin America,Argentina,Furniture,Desks,Corporate,5,856.75,528.52,328.23
2023-02-28,Europe,Italy,Furniture,Tables,Corporate,5,2278.45,1303.33,975.12
2022-10-25,Europe,France,Electronics,Phones,Consumer,3,1264.11,579.23,684.88
2022-03-02,Asia Pacific,India,Clothing,Outerwear,Corporate,3,253.38,120.4,132.98
2022-09-27,Europe,United Kingdom,Office Supplies,Pens,Home Office,2,246.3,101.09,145.21
2022-06-12,Latin America,Argentina,Clothing,Outerwear,Consumer,4,1003.24,456.48,546.76
2023-01-31,Europe,United Kingdom,Clothing,Shirts,Corporate,4,476.2,318.36,157.84
2023-02-20,Europe,United Kingdom,Furniture,Desks,Home Office,4,1388.2,1036.58,351.62
2023-05-21,Latin America,Colombia,Electronics,Accessories,Home Office,3,609.39,472.68,136.71
2024-12-11,North America,Mexico,Electronics,Accessories,Corporate,1,440.11,219.3,220.81
2024-03-21,North America,Mexico,Clothing,Shirts,Consumer,3,676.14,509.65,166.49
2023-08-09,Latin America,Argentina,Clothing,Outerwear,Home Office,1,348.08,265.05,83.03
2024-08-07,Latin America,Brazil,Electronics,Computers,Home Office,5,381.5,215.71,165.79
2024-07-12,North America,United States,Clothing,Pants,Corporate,1,132.54,89.69,42.85
2022-12-02,North America,United States,Electronics,Accessories,Home Office,3,155.4,106.12,49.28
2024-11-13,Europe,Spain,Clothing,Shirts,Consumer,3,861.27,571.72,289.55
2022-11-04,Europe,Germany,Furniture,Chairs,Corporate,3,484.98,343.1,141.88
2024-07-02,Asia Pacific,Japan,Electronics,Computers,Consumer,1,315.05,157.92,157.13
2024-07-28,Latin America,Colombia,Electronics,Accessories,Consumer,2,597.08,352.45,244.63
2024-04-19,Latin America,Brazil,Electronics,Computers,Home Office,3,941.07,586.3,354.77
2023-03-02,North America,United States,Furniture,Chairs,Home Office,3,83.97,62.27,21.7
2023-09-04,Asia Pacific,China,Electronics,Phones,Corporate,2,178.1,91.5,86.6
2022-12-30,Latin America,Chile,Electronics,Phones,Corporate,3,571.8,315.39,256.41
2022-05-19,Latin America,Brazil,Office Supplies,Labels,Consumer,1,350.36,178.6,171.76
2024-12-15,Latin America,Argentina,Furniture,Chairs,Consumer,5,1837.85,1197.53,640.32
2022-06-29,Latin America,Chile,Clothing,Outerwear,Corporate,5,1459.1,947.39,511.71
2022-09-23,Latin America,Colombia,Clothing,Pants,Home Office,2,714.42,565.61,148.81
2022-01-04,North America,United States,Clothing,Shirts,Home Office,2,803.58,642.54,161.04
2024-04-27,North America,Canada,Office Supplies,Pens,Consumer,2,696.22,349.34,346.88
2022-05-19,Asia Pacific,Australia,Office Supplies,Paper,Consumer,3,531.81,366.82,164.99
2022-03-01,Europe,Germany,Office Supplies,Binders,Home Office,4,1835.68,1319.67,516.01
2022-10-06,Latin America,Argentina,Clothing,Outerwear,Corporate,4,1858.48,785.04,1073.44
2024-12-03,Asia Pacific,South Korea,Office Supplies,Paper,Consumer,5,1729.45,1244.88,484.57
2023-12-26,North America,United States,Office Supplies,Paper,Corporate,4,1267.96,934.44,333.52
2024-03-08,Europe,Italy,Electronics,Audio,Home Office,3,1073.46,545.96,527.5
2022-06-27,Latin America,Argentina,Office Supplies,Labels,Corporate,2,534.6,251.26,283.34
2024-02-06,North America,United States,Electronics,Accessories,Home Office,1,401.52,305.95,95.57
2022-11-12,Europe,France,Clothing,Outerwear,Corporate,2,774.1,340.06,434.04
2024-11-23,Europe,Germany,Electronics,Accessories,Corporate,5,333.8,175.04,158.76
2022-04-01,North America,Canada,Clothing,Shirts,Consumer,5,1927.15,1345.58,581.57
2022-02-16,Asia Pacific,Japan,Office Supplies,Pens,Consumer,3,436.68,230.42,206.26
2024-06-22,North America,Canada,Furniture,Tables,Corporate,1,17.48,11.35,6.13
2024-11-18,North America,United States,Office Supplies,Binders,Corporate,2,944.42,681.49,262.93
2023-05-17,Europe,United Kingdom,Office Supplies,Binders,Home Office,4,139.44,57.39,82.05
2022-04-14,North America,Canada,Electronics,Phones,Corporate,4,390.8,249.51,141.29
2024-07-02,Asia Pacific,Australia,Office Supplies,Pens,Home Office,5,242.45,186.47,55.98
2024-08-11,Europe,United Kingdom,Clothing,Shirts,Corporate,3,1036.17,708.83,327.34
2024-08-11,Latin America,Argentina,Furniture,Tables,Home Office,3,1371.9,763.92,607.98
2023-11-08,Asia Pacific,India,Clothing,Shirts,Consumer,4,261.24,154.51,106.73
2022-12-16,Asia Pacific,Australia,Furniture,Chairs,Corporate,1,169.68,111.95,57.73
2023-09-11,Latin America,Colombia,Clothing,Pants,Home Office,2,557.0,439.78,117.22
2024-02-26,North America,Canada,Furniture,Desks,Corporate,5,1978.95,1222.62,756.33
2023-04-29,Europe,United Kingdom,Clothing,Shirts,Home Office,5,1184.15,736.58,447.57
2024-06-30,Europe,France,Clothing,Shirts,Home Office,1,345.9,220.88,125.02
2024-02-16,Asia Pacific,India,Electronics,Phones,Consumer,2,889.52,677.19,212.33
2022-01-01,Europe,Germany,Clothing,Outerwear,Corporate,5,1465.95,701.11,764.84
2023-10-11,Asia Pacific,South Korea,Office Supplies,Labels,Home Office,3,1485.72,940.6,545.12
2024-11-11,Latin America,Argentina,Office Supplies,Paper,Corporate,5,2421.35,969.36,1451.99
2024-01-06,North America,Canada,Electronics,Computers,Corporate,5,1015.95,535.66,480.29
2024-02-23,Latin America,Colombia,Clothing,Pants,Home Office,2,485.38,230.7,254.68
2024-02-27,Asia Pacific,India,Furniture,Storage,Home Office,2,151.6,64.99,86.61
2022-02-02,Europe,Spain,Clothing,Pants,Consumer,2,649.4,367.78,281.62
2024-07-22,Latin America,Argentina,Clothing,Shoes,Home Office,4,794.04,389.31,404.73
2024-05-19,North America,Mexico,Clothing,Pants,Home Office,5,709.65,546.87,162.78
2024-01-22,North America,United States,Clothing,Outerwear,Consumer,5,1229.75,831.56,398.19
2022-10-18,Asia Pacific,India,Electronics,Phones,Consumer,4,1276.08,849.22,426.86
2022-06-09,Asia Pacific,South Korea,Electronics,Audio,Home Office,1,239.75,145.06,94.69
2024-08-18,Asia Pacific,India,Office Supplies,Binders,Corporate,2,54.62,42.01,12.61
2023-09-15,Asia Pacific,China,Clothing,Pants,Home Office,1,331.6,171.34,160.26
2022-02-25,Asia Pacific,India,Electronics,Computers,Home Office,1,427.21,218.36,208.85
2022-09-29,Asia Pacific,Australia,Office Supplies,Paper,Home Office,1,305.87,233.7,72.17
2022-11-06,Latin America,Chile,Furniture,Storage,Home Office,2,495.22,356.43,138.79
2022-03-09,Asia Pacific,China,Furniture,Tables,Corporate,4,1549.92,767.49,782.43
2024-06-20,Europe,Germany,Office Supplies,Paper,Home Office,3,1140.57,509.15,631.42
2022-12-10,Latin America,Colombia,Clothing,Outerwear,Corporate,5,622.45,419.16,203.29
2024-03-09,Latin America,Chile,Furniture,Desks,Consumer,3,1393.02,807.29,585.73
2023-10-09,North America,United States,Office Supplies,Labels,Home Office,3,522.39,264.77,257.62
2022-07-21,Asia Pacific,South Korea,Clothing,Shoes,Home Office,2,739.62,470.02,269.6
2023-02-04,Asia Pacific,Japan,Office Supplies,Paper,Home Office,1,417.53,169.01,248.52
2022-07-20,North America,Mexico,Clothing,Outerwear,Consumer,3,400.29,165.57,234.72
2022-07-08,North America,Mexico,Furniture,Chairs,Home Office,1,52.33,33.59,18.74
2024-02-09,Europe,United Kingdom,Furniture,Storage,Corporate,4,1334.52,574.22,760.3
2024-07-17,Asia Pacific,India,Office Supplies,Binders,Consumer,1,145.87,61.99,83.88
2024-03-06,Asia Pacific,China,Office Supplies,Binders,Consumer,4,176.04,139.38,36.66
2023-02-15,Latin America,Argentina,Clothing,Shirts,Consumer,5,1933.35,942.23,991.12
2022-08-06,Latin America,Chile,Electronics,Phones,Consumer,1,289.96,145.05,144.91
2024-07-02,North America,Canada,Furniture,Chairs,Consumer,4,562.2,382.31,179.89
2024-03-12,North America,Mexico,Clothing,Shoes,Corporate,4,1694.32,1206.99,487.33
2022-05-24,Europe,United Kingdom,Clothing,Shoes,Consumer,5,1361.5,1084.63,276.87
2023-11-14,Asia Pacific,India,Electronics,Phones,Corporate,5,2140.7,1147.47,993.23
2024-07-30,Asia Pacific,Japan,Furniture,Chairs,Corporate,2,312.9,173.99,138.91
2022-08-07,Asia Pacific,India,Electronics,Accessories,Home Office,2,157.14,74.99,82.15
2023-05-04,Latin America,Colombia,Electronics,Audio,Corporate,5,2414.15,1749.56,664.59
2022-02-03,North America,Canada,Electronics,Audio,Home Office,1,208.7,101.15,107.55
2024-12-07,Latin America,Argentina,Furniture,Chairs,Consumer,2,499.12,203.45,295.67
2022-04-04,Europe,Germany,Electronics,Computers,Home Office,1,453.28,330.12,123.16
2022-07-19,Latin America,Argentina,Electronics,Phones,Consumer,4,1206.16,779.48,426.68
2022-05-10,Europe,Spain,Office Supplies,Labels,Corporate,1,488.17,307.74,180.43
2022-10-09,Asia Pacific,Japan,Electronics,Computers,Corporate,1,69.17,31.58,37.59
2024-04-30,Europe,France,Furniture,Desks,Consumer,5,149.7,65.87,83.83
2024-02-10,Europe,United Kingdom,Clothing,Shirts,Consumer,1,97.91,42.66,55.25
2023-08-05,Latin America,Colombia,Furniture,Tables,Consumer,3,798.93,451.25,347.68
2022-12-24,North America,Mexico,Furniture,Desks,Home Office,1,317.32,226.26,91.06
2023-12-14,Latin America,Brazil,Furniture,Tables,Consumer,5,2443.15,1582.11,861.04
2024-11-05,Europe,Spain,Furniture,Storage,Consumer,2,130.42,59.95,70.47
2024-08-29,Latin America,Argentina,Furniture,Chairs,Consumer,3,449.04,257.69,191.35
2023-11-16,Latin America,Brazil,Electronics,Phones,Home Office,2,174.88,71.99,102.89
2024-11-20,North America,United States,Furniture,Desks,Home Office,5,848.65,406.93,441.72
2023-10-30,Europe,United Kingdom,Office Supplies,Pens,Consumer,2,743.0,555.73,187.27
2024-02-09,Europe,United Kingdom,Clothing,Shoes,Consumer,4,324.08,249.92,74.16
2024-07-20,Europe,Spain,Office Supplies,Pens,Corporate,2,639.38,505.25,134.13
2023-02-19,Asia Pacific,Japan,Electronics,Phones,Corporate,2,128.88,75.55,53.33
2024-05-06,Europe,France,Furniture,Storage,Home Office,2,793.76,520.07,273.69
2022-12-15,Europe,United Kingdom,Clothing,Shoes,Consumer,5,1210.05,708.01,502.04
2022-01-30,Latin America,Argentina,Furniture,Storage,Corporate,5,594.9,458.66,136.24
2022-11-02,North America,Canada,Electronics,Phones,Corporate,5,132.35,81.06,51.29
2024-09-08,North America,Canada,Clothing,Pants,Consumer,5,1895.05,1283.45,611.6
2024-04-12,Europe,Germany,Office Supplies,Binders,Consumer,1,17.81,11.89,5.92
2022-11-28,Latin America,Brazil,Clothing,Shoes,Consumer,4,402.48,301.3,101.18
2024-08-08,North America,Mexico,Electronics,Accessories,Home Office,3,810.45,420.33,390.12
2023-07-07,Europe,United Kingdom,Office Supplies,Paper,Home Office,3,1335.33,593.4,741.93
2024-01-19,Latin America,Brazil,Office Supplies,Binders,Consumer,5,1776.95,1109.36,667.59
2023-02-24,Europe,France,Furniture,Chairs,Home Office,4,1485.28,1041.05,444.23
2023-03-06,Europe,France,Office Supplies,Binders,Home Office,4,583.2,248.06,335.14
2023-12-09,Latin America,Colombia,Electronics,Accessories,Home Office,5,1711.85,1049.61,662.24
2023-08-22,Latin America,Chile,Electronics,Computers,Corporate,1,49.28,37.41,11.87
2023-08-14,North America,United States,Furniture,Storage,Consumer,2,506.4,379.8,126.6
2024-12-02,North America,Canada,Clothing,Pants,Corporate,3,647.58,450.12,197.46
2022-02-13,Asia Pacific,Japan,Electronics,Phones,Consumer,5,1629.45,920.11,709.34
2023-12-04,Asia Pacific,India,Clothing,Shoes,Corporate,5,373.3,267.19,106.11
2022-12-18,Asia Pacific,Japan,Clothing,Outerwear,Corporate,1,82.69,42.48,40.21
2022-12-07,Europe,Italy,Office Supplies,Pens,Consumer,2,178.02,79.53,98.49
2023-10-11,Europe,Spain,Office Supplies,Binders,Consumer,2,571.24,236.42,334.82
2023-10-12,Asia Pacific,Japan,Office Supplies,Labels,Home Office,2,542.98,243.58,299.4
2022-02-21,Latin America,Colombia,Furniture,Desks,Corporate,2,24.2,16.83,7.37
2024-11-05,Asia Pacific,Australia,Clothing,Outerwear,Home Office,2,803.58,555.61,247.97
2024-06-24,Asia Pacific,China,Clothing,Shirts,Consumer,5,336.35,137.88,198.47
2023-03-28,Latin America,Chile,Electronics,Audio,Consumer,5,1621.2,1026.82,594.38
2023-03-31,Asia Pacific,Japan,Electronics,Phones,Home Office,4,1367.04,1070.46,296.58
2024-11-14,Latin America,Argentina,Clothing,Outerwear,Home Office,5,1303.3,550.54,752.76
2024-01-10,Latin America,Argentina,Clothing,Outerwear,Corporate,3,47.91,25.77,22.14
2023-09-23,Latin America,Brazil,Furniture,Desks,Home Office,4,1615.24,832.58,782.66
2024-05-18,Latin America,Argentina,Electronics,Computers,Consumer,3,727.68,543.58,184.1
2023-11-18,North America,Mexico,Clothing,Shirts,Consumer,4,1292.04,658.08,633.96
2022-12-25,Latin America,Argentina,Furniture,Tables,Corporate,3,844.17,351.93,492.24
2023-09-11,Asia Pacific,India,Clothing,Pants,Consumer,1,85.47,44.45,41.02
2024-08-25,North America,Mexico,Office Supplies,Labels,Consumer,4,1817.32,1195.64,621.68
2022-02-28,North America,Canada,Clothing,Shirts,Home Office,3,884.16,553.69,330.47
2023-06-13,Latin America,Brazil,Office Supplies,Paper,Corporate,2,590.02,270.5,319.52
2024-08-02,Europe,France,Furniture,Chairs,Corporate,3,646.68,494.61,152.07
2023-12-31,North America,Canada,Office Supplies,Paper,Home Office,2,771.12,364.97,406.15
2022-07-13,Europe,Italy,Office Supplies,Binders,Home Office,3,429.03,291.39,137.64
2024-01-13,North America,Mexico,Office Supplies,Pens,Consumer,2,527.8,289.87,237.93
2024-09-20,Latin America,Chile,Furniture,Chairs,Consumer,2,513.32,376.07,137.25
2024-12-12,North America,Canada,Clothing,Shirts,Consumer,2,924.94,547.39,377.55
2023-10-01,Asia Pacific,Japan,Clothing,Outerwear,Consumer,3,72.27,52.46,19.81
2023-04-01,Europe,Germany,Furniture,Storage,Consumer,2,147.62,63.69,83.93
2022-08-17,North America,United States,Clothing,Shoes,Consumer,2,125.66,90.13,35.53
2024-11-17,North America,Canada,Electronics,Audio,Consumer,1,157.81,63.77,94.04
2022-07-17,North America,Mexico,Furniture,Tables,Consumer,3,73.02,33.46,39.56
2023-07-23,Asia Pacific,Australia,Furniture,Tables,Home Office,5,217.45,158.27,59.18
2022-01-29,Europe,Germany,Office Supplies,Pens,Home Office,1,487.05,214.05,273.0
2023-03-15,Latin America,Chile,Furniture,Desks,Home Office,1,98.62,53.45,45.17
2024-02-17,Latin America,Argentina,Furniture,Desks,Consumer,3,211.71,94.03,117.68
2022-10-06,Latin America,Chile,Office Supplies,Paper,Consumer,3,755.76,418.62,337.14
2024-07-24,Asia Pacific,India,Furniture,Desks,Corporate,4,410.0,175.42,234.58
2024-09-01,Asia Pacific,Japan,Electronics,Accessories,Home Office,1,204.22,124.38,79.84
2022-06-24,North America,United States,Clothing,Shoes,Home Office,5,2445.05,1703.16,741.89
2022-12-12,North America,Canada,Furniture,Storage,Consumer,5,2117.85,1189.63,928.22
2023-04-22,Latin America,Colombia,Office Supplies,Binders,Home Office,4,737.96,491.98,245.98
2024-04-08,Latin America,Chile,Furniture,Desks,Consumer,1,132.84,79.56,53.28
2022-10-03,North America,United States,Electronics,Phones,Corporate,1,486.32,268.96,217.36
2023-11-01,Europe,France,Electronics,Phones,Home Office,5,1930.55,1384.38,546.17
2023-02-18,Asia Pacific,India,Clothing,Outerwear,Home Office,3,1219.95,751.75,468.2
2022-02-06,North America,Canada,Electronics,Accessories,Corporate,3,1283.73,740.74,542.99
2022-03-15,North America,United States,Office Supplies,Pens,Corporate,4,303.6,208.36,95.24
2024-09-25,North America,Mexico,Clothing,Shoes,Corporate,5,2143.15,1291.62,851.53
2024-03-12,Asia Pacific,India,Clothing,Outerwear,Corporate,3,120.3,76.53,43.77
2022-09-20,Asia Pacific,Australia,Electronics,Audio,Corporate,1,219.79,175.12,44.67
2024-04-23,Asia Pacific,China,Furniture,Tables,Consumer,3,901.02,688.52,212.5
2022-05-15,Asia Pacific,China,Office Supplies,Pens,Consumer,5,849.0,496.12,352.88
2024-05-15,Latin America,Chile,Electronics,Accessories,Home Office,1,493.02,271.7,221.32
2024-03-10,Asia Pacific,South Korea,Electronics,Accessories,Consumer,2,349.24,209.93,139.31
2023-11-27,Europe,Italy,Office Supplies,Binders,Corporate,2,507.02,374.65,132.37
2022-06-04,Europe,France,Office Supplies,Paper,Corporate,5,1034.95,507.49,527.46
2022-07-08,North America,Mexico,Office Supplies,Binders,Consumer,5,2012.9,1187.83,825.07
2023-03-06,Asia Pacific,China,Office Supplies,Binders,Corporate,5,817.7,462.59,355.11
2023-05-30,Latin America,Argentina,Electronics,Computers,Home Office,4,457.4,358.99,98.41
2024-08-15,Asia Pacific,South Korea,Clothing,Shirts,Home Office,2,376.98,173.07,203.91
2022-11-05,Asia Pacific,India,Clothing,Outerwear,Consumer,2,849.04,430.27,418.77
2023-08-11,Europe,France,Furniture,Desks,Consumer,1,83.48,34.32,49.16
2023-09-28,Latin America,Colombia,Clothing,Shoes,Home Office,1,108.98,55.48,53.5
2022-03-01,Asia Pacific,Australia,Furniture,Chairs,Home Office,4,1573.16,664.08,909.08
2022-06-21,Asia Pacific,South Korea,Office Supplies,Paper,Corporate,3,1017.36,767.38,249.98
2024-03-23,Europe,Germany,Electronics,Phones,Home Office,5,2376.7,1836.29,540.41
2023-05-31,Latin America,Brazil,Furniture,Chairs,Corporate,3,1253.52,871.06,382.46
2023-04-29,Latin America,Argentina,Furniture,Chairs,Consumer,2,970.52,558.82,411.7
2023-06-05,North America,Canada,Office Supplies,Paper,Corporate,5,1088.25,732.5,355.75
2023-07-23,Europe,France,Clothing,Outerwear,Corporate,1,326.24,248.62,77.62
2022-03-13,North America,Mexico,Furniture,Storage,Home Office,4,646.16,506.2,139.96
2024-01-14,North America,Mexico,Furniture,Desks,Corporate,1,455.8,253.97,201.83
2023-06-08,Asia Pacific,China,Furniture,Storage,Consumer,2,917.58,598.76,318.82
2024-04-12,North America,Canada,Electronics,Accessories,Corporate,4,1855.92,989.37,866.55
2024-05-15,North America,United States,Office Supplies,Paper,Corporate,4,1220.16,885.07,335.09
2023-11-01,Latin America,Brazil,Electronics,Computers,Home Office,4,1590.4,722.74,867.66
2024-03-31,Europe,France,Office Supplies,Paper,Consumer,2,264.62,181.38,83.24
2022-09-24,Latin America,Chile,Clothing,Shoes,Home Office,2,275.46,185.93,89.53
2023-11-02,Asia Pacific,Japan,Electronics,Accessories,Corporate,2,405.62,223.47,182.15
2023-04-05,North America,United States,Furniture,Chairs,Corporate,2,276.54,204.84,71.7
2022-04-12,Latin America,Colombia,Office Supplies,Pens,Consumer,3,280.08,175.58,104.5
2022-01-29,Latin America,Colombia,Clothing,Shirts,Consumer,2,206.74,153.97,52.77
2023-06-30,Asia Pacific,India,Clothing,Pants,Corporate,2,608.08,485.3,122.78
2023-08-03,Europe,Spain,Furniture,Desks,Consumer,1,152.19,76.81,75.38
2024-07-12,Europe,France,Clothing,Shirts,Consumer,4,301.08,159.36,141.72
2024-03-25,Europe,Spain,Clothing,Outerwear,Consumer,1,282.93,119.07,163.86
2023-04-26,Latin America,Chile,Electronics,Phones,Corporate,5,1568.15,817.01,751.14
2024-03-19,Asia Pacific,Japan,Electronics,Computers,Corporate,2,513.68,396.63,117.05
2024-08-16,Europe,United Kingdom,Office Supplies,Labels,Consumer,3,201.75,84.26,117.49
2022-09-19,Latin America,Chile,Office Supplies,Labels,Corporate,3,931.02,656.02,275.0
2023-06-25,Asia Pacific,India,Furniture,Storage,Home Office,4,1536.8,707.71,829.09
2024-06-20,North America,United States,Furniture,Chairs,Consumer,2,55.14,27.8,27.34
2024-08-14,Latin America,Brazil,Clothing,Shirts,Corporate,3,1483.56,926.25,557.31
2024-07-26,Latin America,Brazil,Furniture,Chairs,Corporate,1,109.83,56.41,53.42
2022-12-11,Asia Pacific,South Korea,Furniture,Chairs,Home Office,5,492.4,378.24,114.16
2023-05-20,Latin America,Brazil,Office Supplies,Paper,Corporate,1,203.14,129.22,73.92
2022-08-06,Asia Pacific,Japan,Electronics,Phones,Corporate,4,929.96,727.3,202.66
2022-01-12,Asia Pacific,China,Clothing,Outerwear,Home Office,5,366.85,273.42,93.43
2023-08-03,Asia Pacific,China,Electronics,Accessories,Consumer,4,540.12,267.92,272.2
2024-03-27,North America,United States,Furniture,Tables,Corporate,4,598.48,419.55,178.93
2022-11-12,North America,Canada,Clothing,Shoes,Home Office,3,1358.49,871.34,487.15
2024-01-06,North America,Canada,Furniture,Desks,Corporate,4,973.84,608.87,364.97
2024-05-16,North America,Canada,Office Supplies,Pens,Corporate,4,222.16,134.48,87.68
2024-08-07,Europe,Germany,Clothing,Shirts,Corporate,4,897.2,684.46,212.74
2024-09-05,Asia Pacific,Japan,Furniture,Storage,Consumer,5,1097.95,688.87,409.08
2022-06-06,North America,Mexico,Electronics,Accessories,Corporate,1,237.68,163.55,74.13
2023-06-03,Asia Pacific,Australia,Electronics,Phones,Consumer,4,391.92,185.33,206.59
2024-03-15,North America,United States,Clothing,Outerwear,Corporate,5,1824.05,1282.2,541.85
2024-07-10,Asia Pacific,Australia,Furniture,Tables,Consumer,1,376.04,241.28,134.76
2022-08-06,Latin America,Brazil,Electronics,Accessories,Consumer,1,94.15,55.63,38.52
2024-04-09,Latin America,Chile,Office Supplies,Labels,Corporate,1,71.29,28.91,42.38
2022-08-18,North America,Mexico,Furniture,Chairs,Consumer,4,1311.32,865.33,445.99
2024-06-11,Europe,United Kingdom,Office Supplies,Labels,Consumer,4,866.88,387.13,479.75
2022-11-09,Latin America,Colombia,Clothing,Shirts,Corporate,5,644.45,333.78,310.67
2024-03-13,North America,Canada,Electronics,Phones,Home Office,4,1959.8,1449.17,510.63
2023-08-19,North America,Canada,Clothing,Shoes,Home Office,5,1825.3,1412.99,412.31
2024-09-26,Europe,United Kingdom,Electronics,Accessories,Home Office,3,843.3,427.67,415.63
2024-05-04,Latin America,Brazil,Clothing,Outerwear,Corporate,4,80.8,41.63,39.17
2023-01-29,Latin America,Chile,Clothing,Pants,Home Office,2,595.9,401.63,194.27
2024-08-17,Europe,France,Clothing,Shoes,Home Office,3,1200.09,863.95,336.14
2022-11-28,Europe,France,Electronics,Accessories,Consumer,2,215.5,138.42,77.08
2022-07-26,Latin America,Colombia,Office Supplies,Pens,Consumer,5,165.25,67.3,97.95
2023-06-19,Asia Pacific,Japan,Furniture,Chairs,Consumer,3,663.0,428.98,234.02
2022-09-05,Europe,Spain,Office Supplies,Binders,Corporate,1,387.35,241.25,146.1
2022-11-06,North America,Mexico,Electronics,Accessories,Corporate,1,487.58,347.48,140.1
2022-07-28,North America,Mexico,Electronics,Computers,Home Office,1,436.73,333.83,102.9
2022-11-18,Asia Pacific,India,Clothing,Shirts,Consumer,3,521.88,237.51,284.37
2023-02-18,Latin America,Colombia,Electronics,Computers,Corporate,3,451.53,211.54,239.99
2023-06-29,Asia Pacific,India,Office Supplies,Pens,Consumer,5,1083.2,532.15,551.05
2024-05-28,Latin America,Colombia,Clothing,Outerwear,Consumer,4,325.36,131.44,193.92
2024-11-25,North America,United States,Office Supplies,Binders,Corporate,2,445.4,248.22,197.18
2022-03-17,Europe,Italy,Electronics,Audio,Corporate,4,1776.12,1208.32,567.8
2023-09-16,Asia Pacific,Australia,Electronics,Audio,Home Office,5,2305.1,1567.74,737.36
2024-07-02,Europe,Italy,Clothing,Outerwear,Home Office,4,1559.8,1173.58,386.22
2022-06-22,North America,Mexico,Office Supplies,Labels,Home Office,2,530.06,326.68,203.38
2023-03-14,North America,Mexico,Office Supplies,Binders,Home Office,2,42.96,32.48,10.48
2023-06-14,Europe,France,Clothing,Shirts,Home Office,1,422.38,212.84,209.54
2024-11-05,Asia Pacific,China,Electronics,Phones,Corporate,3,871.47,350.41,521.06
2023-11-26,Europe,Italy,Furniture,Storage,Corporate,3,1010.37,733.56,276.81
2022-10-14,Latin America,Argentina,Electronics,Audio,Home Office,5,521.75,371.18,150.57
2024-07-19,North America,United States,Clothing,Shoes,Consumer,1,40.47,30.57,9.9
2024-09-02,Europe,Spain,Electronics,Audio,Home Office,5,1036.75,646.5,390.25
2024-03-19,Asia Pacific,South Korea,Clothing,Shoes,Corporate,4,1474.16,835.51,638.65
2022-11-30,Europe,Italy,Furniture,Desks,Home Office,4,293.6,200.18,93.42
2024-12-19,North America,Mexico,Furniture,Desks,Corporate,1,375.78,292.22,83.56
2024-01-27,North America,Mexico,Clothing,Shirts,Consumer,3,870.48,362.22,508.26
2022-11-10,North America,Canada,Office Supplies,Binders,Corporate,3,744.3,533.28,211.02
2022-10-19,Latin America,Brazil,Office Supplies,Binders,Consumer,2,822.74,489.96,332.78
2022-09-08,Asia Pacific,China,Electronics,Accessories,Corporate,5,808.75,469.84,338.91
2023-11-23,Latin America,Colombia,Furniture,Tables,Home Office,4,1532.88,1022.26,510.62
2022-11-02,Asia Pacific,China,Clothing,Shoes,Consumer,4,704.44,294.69,409.75
2024-06-26,Asia Pacific,China,Furniture,Chairs,Home Office,3,854.73,384.21,470.52
2022-06-24,Europe,Italy,Electronics,Computers,Corporate,5,2247.3,1007.04,1240.26
2024-12-25,Europe,United Kingdom,Office Supplies,Pens,Consumer,5,1138.35,822.76,315.59
2023-10-19,Latin America,Brazil,Clothing,Shirts,Corporate,4,393.8,161.31,232.49
2024-12-17,Asia Pacific,India,Office Supplies,Paper,Consumer,1,275.47,141.63,133.84
2023-01-10,Asia Pacific,China,Furniture,Storage,Corporate,2,77.74,60.98,16.76
2023-01-07,North America,Mexico,Electronics,Audio,Corporate,1,166.82,94.27,72.55
2023-10-26,Asia Pacific,India,Electronics,Phones,Consumer,2,757.1,480.31,276.79
2024-10-06,Latin America,Brazil,Office Supplies,Paper,Corporate,4,1124.12,479.08,645.04
2022-03-01,Latin America,Argentina,Electronics,Audio,Home Office,5,1704.0,849.49,854.51
2022-09-15,Asia Pacific,South Korea,Clothing,Shoes,Consumer,5,548.45,431.72,116.73
2024-02-04,Europe,Germany,Clothing,Shoes,Consumer,1,408.2,320.21,87.99
2023-08-16,Europe,United Kingdom,Electronics,Accessories,Corporate,5,664.7,446.68,218.02
2023-12-21,Europe,Italy,Office Supplies,Paper,Consumer,5,1429.55,743.73,685.82
2024-03-20,North America,United States,Office Supplies,Labels,Consumer,5,1286.8,927.55,359.25
2023-12-03,Asia Pacific,India,Office Supplies,Pens,Home Office,3,532.2,310.76,221.44
2023-11-04,North America,Mexico,Furniture,Chairs,Home Office,4,48.4,19.55,28.85
2022-12-22,Latin America,Colombia,Clothing,Shirts,Home Office,1,273.94,207.38,66.56
2024-06-30,North America,Canada,Clothing,Outerwear,Corporate,2,842.36,610.5,231.86
2022-01-18,North America,Canada,Office Supplies,Pens,Corporate,1,118.55,48.36,70.19
2023-07-30,Asia Pacific,Japan,Electronics,Audio,Home Office,2,249.58,149.13,100.45
2024-01-14,North America,Canada,Clothing,Pants,Consumer,2,984.58,645.27,339.31
2022-08-16,Asia Pacific,South Korea,Clothing,Pants,Home Office,2,666.64,417.51,249.13
2022-12-26,North America,Mexico,Furniture,Chairs,Consumer,3,1402.35,1040.81,361.54
2024-12-07,Asia Pacific,Japan,Electronics,Audio,Home Office,5,2213.6,887.17,1326.43
2024-05-24,North America,Canada,Clothing,Shoes,Corporate,1,343.29,201.39,141.9
2024-01-11,North America,Mexico,Furniture,Chairs,Corporate,4,1083.52,570.47,513.05
2024-03-13,Europe,France,Electronics,Phones,Home Office,2,978.54,557.31,421.23
2022-06-02,Europe,Germany,Furniture,Storage,Corporate,1,316.74,138.95,177.79
2024-09-09,Latin America,Brazil,Office Supplies,Binders,Consumer,1,242.05,189.65,52.4
2022-04-22,Asia Pacific,South Korea,Furniture,Chairs,Home Office,5,1124.4,492.79,631.61
2024-07-03,North America,United States,Electronics,Phones,Corporate,3,1338.42,906.57,431.85
2022-09-19,North America,Canada,Electronics,Audio,Home Office,4,168.96,113.38,55.58
2022-04-17,Asia Pacific,India,Clothing,Shirts,Home Office,4,496.88,317.92,178.96
2022-01-22,Latin America,Colombia,Clothing,Shoes,Home Office,5,298.15,196.89,101.26
2022-02-23,Latin America,Chile,Furniture,Chairs,Consumer,1,301.64,128.81,172.83
2023-02-01,Europe,Italy,Office Supplies,Binders,Corporate,4,1460.28,843.82,616.46
2023-05-13,Europe,United Kingdom,Electronics,Computers,Corporate,5,1117.85,876.28,241.57
2024-01-03,Asia Pacific,South Korea,Furniture,Tables,Corporate,3,916.89,473.51,443.38
2022-01-17,Europe,United Kingdom,Furniture,Chairs,Corporate,3,317.25,152.33,164.92
2023-02-17,North America,Canada,Furniture,Desks,Home Office,4,1215.52,647.21,568.31
2023-11-19,Asia Pacific,India,Office Supplies,Pens,Consumer,4,1757.16,1342.85,414.31
2024-10-12,Europe,United Kingdom,Furniture,Tables,Corporate,5,572.2,338.91,233.29
2023-11-10,Latin America,Argentina,Clothing,Pants,Consumer,3,44.55,24.2,20.35
2022-08-24,Europe,France,Clothing,Pants,Home Office,5,2286.15,1243.58,1042.57
2022-03-02,Europe,Germany,Office Supplies,Pens,Consumer,3,1086.69,582.39,504.3
2023-05-19,Europe,Germany,Electronics,Computers,Corporate,1,20.29,13.61,6.68
2024-02-16,North America,Canada,Furniture,Storage,Corporate,2,382.24,209.83,172.41
2022-12-17,Latin America,Brazil,Electronics,Computers,Consumer,2,207.84,114.58,93.26
2024-02-06,Asia Pacific,South Korea,Clothing,Pants,Consumer,5,1488.95,1104.46,384.49
2023-08-26,Europe,France,Furniture,Chairs,Home Office,3,1313.1,972.48,340.62
2024-09-28,Europe,United Kingdom,Clothing,Shirts,Consumer,5,1000.9,753.65,247.25
2024-11-08,Asia Pacific,India,Clothing,Pants,Corporate,3,802.44,476.1,326.34
2024-10-10,Latin America,Chile,Clothing,Shirts,Consumer,2,896.98,520.99,375.99
2023-04-26,Latin America,Argentina,Office Supplies,Labels,Corporate,5,435.15,320.69,114.46
2023-06-06,North America,United States,Electronics,Audio,Corporate,5,911.35,577.42,333.93
2024-08-10,Asia Pacific,India,Clothing,Shoes,Corporate,4,760.32,455.44,304.88
2023-07-14,Latin America,Brazil,Furniture,Desks,Consumer,3,978.66,532.04,446.62
2022-06-18,Asia Pacific,South Korea,Electronics,Audio,Consumer,1,68.11,37.06,31.05
2023-02-15,Asia Pacific,Japan,Office Supplies,Binders,Corporate,3,310.23,199.05,111.18
2022-10-10,Asia Pacific,China,Office Supplies,Binders,Corporate,4,1893.8,1380.1,513.7
2022-01-25,Latin America,Argentina,Clothing,Pants,Consumer,2,484.94,294.03,190.91
2024-08-17,Latin America,Chile,Electronics,Audio,Consumer,4,1549.44,1052.34,497.1
2023-03-06,Latin America,Colombia,Electronics,Audio,Consumer,5,2190.7,1144.05,1046.65
2022-01-20,Latin America,Chile,Office Supplies,Pens,Corporate,4,1384.08,776.95,607.13
2023-09-06,Asia Pacific,South Korea,Electronics,Phones,Consumer,2,977.7,779.91,197.79
2024-03-11,Latin America,Argentina,Clothing,Shirts,Home Office,4,409.16,181.44,227.72
2024-07-13,Asia Pacific,China,Furniture,Chairs,Home Office,5,485.2,354.48,130.72
2024-09-27,North America,United States,Furniture,Chairs,Corporate,3,332.67,171.8,160.87
2024-12-09,North America,Canada,Electronics,Audio,Home Office,1,94.19,70.07,24.12
2024-04-21,Latin America,Argentina,Electronics,Computers,Home Office,4,977.36,417.83,559.53
2023-02-27,Europe,Germany,Office Supplies,Labels,Home Office,4,351.2,221.27,129.93
2023-09-28,Europe,Italy,Clothing,Outerwear,Consumer,1,495.63,286.62,209.01
2024-03-28,Europe,Italy,Office Supplies,Labels,Corporate,4,1169.24,812.52,356.72
2023-08-13,Latin America,Chile,Office Supplies,Labels,Home Office,2,426.76,201.36,225.4
2024-06-03,Latin America,Colombia,Furniture,Chairs,Corporate,1,127.45,95.36,32.09
2023-07-15,Asia Pacific,China,Furniture,Desks,Corporate,5,347.0,189.98,157.02
2022-08-04,Asia Pacific,India,Clothing,Pants,Corporate,2,515.94,301.76,214.18
2022-05-30,Latin America,Colombia,Office Supplies,Labels,Consumer,4,114.04,57.05,56.99
2022-10-07,Asia Pacific,India,Clothing,Shoes,Consumer,1,278.73,138.51,140.22
2024-06-15,Europe,Spain,Office Supplies,Pens,Consumer,1,307.42,144.76,162.66
2022-09-12,Latin America,Argentina,Electronics,Phones,Home Office,3,255.63,138.87,116.76
2023-03-20,North America,Mexico,Furniture,Desks,Home Office,1,419.89,304.25,115.64
2022-07-30,Latin America,Chile,Clothing,Shirts,Home Office,1,33.85,18.65,15.2
2023-02-18,Europe,France,Furniture,Tables,Consumer,1,216.62,172.37,44.25
2023-11-22,Europe,United Kingdom,Furniture,Chairs,Home Office,2,729.54,304.66,424.88
2024-11-15,North America,Canada,Office Supplies,Pens,Home Office,2,935.64,522.11,413.53
2024-05-26,North America,United States,Furniture,Chairs,Corporate,3,285.21,159.96,125.25
2023-10-10,North America,Canada,Furniture,Desks,Consumer,1,332.4,169.98,162.42
2024-01-26,North America,United States,Furniture,Desks,Corporate,5,1273.95,1014.31,259.64
2022-12-18,Asia Pacific,China,Office Supplies,Labels,Home Office,2,345.4,225.94,119.46
2023-10-14,Latin America,Brazil,Office Supplies,Paper,Home Office,5,1149.85,694.98,454.87
2023-04-22,North America,United States,Electronics,Phones,Corporate,2,743.16,522.37,220.79
2022-06-12,North America,United States,Office Supplies,Labels,Corporate,2,168.64,81.24,87.4
2022-03-19,Europe,Italy,Clothing,Outerwear,Consumer,3,496.77,355.09,141.68
2022-03-23,Latin America,Chile,Electronics,Computers,Home Office,3,533.82,257.48,276.34
2022-04-21,Europe,Germany,Clothing,Outerwear,Consumer,4,1274.36,542.68,731.68
2024-10-03,North America,United States,Electronics,Computers,Consumer,2,109.92,70.02,39.9
2023-02-23,Europe,Italy,Electronics,Accessories,Home Office,4,650.48,447.97,202.51
2023-05-17,Latin America,Argentina,Furniture,Storage,Corporate,5,1148.25,751.23,397.02
2023-07-11,Latin America,Brazil,Office Supplies,Labels,Corporate,2,481.3,273.9,207.4
2024-06-06,Europe,Spain,Electronics,Accessories,Corporate,1,381.84,293.49,88.35
2022-11-09,Europe,France,Clothing,Shoes,Corporate,4,595.12,371.86,223.26
2024-09-11,North America,Canada,Furniture,Desks,Consumer,2,917.8,368.65,549.15
2024-10-22,Asia Pacific,India,Clothing,Shoes,Corporate,3,594.54,311.02,283.52
2022-05-26,Latin America,Brazil,Electronics,Accessories,Home Office,2,210.34,120.84,89.5
2023-06-07,Asia Pacific,South Korea,Clothing,Outerwear,Home Office,1,328.94,253.48,75.46
2023-05-21,Europe,Spain,Electronics,Audio,Home Office,1,351.76,231.51,120.25
2023-06-20,Latin America,Argentina,Office Supplies,Pens,Home Office,5,2381.85,1754.49,627.36
2022-01-26,North America,United States,Clothing,Shoes,Home Office,5,2436.65,1052.97,1383.68
2023-01-22,Latin America,Argentina,Clothing,Outerwear,Home Office,3,765.96,469.75,296.21
2024-02-23,Asia Pacific,India,Electronics,Phones,Home Office,5,1952.9,1050.19,902.71
2022-10-20,Asia Pacific,Japan,Clothing,Outerwear,Consumer,2,820.06,328.54,491.52
2022-05-24,Latin America,Colombia,Office Supplies,Labels,Consumer,2,387.16,263.9,123.26
2023-02-10,Latin America,Argentina,Electronics,Accessories,Home Office,2,201.92,85.53,116.39
2023-01-10,Europe,France,Clothing,Shoes,Home Office,5,317.55,207.86,109.69
2022-06-13,Asia Pacific,China,Clothing,Shirts,Corporate,1,177.65,112.68,64.97
2024-09-05,Latin America,Brazil,Electronics,Phones,Corporate,1,336.01,240.48,95.53
2022-03-27,North America,United States,Electronics,Accessories,Home Office,5,2467.9,1738.75,729.15
2024-09-22,Latin America,Chile,Clothing,Outerwear,Corporate,3,1499.19,1089.52,409.67
2024-01-10,Latin America,Colombia,Electronics,Audio,Corporate,1,11.51,8.61,2.9
2024-04-02,Europe,United Kingdom,Electronics,Audio,Home Office,2,381.06,246.68,134.38
2024-08-31,Latin America,Argentina,Electronics,Audio,Consumer,3,1313.94,1035.17,278.77
2023-10-29,Latin America,Argentina,Clothing,Shoes,Home Office,5,1995.2,1076.08,919.12
2024-09-02,North America,Mexico,Clothing,Outerwear,Home Office,2,717.7,536.8,180.9
2024-10-30,North America,United States,Clothing,Shirts,Corporate,5,2468.7,1448.44,1020.26
2024-07-02,North America,Canada,Furniture,Tables,Consumer,2,758.18,503.35,254.83
2022-07-03,North America,Canada,Electronics,Computers,Corporate,4,1541.96,752.71,789.25
2023-06-12,Latin America,Brazil,Furniture,Desks,Consumer,3,1311.75,1013.6,298.15
2022-05-13,Asia Pacific,India,Clothing,Shoes,Consumer,2,273.92,141.45,132.47
2022-08-17,North America,Canada,Furniture,Chairs,Home Office,3,217.29,114.15,103.14
2024-02-18,North America,Canada,Electronics,Computers,Corporate,4,666.52,363.93,302.59
2022-09-16,Europe,United Kingdom,Clothing,Shirts,Home Office,4,659.2,478.88,180.32
2023-08-31,Europe,Spain,Clothing,Pants,Home Office,3,244.44,162.83,81.61
2022-03-12,Asia Pacific,Australia,Electronics,Audio,Home Office,5,1221.8,893.72,328.08
2024-10-10,Asia Pacific,India,Electronics,Audio,Consumer,2,851.1,658.56,192.54
2023-04-06,North America,United States,Clothing,Shoes,Corporate,2,991.24,613.75,377.49
2023-11-23,Latin America,Colombia,Office Supplies,Labels,Corporate,1,268.64,137.87,130.77
2023-02-04,Latin America,Brazil,Furniture,Storage,Home Office,1,426.41,291.59,134.82
2024-07-26,Europe,Italy,Furniture,Desks,Home Office,4,610.52,279.57,330.95
2023-03-23,Europe,United Kingdom,Office Supplies,Paper,Home Office,2,389.02,308.52,80.5
2022-12-11,North America,United States,Office Supplies,Labels,Consumer,1,67.5,40.92,26.58
2023-11-25,Latin America,Argentina,Clothing,Pants,Consumer,1,128.02,76.23,51.79
2022-12-20,Latin America,Brazil,Clothing,Shoes,Corporate,4,759.96,340.46,419.5
2022-06-19,North America,Canada,Furniture,Chairs,Home Office,5,2469.0,1461.15,1007.85
2022-07-13,Europe,Spain,Clothing,Shoes,Corporate,5,356.85,189.16,167.69
2023-01-14,Latin America,Brazil,Clothing,Shoes,Consumer,5,2101.0,1293.36,807.64
2022-09-12,Europe,United Kingdom,Furniture,Tables,Consumer,5,1145.7,602.32,543.38
2022-03-22,Europe,Italy,Furniture,Tables,Consumer,5,679.05,476.17,202.88
2022-06-23,North America,Mexico,Office Supplies,Binders,Home Office,2,434.6,338.16,96.44
2022-01-01,Europe,France,Electronics,Audio,Home Office,5,1140.05,719.18,420.87
2023-10-03,Asia Pacific,South Korea,Furniture,Chairs,Home Office,1,126.18,59.96,66.22
2023-09-06,Europe,Germany,Furniture,Storage,Corporate,2,734.52,417.8,316.72
2023-06-07,Asia Pacific,India,Furniture,Desks,Corporate,1,472.92,317.15,155.77
2022-10-21,Europe,United Kingdom,Office Supplies,Pens,Home Office,3,858.54,565.87,292.67
2024-11-13,Europe,Spain,Furniture,Storage,Corporate,4,90.8,58.24,32.56
2022-06-08,Asia Pacific,China,Electronics,Accessories,Consumer,3,971.07,529.36,441.71
2023-11-15,Asia Pacific,Japan,Furniture,Storage,Consumer,1,194.81,153.41,41.4
2024-02-15,North America,United States,Furniture,Storage,Home Office,4,227.24,122.61,104.63
2023-08-01,Asia Pacific,South Korea,Electronics,Phones,Consumer,3,1421.37,790.03,631.34
2023-12-08,Latin America,Colombia,Furniture,Storage,Consumer,5,1797.4,1191.72,605.68
2022-10-20,Latin America,Chile,Electronics,Audio,Home Office,2,684.66,388.41,296.25
2024-07-26,Europe,Spain,Office Supplies,Labels,Home Office,3,435.45,248.69,186.76
2023-04-14,Asia Pacific,China,Office Supplies,Labels,Corporate,1,320.99,138.24,182.75
2023-05-07,North America,United States,Electronics,Phones,Home Office,3,844.62,504.36,340.26
2022-01-22,Latin America,Argentina,Clothing,Shoes,Home Office,5,1759.8,989.34,770.46
2023-01-25,North America,Mexico,Clothing,Outerwear,Consumer,5,1726.0,719.64,1006.36
2024-07-07,Europe,Italy,Furniture,Tables,Consumer,3,1263.93,765.28,498.65
2022-04-15,Latin America,Colombia,Clothing,Pants,Corporate,1,175.6,117.94,57.66
2022-08-30,Asia Pacific,Australia,Clothing,Outerwear,Corporate,2,22.18,14.47,7.71
2024-03-17,Europe,France,Electronics,Accessories,Home Office,4,152.68,61.43,91.25
2024-07-31,Asia Pacific,Australia,Office Supplies,Paper,Consumer,3,1338.6,635.12,703.48
2023-12-28,North America,United States,Clothing,Shoes,Consumer,1,269.26,204.48,64.78
2024-04-21,North America,Canada,Electronics,Computers,Home Office,3,362.37,202.25,160.12
2023-09-05,Asia Pacific,India,Furniture,Storage,Consumer,4,1326.32,763.62,562.7
2022-10-14,Asia Pacific,India,Electronics,Audio,Home Office,2,128.46,66.02,62.44
2022-10-01,Latin America,Colombia,Office Supplies,Paper,Consumer,2,949.4,744.22,205.18
2023-06-29,North America,Canada,Clothing,Shoes,Home Office,2,338.38,238.81,99.57
2024-03-29,Latin America,Argentina,Electronics,Phones,Consumer,2,172.44,103.46,68.98
2023-04-30,North America,Mexico,Office Supplies,Labels,Home Office,1,222.82,114.93,107.89
2024-09-22,North America,Canada,Furniture,Tables,Home Office,5,507.8,260.22,247.58
2022-08-24,Asia Pacific,Japan,Clothing,Pants,Corporate,1,353.56,212.47,141.09
2023-01-07,Europe,Italy,Furniture,Tables,Consumer,2,413.26,210.57,202.69
2023-01-29,Europe,Spain,Electronics,Computers,Consumer,1,196.37,119.78,76.59
2023-04-19,Europe,France,Clothing,Shoes,Consumer,5,1096.35,461.19,635.16
2022-08-14,Asia Pacific,Australia,Office Supplies,Binders,Home Office,4,524.04,397.24,126.8
2023-01-08,North America,United States,Electronics,Audio,Consumer,3,723.93,552.64,171.29
2022-07-26,Latin America,Argentina,Office Supplies,Labels,Corporate,3,477.39,209.46,267.93
2022-01-28,Europe,France,Office Supplies,Binders,Home Office,5,1345.7,738.3,607.4
2023-07-20,Europe,Italy,Clothing,Shirts,Consumer,2,636.96,408.12,228.84
2022-03-26,Europe,Germany,Clothing,Shirts,Consumer,5,1566.6,815.56,751.04
2024-08-29,Europe,Italy,Furniture,Chairs,Consumer,2,429.84,294.29,135.55
2023-12-13,Asia Pacific,India,Electronics,Accessories,Consumer,4,861.24,665.34,195.9
2024-10-28,North America,United States,Office Supplies,Pens,Corporate,1,478.34,202.97,275.37
2023-01-25,Latin America,Colombia,Electronics,Computers,Corporate,5,991.15,705.45,285.7
2024-03-31,Asia Pacific,Japan,Furniture,Chairs,Consumer,5,583.65,396.12,187.53
2024-11-16,Latin America,Chile,Office Supplies,Pens,Corporate,3,841.65,394.27,447.38
2022-04-04,Europe,France,Electronics,Computers,Corporate,2,285.02,204.15,80.87
2023-05-25,Europe,Italy,Electronics,Phones,Home Office,3,960.03,757.36,202.67
2023-10-27,North America,Mexico,Office Supplies,Pens,Corporate,5,772.5,613.45,159.05
2022-01-22,Asia Pacific,Japan,Office Supplies,Pens,Corporate,1,273.32,216.33,56.99
2022-08-06,Latin America,Chile,Furniture,Desks,Consumer,3,425.13,268.97,156.16
2024-03-20,Europe,Spain,Furniture,Desks,Corporate,2,904.12,395.53,508.59
2023-01-07,Latin America,Argentina,Furniture,Tables,Home Office,4,1888.96,891.9,997.06
2023-08-01,North America,Canada,Furniture,Tables,Corporate,5,510.25,233.39,276.86
2024-05-23,Europe,Spain,Clothing,Shirts,Home Office,5,386.35,270.51,115.84
2022-01-25,North America,Canada,Clothing,Shirts,Consumer,1,384.09,252.65,131.44
2022-03-31,Europe,Germany,Electronics,Audio,Consumer,5,83.05,65.32,17.73
2022-08-06,Asia Pacific,China,Furniture,Tables,Corporate,5,2236.35,1624.01,612.34
2023-09-22,Asia Pacific,India,Furniture,Tables,Consumer,5,1745.5,1136.31,609.19
2022-09-10,North America,United States,Electronics,Audio,Consumer,5,2221.8,1257.79,964.01
2022-01-03,Europe,United Kingdom,Furniture,Desks,Corporate,2,366.24,188.52,177.72
2024-02-27,North America,Canada,Furniture,Chairs,Consumer,1,478.67,245.43,233.24
2022-06-06,Asia Pacific,China,Office Supplies,Paper,Consumer,5,420.2,240.12,180.08
2023-11-17,Europe,Spain,Furniture,Storage,Home Office,3,542.13,239.39,302.74
2024-10-19,Asia Pacific,Australia,Electronics,Phones,Consumer,2,333.86,185.71,148.15
2024-09-06,North America,United States,Clothing,Outerwear,Consumer,1,168.3,75.91,92.39
2024-02-28,Asia Pacific,Australia,Clothing,Shoes,Corporate,4,1219.4,798.27,421.13
2022-10-11,Europe,Spain,Clothing,Shoes,Home Office,5,1256.85,772.32,484.53
2023-04-17,Latin America,Brazil,Clothing,Pants,Home Office,1,125.24,50.24,75.0
2022-02-05,Asia Pacific,South Korea,Clothing,Pants,Consumer,1,456.57,248.53,208.04
2022-10-13,Asia Pacific,India,Furniture,Desks,Consumer,2,831.26,351.08,480.18
2022-10-10,North America,Mexico,Furniture,Desks,Home Office,1,351.1,200.09,151.01
2022-04-21,North America,Mexico,Electronics,Accessories,Home Office,2,49.58,27.08,22.5
2022-06-11,Europe,United Kingdom,Electronics,Accessories,Consumer,2,480.36,219.07,261.29
2024-12-16,Asia Pacific,India,Clothing,Outerwear,Corporate,1,150.52,69.59,80.93
2022-03-07,Europe,Italy,Furniture,Chairs,Corporate,4,1372.6,1029.99,342.61
2023-06-13,Asia Pacific,Japan,Clothing,Pants,Corporate,1,265.54,210.09,55.45
2022-09-14,Europe,Spain,Electronics,Computers,Corporate,2,826.06,652.91,173.15
2022-06-08,Latin America,Colombia,Office Supplies,Labels,Corporate,2,73.58,40.37,33.21
2024-05-18,Europe,France,Electronics,Phones,Consumer,3,916.68,677.1,239.58
2022-02-27,Europe,France,Furniture,Chairs,Consumer,2,605.16,425.19,179.97
2023-09-26,Europe,Italy,Furniture,Chairs,Consumer,3,155.01,97.35,57.66
2022-04-02,Latin America,Brazil,Electronics,Audio,Consumer,3,42.45,23.04,19.41
2023-08-02,Latin America,Argentina,Office Supplies,Labels,Home Office,3,1461.57,995.42,466.15
2022-07-19,Asia Pacific,India,Electronics,Computers,Consumer,5,2000.35,1181.77,818.58
2022-03-18,Asia Pacific,Japan,Furniture,Desks,Consumer,1,476.88,234.92,241.96
2023-03-18,Europe,Germany,Office Supplies,Labels,Consumer,3,457.53,297.11,160.42
2024-06-01,North America,Mexico,Clothing,Pants,Consumer,5,1536.85,1203.67,333.18
2024-10-15,North America,United States,Furniture,Storage,Home Office,1,254.47,148.08,106.39
2022-12-14,Asia Pacific,Japan,Electronics,Audio,Home Office,3,549.45,235.41,314.04
2024-08-01,Asia Pacific,India,Office Supplies,Labels,Home Office,2,941.04,742.17,198.87
2024-09-26,North America,Canada,Office Supplies,Labels,Corporate,5,2297.0,1037.31,1259.69
2024-01-22,Asia Pacific,Australia,Electronics,Accessories,Home Office,4,555.16,416.49,138.67
2022-03-29,North America,Mexico,Furniture,Chairs,Consumer,1,152.42,70.61,81.81
2024-03-28,North America,United States,Clothing,Shoes,Home Office,1,180.98,106.31,74.67
2024-12-31,Latin America,Brazil,Electronics,Computers,Home Office,1,459.56,353.4,106.16
2024-06-06,Europe,Spain,Office Supplies,Paper,Corporate,3,1494.75,888.66,606.09
2024-09-02,North America,Canada,Clothing,Shirts,Home Office,2,949.56,435.09,514.47
2023-03-14,Asia Pacific,South Korea,Electronics,Accessories,Consumer,3,1190.64,942.3,248.34
2023-03-14,North America,United States,Electronics,Accessories,Corporate,3,964.47,418.04,546.43
2022-05-22,Asia Pacific,India,Electronics,Audio,Home Office,4,1747.72,1065.95,681.77
2023-06-16,Europe,United Kingdom,Electronics,Accessories,Corporate,3,271.86,146.73,125.13
2024-05-08,Latin America,Colombia,Furniture,Desks,Corporate,5,1003.4,405.35,598.05
2023-02-11,North America,Mexico,Furniture,Storage,Home Office,3,50.85,38.57,12.28
2022-10-30,Latin America,Chile,Electronics,Accessories,Corporate,5,1819.6,1447.12,372.48
2022-09-15,Latin America,Brazil,Electronics,Computers,Home Office,2,431.78,267.03,164.75
2022-12-07,Latin America,Argentina,Office Supplies,Pens,Consumer,5,2390.0,1309.97,1080.03
2024-01-16,North America,Canada,Office Supplies,Paper,Home Office,4,1311.88,764.04,547.84
2024-04-20,Asia Pacific,Australia,Clothing,Outerwear,Consumer,2,469.64,257.95,211.69
2022-11-30,Latin America,Colombia,Office Supplies,Labels,Home Office,3,1062.09,823.29,238.8
2022-07-23,North America,United States,Electronics,Phones,Home Office,4,243.2,170.23,72.97
2022-07-24,Latin America,Brazil,Office Supplies,Labels,Consumer,2,781.34,484.93,296.41
2022-08-23,Europe,Spain,Electronics,Audio,Corporate,4,1819.68,1197.25,622.43
2024-03-21,North America,Canada,Furniture,Storage,Corporate,3,481.86,366.73,115.13
2024-04-29,Europe,United Kingdom,Clothing,Shirts,Consumer,1,85.15,46.81,38.34
2024-11-28,Asia Pacific,Australia,Furniture,Desks,Consumer,5,2435.05,1161.68,1273.37
2024-03-16,North America,Mexico,Clothing,Pants,Home Office,4,1955.6,918.13,1037.47
2023-10-14,Europe,Spain,Furniture,Chairs,Home Office,2,514.18,335.54,178.64
2024-03-13,Asia Pacific,South Korea,Furniture,Storage,Consumer,1,55.7,32.03,23.67
2022-11-10,North America,Mexico,Electronics,Accessories,Consumer,2,983.74,643.15,340.59
2024-01-04,Europe,Germany,Furniture,Storage,Consumer,5,2109.1,1456.39,652.71
2024-02-14,Asia Pacific,China,Office Supplies,Paper,Consumer,1,322.81,203.93,118.88
2022-07-31,North America,Canada,Electronics,Phones,Consumer,3,415.14,196.05,219.09
2022-06-08,Latin America,Chile,Furniture,Desks,Consumer,4,1599.08,904.28,694.8
2024-09-23,North America,United States,Clothing,Shoes,Corporate,4,1624.76,766.76,858.0
2022-01-21,Europe,Italy,Electronics,Phones,Corporate,3,741.36,478.62,262.74
2022-01-11,Europe,Italy,Office Supplies,Paper,Consumer,5,122.4,50.09,72.31
2024-11-14,Europe,Germany,Office Supplies,Paper,Consumer,1,170.49,83.18,87.31
2022-09-17,Asia Pacific,Australia,Clothing,Pants,Consumer,3,1070.88,707.61,363.27
2024-08-14,Latin America,Colombia,Clothing,Pants,Corporate,2,213.92,157.96,55.96
2023-07-30,Latin America,Brazil,Office Supplies,Pens,Consumer,4,889.6,514.6,375.0
2023-07-11,Asia Pacific,South Korea,Electronics,Accessories,Corporate,2,575.8,316.45,259.35
2022-05-12,Latin America,Argentina,Electronics,Audio,Home Office,4,615.2,449.51,165.69
2024-12-22,Asia Pacific,India,Electronics,Phones,Consumer,3,661.2,313.65,347.55
2023-05-18,North America,United States,Office Supplies,Binders,Consumer,3,209.79,110.65,99.14
2022-01-23,Asia Pacific,Japan,Clothing,Outerwear,Consumer,5,212.3,109.0,103.3
2023-03-11,Europe,United Kingdom,Office Supplies,Paper,Home Office,4,1376.96,790.49,586.47
2023-10-18,Europe,Germany,Electronics,Accessories,Corporate,1,495.23,281.54,213.69
2022-09-12,Latin America,Argentina,Office Supplies,Labels,Consumer,5,102.1,41.57,60.53
2022-01-10,Latin America,Chile,Furniture,Desks,Consumer,5,2299.2,955.66,1343.54
2022-02-03,North America,Canada,Electronics,Accessories,Home Office,3,433.77,304.28,129.49
2024-03-30,North America,Mexico,Office Supplies,Labels,Home Office,1,202.73,137.57,65.16
2024-07-19,Latin America,Brazil,Office Supplies,Paper,Consumer,2,66.88,27.03,39.85
2022-08-04,Asia Pacific,India,Furniture,Tables,Consumer,2,729.62,528.91,200.71
2022-01-11,North America,Canada,Electronics,Phones,Consumer,3,140.31,74.61,65.7
2024-02-17,Asia Pacific,Japan,Furniture,Desks,Consumer,2,332.94,152.89,180.05
2024-04-26,Latin America,Brazil,Furniture,Desks,Home Office,4,1953.64,1033.02,920.62
2024-09-15,Europe,United Kingdom,Office Supplies,Binders,Home Office,1,182.97,134.34,48.63
2023-05-12,Europe,United Kingdom,Electronics,Accessories,Consumer,2,32.86,15.98,16.88
2024-02-28,Europe,Spain,Electronics,Audio,Consumer,5,1915.95,1160.24,755.71
2023-10-04,Asia Pacific,India,Furniture,Chairs,Consumer,2,918.36,508.98,409.38
2024-07-15,Europe,Spain,Furniture,Chairs,Corporate,4,361.84,189.19,172.65
2022-07-29,Europe,Spain,Electronics,Phones,Consumer,1,448.11,212.77,235.34
2022-02-28,Latin America,Colombia,Office Supplies,Binders,Consumer,5,255.95,146.55,109.4
2022-11-05,Latin America,Colombia,Office Supplies,Paper,Corporate,3,573.57,240.7,332.87
2024-02-23,Latin America,Argentina,Office Supplies,Pens,Corporate,2,602.16,368.42,233.74
2024-10-07,Latin America,Brazil,Electronics,Computers,Consumer,2,132.88,100.73,32.15
2023-06-30,Europe,United Kingdom,Electronics,Audio,Consumer,5,1763.8,990.94,772.86
2024-03-15,North America,United States,Office Supplies,Labels,Consumer,2,790.02,425.86,364.16
2023-08-13,Asia Pacific,China,Electronics,Computers,Home Office,5,1218.05,635.98,582.07
2023-05-04,Europe,France,Electronics,Computers,Consumer,3,1352.82,617.88,734.94
2022-01-27,Latin America,Colombia,Office Supplies,Paper,Consumer,3,1325.46,620.7,704.76
2022-01-20,Asia Pacific,India,Electronics,Accessories,Consumer,4,254.4,185.09,69.31
2023-08-19,Europe,Italy,Furniture,Tables,Consumer,1,159.26,110.6,48.66
2024-07-15,Latin America,Chile,Office Supplies,Labels,Corporate,3,704.37,514.96,189.41
2023-09-09,Asia Pacific,South Korea,Clothing,Shirts,Corporate,5,1834.15,748.87,1085.28
2024-04-20,Europe,Germany,Office Supplies,Labels,Consumer,2,586.04,397.52,188.52
2024-06-01,Asia Pacific,Japan,Electronics,Computers,Corporate,1,483.07,362.72,120.35
2024-07-09,Europe,France,Office Supplies,Binders,Corporate,5,1072.35,855.28,217.07
2023-09-26,Europe,United Kingdom,Office Supplies,Paper,Corporate,4,1150.64,825.02,325.62
2023-12-12,Asia Pacific,China,Electronics,Accessories,Home Office,2,477.0,219.46,257.54
2023-08-17,Europe,France,Clothing,Outerwear,Consumer,3,52.92,22.03,30.89
2023-08-03,North America,United States,Clothing,Outerwear,Consumer,4,730.44,535.88,194.56
2022-04-13,Asia Pacific,Japan,Office Supplies,Binders,Home Office,5,429.85,186.73,243.12
2023-07-09,Europe,Germany,Clothing,Shirts,Corporate,2,51.5,39.82,11.68
2023-05-25,Latin America,Colombia,Clothing,Shirts,Corporate,3,907.65,425.98,481.67
2024-06-11,Asia Pacific,South Korea,Furniture,Tables,Corporate,2,427.98,205.35,222.63
2023-09-17,North America,Canada,Clothing,Pants,Corporate,4,228.24,139.37,88.87
2023-10-04,Asia Pacific,India,Office Supplies,Labels,Corporate,4,1924.44,1124.86,799.58
2022-02-24,Latin America,Brazil,Furniture,Storage,Consumer,5,1304.9,588.39,716.51
2023-08-24,North America,Canada,Furniture,Desks,Home Office,1,236.78,166.98,69.8
2024-11-26,Latin America,Brazil,Electronics,Phones,Corporate,1,173.41,76.12,97.29
2023-08-19,Latin America,Chile,Electronics,Phones,Home Office,5,1702.3,1184.37,517.93
2022-04-19,Europe,Italy,Furniture,Desks,Consumer,2,897.16,588.42,308.74
2022-11-13,Asia Pacific,Australia,Electronics,Accessories,Home Office,2,132.42,52.97,79.45
2022-09-05,North America,United States,Furniture,Chairs,Corporate,1,418.04,241.43,176.61
2022-04-24,North America,Canada,Clothing,Shoes,Consumer,2,844.88,522.72,322.16
2024-06-18,North America,Canada,Furniture,Chairs,Consumer,2,822.18,545.09,277.09
2022-12-16,Europe,Spain,Clothing,Outerwear,Corporate,1,479.95,286.62,193.33
2023-07-18,Latin America,Colombia,Electronics,Accessories,Corporate,4,330.4,169.62,160.78
2022-09-04,Latin America,Brazil,Office Supplies,Paper,Home Office,5,1138.95,869.3,269.65
2023-12-28,Europe,Spain,Clothing,Outerwear,Consumer,2,370.6,275.11,95.49
2024-10-27,Europe,France,Clothing,Shirts,Consumer,2,364.82,250.88,113.94
2023-11-26,Latin America,Argentina,Office Supplies,Binders,Corporate,1,458.92,301.99,156.93
2024-02-11,Latin America,Argentina,Office Supplies,Pens,Home Office,3,895.62,566.29,329.33
2024-04-06,North America,United States,Electronics,Computers,Consumer,1,335.98,201.51,134.47
2024-09-02,Asia Pacific,Japan,Furniture,Chairs,Consumer,4,1521.4,864.19,657.21
2022-05-12,North America,Mexico,Office Supplies,Paper,Consumer,1,226.35,124.43,101.92
2022-03-02,Europe,France,Electronics,Accessories,Corporate,2,989.1,622.65,366.45
2023-02-14,Europe,France,Clothing,Shoes,Home Office,3,361.47,251.89,109.58
2024-06-07,Europe,United Kingdom,Electronics,Phones,Consumer,1,406.9,308.15,98.75
2024-01-07,Latin America,Brazil,Office Supplies,Pens,Home Office,5,1265.65,927.67,337.98
2024-08-28,Asia Pacific,Australia,Furniture,Chairs,Corporate,4,1265.92,948.92,317.0
2022-06-10,Europe,Italy,Office Supplies,Paper,Consumer,4,491.92,315.12,176.8
2023-11-09,North America,United States,Office Supplies,Binders,Corporate,3,129.9,97.24,32.66
2023-08-13,North America,Mexico,Furniture,Storage,Corporate,5,188.8,128.2,60.6
2022-08-16,Latin America,Chile,Electronics,Phones,Corporate,4,551.32,294.3,257.02
2022-05-02,Europe,Germany,Office Supplies,Paper,Consumer,4,182.92,142.53,40.39
2022-03-14,Asia Pacific,China,Clothing,Shirts,Home Office,4,1895.32,963.21,932.11
2022-03-27,North America,United States,Clothing,Pants,Home Office,3,664.32,346.35,317.97
2023-04-12,North America,United States,Electronics,Computers,Home Office,5,2157.7,1451.65,706.05
2022-02-07,Latin America,Brazil,Clothing,Shoes,Home Office,2,441.12,251.76,189.36
2022-10-10,North America,Canada,Electronics,Audio,Corporate,2,356.26,273.33,82.93
2023-05-03,Europe,United Kingdom,Electronics,Computers,Corporate,5,1441.7,1148.13,293.57
2022-01-31,Europe,United Kingdom,Electronics,Phones,Consumer,4,393.96,164.47,229.49
2023-12-18,Europe,France,Furniture,Desks,Corporate,1,331.73,142.83,188.9
2023-02-26,Latin America,Chile,Furniture,Desks,Home Office,3,1413.9,1006.81,407.09
2023-08-23,Europe,Italy,Office Supplies,Binders,Home Office,5,1283.45,541.1,742.35
2024-04-21,Latin America,Chile,Electronics,Computers,Consumer,5,614.8,428.37,186.43
2023-03-08,North America,Canada,Furniture,Chairs,Consumer,4,1313.8,763.98,549.82
2022-08-22,North America,Canada,Electronics,Audio,Corporate,5,991.25,724.48,266.77
2022-06-23,North America,Canada,Clothing,Shoes,Consumer,4,793.92,331.67,462.25
2023-02-26,Latin America,Argentina,Clothing,Shirts,Home Office,3,76.02,53.61,22.41
2022-02-23,Asia Pacific,Australia,Furniture,Chairs,Corporate,5,1113.5,635.83,477.67
2022-04-27,North America,Mexico,Clothing,Outerwear,Home Office,4,870.72,598.78,271.94
2024-11-28,Asia Pacific,Japan,Clothing,Shoes,Home Office,2,149.24,60.6,88.64
2023-07-16,North America,United States,Office Supplies,Binders,Home Office,4,115.68,58.96,56.72
2023-07-05,Asia Pacific,South Korea,Electronics,Phones,Corporate,5,1668.9,1225.64,443.26
2023-01-02,Latin America,Colombia,Electronics,Accessories,Consumer,4,112.52,61.15,51.37
2023-03-23,Latin America,Brazil,Electronics,Audio,Home Office,5,819.35,348.73,470.62
2023-01-04,Asia Pacific,Australia,Office Supplies,Labels,Consumer,2,637.74,292.57,345.17
2022-04-12,Europe,United Kingdom,Electronics,Computers,Home Office,5,2158.4,1364.01,794.39
2022-03-27,Europe,United Kingdom,Office Supplies,Binders,Consumer,3,824.46,344.54,479.92
2023-04-26,Asia Pacific,China,Electronics,Accessories,Consumer,5,239.75,115.47,124.28
2024-01-31,Latin America,Brazil,Clothing,Outerwear,Consumer,1,170.0,121.6,48.4
2023-11-18,Latin America,Chile,Clothing,Outerwear,Home Office,1,88.55,37.0,51.55
2022-11-04,North America,United States,Furniture,Storage,Home Office,5,1969.5,1349.38,620.12
2023-03-17,Latin America,Brazil,Furniture,Desks,Home Office,1,478.04,374.52,103.52
2023-04-05,Latin America,Brazil,Electronics,Accessories,Home Office,5,1324.8,697.87,626.93
2023-02-04,Asia Pacific,Japan,Office Supplies,Pens,Corporate,2,466.7,326.35,140.35
2022-08-25,Europe,Spain,Clothing,Outerwear,Consumer,3,853.86,367.65,486.21
2024-01-12,Latin America,Argentina,Clothing,Shoes,Consumer,5,2078.15,1651.5,426.65
2023-05-17,Latin America,Argentina,Office Supplies,Binders,Corporate,3,203.4,114.6,88.8
2024-10-31,Europe,Italy,Clothing,Pants,Consumer,4,70.4,31.56,38.84
2023-06-24,Latin America,Brazil,Furniture,Chairs,Corporate,1,348.12,277.09,71.03
2022-09-29,Latin America,Colombia,Office Supplies,Pens,Corporate,5,641.5,331.88,309.62
2023-11-21,Asia Pacific,South Korea,Electronics,Phones,Consumer,3,1426.38,1090.14,336.24
2024-07-10,Latin America,Chile,Clothing,Pants,Home Office,2,729.24,463.67,265.57
2024-11-09,North America,United States,Electronics,Audio,Home Office,4,783.56,450.89,332.67
2024-11-07,Asia Pacific,China,Furniture,Storage,Corporate,3,100.98,61.3,39.68
2024-12-11,Latin America,Chile,Office Supplies,Labels,Corporate,2,954.44,397.79,556.65
2023-03-08,Latin America,Chile,Office Supplies,Paper,Corporate,3,273.42,140.85,132.57
2024-09-23,Latin America,Argentina,Furniture,Storage,Corporate,5,1896.0,1459.55,436.45
2023-07-25,Europe,United Kingdom,Furniture,Tables,Consumer,5,2261.25,1772.69,488.56
2023-02-04,North America,Canada,Electronics,Audio,Consumer,3,1414.44,888.93,525.51
2024-06-30,Europe,Spain,Office Supplies,Paper,Home Office,1,227.76,130.49,97.27
2023-06-23,North America,United States,Office Supplies,Paper,Corporate,1,374.7,183.22,191.48
2022-06-02,Asia Pacific,Japan,Office Supplies,Binders,Corporate,5,1696.6,728.92,967.68
2023-10-07,North America,Canada,Electronics,Audio,Consumer,5,1669.75,1254.03,415.72
2022-03-14,North America,United States,Furniture,Desks,Consumer,2,279.98,128.95,151.03
2023-01-19,Latin America,Chile,Furniture,Tables,Home Office,1,475.91,353.54,122.37
2023-03-15,North America,Canada,Electronics,Accessories,Home Office,5,560.95,264.35,296.6
2024-05-06,Asia Pacific,South Korea,Clothing,Pants,Home Office,3,741.81,491.65,250.16
2023-01-04,Asia Pacific,Japan,Office Supplies,Labels,Corporate,4,1211.76,748.1,463.66
2023-08-29,North America,United States,Electronics,Audio,Corporate,4,677.76,450.69,227.07
2022-08-26,Europe,Spain,Office Supplies,Paper,Corporate,4,1421.44,1008.47,412.97
2024-09-17,Latin America,Colombia,Furniture,Chairs,Corporate,3,776.01,586.6,189.41
2024-04-17,North America,Mexico,Office Supplies,Binders,Home Office,3,634.5,459.13,175.37
2024-05-20,Latin America,Chile,Electronics,Audio,Corporate,2,353.04,256.8,96.24
2023-09-24,Latin America,Colombia,Furniture,Tables,Home Office,2,783.96,348.18,435.78
2023-11-07,Europe,Italy,Electronics,Phones,Corporate,1,392.41,209.28,183.13
2023-12-24,North America,Mexico,Electronics,Computers,Corporate,5,536.2,248.15,288.05
2024-03-21,Europe,France,Furniture,Storage,Corporate,4,462.6,320.74,141.86
2022-01-28,North America,United States,Electronics,Accessories,Corporate,1,86.9,45.24,41.66
2023-04-17,Europe,United Kingdom,Office Supplies,Paper,Corporate,4,297.12,206.86,90.26
2023-07-07,North America,United States,Electronics,Accessories,Consumer,1,373.9,230.58,143.32
2022-11-07,North America,Mexico,Clothing,Pants,Home Office,3,1183.62,674.74,508.88
2022-02-17,Asia Pacific,Australia,Clothing,Pants,Consumer,3,1454.82,917.24,537.58
2024-02-11,Asia Pacific,India,Electronics,Computers,Corporate,5,732.45,376.31,356.14
2024-12-28,Europe,Spain,Electronics,Accessories,Home Office,4,1904.84,1343.06,561.78
2022-08-10,Latin America,Argentina,Electronics,Accessories,Consumer,4,764.84,478.22,286.62
2023-09-29,Asia Pacific,Japan,Electronics,Phones,Home Office,2,223.52,173.64,49.88
2023-05-27,North America,United States,Clothing,Shoes,Home Office,5,1913.4,810.46,1102.94
2024-10-07,Asia Pacific,India,Office Supplies,Binders,Consumer,1,167.51,104.88,62.63
2024-04-12,North America,Canada,Furniture,Desks,Home Office,4,653.52,431.85,221.67
2023-10-22,Latin America,Colombia,Electronics,Phones,Corporate,1,194.09,136.4,57.69
2022-11-28,North America,United States,Furniture,Desks,Consumer,1,443.9,265.48,178.42
2024-12-10,Latin America,Argentina,Clothing,Shoes,Consumer,3,202.86,161.94,40.92
2023-07-10,Asia Pacific,South Korea,Office Supplies,Pens,Consumer,3,799.17,385.03,414.14
2024-01-31,Asia Pacific,India,Clothing,Pants,Corporate,2,180.96,124.14,56.82
2024-08-28,North America,Canada,Clothing,Pants,Consumer,4,171.4,135.54,35.86
2023-10-01,Europe,Germany,Electronics,Accessories,Corporate,1,39.94,23.46,16.48
2022-11-17,North America,Canada,Furniture,Storage,Home Office,1,464.66,236.9,227.76
2024-05-22,Asia Pacific,Australia,Clothing,Outerwear,Home Office,5,1621.9,780.19,841.71
2022-11-09,North America,Mexico,Furniture,Storage,Consumer,3,858.57,386.94,471.63
2024-12-05,Latin America,Chile,Office Supplies,Labels,Consumer,2,22.62,11.15,11.47
2023-03-20,North America,Mexico,Furniture,Tables,Consumer,4,1754.24,928.58,825.66
2022-04-17,Europe,Italy,Clothing,Shoes,Home Office,4,681.08,408.75,272.33
2022-08-29,Europe,Italy,Clothing,Shoes,Corporate,4,735.8,541.15,194.65
2023-10-12,North America,Mexico,Furniture,Tables,Home Office,3,1075.68,791.65,284.03
2024-06-23,Latin America,Chile,Electronics,Accessories,Home Office,3,291.69,217.73,73.96
2024-08-12,Asia Pacific,India,Furniture,Tables,Corporate,3,293.13,204.91,88.22
2022-01-22,Europe,Spain,Office Supplies,Pens,Consumer,5,810.45,354.69,455.76
2024-01-26,Asia Pacific,South Korea,Electronics,Audio,Consumer,3,973.26,544.36,428.9
2023-06-03,Asia Pacific,China,Electronics,Accessories,Home Office,4,1001.0,589.97,411.03
2022-08-01,North America,Canada,Electronics,Computers,Home Office,2,873.5,395.4,478.1
2024-05-09,North America,United States,Clothing,Shirts,Corporate,1,430.37,219.92,210.45
2023-02-02,North America,Canada,Office Supplies,Pens,Home Office,3,789.03,612.46,176.57
2024-04-05,Latin America,Brazil,Electronics,Computers,Home Office,2,734.38,318.42,415.96
2024-06-27,North America,Canada,Furniture,Desks,Consumer,1,162.47,101.42,61.05
2022-08-30,Asia Pacific,India,Electronics,Accessories,Consumer,1,459.83,217.5,242.33
2022-06-26,Europe,France,Electronics,Computers,Consumer,2,645.18,376.88,268.3
2023-05-21,Asia Pacific,Japan,Furniture,Storage,Consumer,4,1423.6,670.8,752.8
2022-10-15,Asia Pacific,India,Furniture,Tables,Corporate,2,193.56,100.26,93.3
2024-06-19,Asia Pacific,China,Clothing,Outerwear,Home Office,3,542.82,356.49,186.33
2024-07-09,Europe,United Kingdom,Clothing,Pants,Home Office,5,566.1,385.44,180.66
2023-12-12,Asia Pacific,Japan,Office Supplies,Binders,Consumer,5,1944.85,978.81,966.04
2024-08-15,Asia Pacific,China,Electronics,Computers,Corporate,2,477.9,252.9,225.0
2024-02-13,North America,Canada,Electronics,Audio,Consumer,2,432.98,231.16,201.82
2022-07-25,Europe,France,Office Supplies,Pens,Corporate,5,506.1,206.84,299.26
2024-07-23,Latin America,Colombia,Clothing,Pants,Corporate,3,913.38,541.66,371.72
2024-04-01,Asia Pacific,China,Furniture,Chairs,Corporate,4,1557.2,1217.1,340.1
2024-03-31,North America,United States,Furniture,Storage,Home Office,5,536.25,423.09,113.16
2022-10-13,Europe,France,Electronics,Phones,Corporate,2,805.46,469.97,335.49
2022-12-05,Latin America,Brazil,Furniture,Tables,Consumer,3,482.07,228.42,253.65
2023-02-21,Latin America,Brazil,Furniture,Tables,Home Office,5,2121.9,1166.42,955.48
2024-09-04,Europe,France,Electronics,Accessories,Home Office,4,1409.6,1078.53,331.07
2024-02-10,Latin America,Argentina,Electronics,Accessories,Consumer,3,1151.67,522.18,629.49
2023-11-01,Asia Pacific,India,Clothing,Shirts,Corporate,4,1352.96,1066.25,286.71
2022-02-25,Europe,Italy,Furniture,Tables,Corporate,3,529.59,386.23,143.36
2024-03-26,North America,Mexico,Furniture,Tables,Corporate,2,63.36,33.0,30.36
2022-07-10,Asia Pacific,India,Furniture,Desks,Consumer,3,487.32,326.56,160.76
2024-09-11,North America,Canada,Clothing,Pants,Consumer,4,1377.4,1010.59,366.81
2024-08-10,North America,Canada,Electronics,Accessories,Consumer,2,332.64,209.52,123.12
2024-02-26,Latin America,Brazil,Clothing,Shoes,Corporate,1,158.45,79.77,78.68
2022-08-26,Latin America,Chile,Clothing,Outerwear,Home Office,3,194.16,91.55,102.61
2024-05-18,Latin America,Brazil,Furniture,Chairs,Corporate,5,681.7,413.08,268.62
2024-07-20,Latin America,Brazil,Clothing,Outerwear,Consumer,1,435.27,254.24,181.03
2022-04-13,Asia Pacific,Australia,Clothing,Outerwear,Home Office,3,1157.25,473.79,683.46
2023-07-02,Europe,France,Office Supplies,Labels,Consumer,4,676.28,442.55,233.73
2022-08-17,Asia Pacific,China,Clothing,Pants,Consumer,1,272.14,122.58,149.56
2022-10-24,Latin America,Colombia,Office Supplies,Binders,Corporate,5,648.05,473.22,174.83
2024-12-08,Latin America,Brazil,Electronics,Audio,Corporate,1,81.91,64.77,17.14
2022-07-27,Latin America,Brazil,Office Supplies,Binders,Corporate,4,83.88,65.44,18.44
2023-06-11,North America,Canada,Electronics,Computers,Home Office,3,1492.53,964.52,528.01
2023-05-15,North America,Canada,Clothing,Pants,Corporate,3,1127.91,802.31,325.6
2023-07-21,North America,Mexico,Clothing,Pants,Home Office,3,430.83,242.5,188.33
2022-02-08,Latin America,Argentina,Office Supplies,Binders,Corporate,5,1986.15,1298.83,687.32
2022-07-18,Europe,Germany,Electronics,Audio,Consumer,1,309.58,214.0,95.58
2024-08-01,Latin America,Chile,Clothing,Shoes,Home Office,1,178.05,93.98,84.07
2024-06-29,Europe,Spain,Clothing,Pants,Home Office,2,679.52,341.31,338.21
2022-03-08,North America,Mexico,Clothing,Outerwear,Consumer,2,753.06,460.75,292.31
2023-09-15,Asia Pacific,Australia,Clothing,Shoes,Consumer,2,632.36,295.12,337.24
2023-12-22,Latin America,Colombia,Electronics,Audio,Home Office,4,1979.76,1089.09,890.67
2022-09-27,Latin America,Brazil,Electronics,Accessories,Consumer,2,992.28,623.45,368.83
2023-01-01,Europe,Spain,Clothing,Outerwear,Consumer,4,1804.88,923.29,881.59
2024-01-14,North America,Mexico,Office Supplies,Labels,Consumer,4,1009.88,591.35,418.53
2024-07-09,Europe,Germany,Clothing,Outerwear,Consumer,5,2083.15,1468.98,614.17
2022-12-19,North America,Canada,Clothing,Shoes,Corporate,2,643.68,416.82,226.86
2022-10-11,North America,Mexico,Clothing,Shirts,Corporate,5,662.35,415.77,246.58
2024-08-24,North America,Canada,Electronics,Accessories,Home Office,5,2165.4,1602.66,562.74
2022-11-27,Latin America,Chile,Furniture,Tables,Corporate,2,336.26,173.91,162.35
2022-03-05,Europe,Italy,Clothing,Shoes,Consumer,5,1136.95,564.78,572.17
2022-12-29,Latin America,Brazil,Office Supplies,Pens,Consumer,4,1455.2,622.73,832.47
2022-03-08,Latin America,Colombia,Clothing,Shirts,Corporate,3,1328.52,816.96,511.56
2024-12-29,North America,Canada,Clothing,Shirts,Corporate,4,1663.48,1147.9,515.58
2022-03-23,Asia Pacific,India,Clothing,Shoes,Consumer,1,81.53,41.17,40.36
2022-08-17,Europe,France,Clothing,Outerwear,Consumer,2,799.64,387.05,412.59
2022-07-18,Asia Pacific,China,Clothing,Shoes,Consumer,3,533.4,360.41,172.99
2023-11-09,Latin America,Chile,Office Supplies,Paper,Consumer,2,531.34,218.05,313.29
2024-01-30,Asia Pacific,Australia,Office Supplies,Pens,Home Office,3,728.67,419.67,309.0
2023-08-27,Europe,Germany,Furniture,Storage,Corporate,3,966.03,397.23,568.8
2023-03-10,Asia Pacific,Japan,Electronics,Audio,Corporate,5,1876.35,1498.17,378.18
2024-04-11,Latin America,Argentina,Office Supplies,Pens,Home Office,5,820.05,450.82,369.23
2024-09-20,Europe,Italy,Clothing,Pants,Corporate,4,67.88,52.86,15.02
2023-12-03,Europe,France,Furniture,Tables,Consumer,3,924.69,639.43,285.26
2022-09-02,Europe,France,Clothing,Shoes,Home Office,1,421.59,311.26,110.33
2024-12-09,Europe,Germany,Office Supplies,Paper,Corporate,1,476.49,287.31,189.18
2023-07-10,North America,United States,Clothing,Pants,Consumer,3,1201.98,568.63,633.35
2023-05-17,Europe,Spain,Furniture,Chairs,Home Office,3,841.41,367.31,474.1
2023-01-25,North America,United States,Office Supplies,Paper,Consumer,2,259.06,182.55,76.51
2024-09-04,Latin America,Brazil,Electronics,Audio,Home Office,1,106.25,47.45,58.8
2022-06-20,Latin America,Argentina,Electronics,Computers,Home Office,4,627.92,253.58,374.34
2024-05-30,North America,Mexico,Clothing,Pants,Home Office,5,1901.1,1514.98,386.12
2023-05-31,Latin America,Chile,Clothing,Pants,Corporate,5,1234.05,633.69,600.36
2023-09-06,Asia Pacific,South Korea,Furniture,Storage,Corporate,5,1282.5,834.1,448.4
2022-08-17,Europe,Spain,Electronics,Audio,Home Office,4,1011.76,477.06,534.7
2024-06-03,Asia Pacific,China,Clothing,Outerwear,Home Office,5,2065.25,986.03,1079.22
2022-08-11,Europe,Germany,Office Supplies,Binders,Corporate,5,1206.1,812.79,393.31
2023-03-07,Europe,France,Furniture,Tables,Corporate,2,855.32,550.87,304.45
2022-11-18,Asia Pacific,South Korea,Clothing,Shoes,Home Office,3,366.21,184.99,181.22
2023-09-14,Asia Pacific,Japan,Office Supplies,Binders,Home Office,3,1248.96,657.13,591.83
2023-09-23,Latin America,Colombia,Clothing,Shirts,Corporate,1,484.65,262.41,222.24
2022-10-14,Latin America,Chile,Electronics,Computers,Consumer,3,463.35,254.56,208.79
2023-10-22,Latin America,Colombia,Office Supplies,Pens,Consumer,5,1282.2,952.11,330.09
2022-08-07,North America,United States,Furniture,Storage,Home Office,4,1885.32,1201.28,684.04
2022-04-05,Latin America,Colombia,Furniture,Storage,Home Office,5,968.8,426.83,541.97
2023-12-03,Asia Pacific,South Korea,Office Supplies,Labels,Corporate,1,241.2,181.46,59.74
2022-06-01,Asia Pacific,India,Furniture,Tables,Home Office,3,873.9,545.96,327.94
2024-06-16,Europe,France,Office Supplies,Binders,Home Office,1,78.83,55.81,23.02
2023-10-05,Asia Pacific,India,Furniture,Tables,Corporate,4,486.24,264.94,221.3
2023-02-12,Asia Pacific,Australia,Electronics,Computers,Consumer,4,877.56,633.97,243.59
2022-04-09,North America,Mexico,Office Supplies,Paper,Home Office,4,1991.48,1561.15,430.33
2023-11-01,Latin America,Chile,Office Supplies,Paper,Home Office,1,287.0,226.64,60.36
2022-08-19,Europe,Italy,Electronics,Accessories,Home Office,2,756.86,534.98,221.88
2024-06-01,Asia Pacific,India,Clothing,Pants,Home Office,3,137.34,90.53,46.81
2023-11-27,Latin America,Colombia,Electronics,Accessories,Home Office,3,39.33,28.76,10.57
2022-02-08,North America,United States,Office Supplies,Labels,Consumer,3,1287.69,816.07,471.62
2023-10-31,Latin America,Argentina,Office Supplies,Pens,Consumer,2,222.02,104.93,117.09
2022-02-23,North America,United States,Office Supplies,Paper,Corporate,3,1394.85,925.16,469.69
2023-02-18,Asia Pacific,Japan,Clothing,Outerwear,Consumer,2,776.9,319.24,457.66
2024-06-19,North America,Canada,Electronics,Accessories,Home Office,2,392.8,227.32,165.48
2024-03-28,Europe,Germany,Clothing,Shirts,Consumer,2,516.56,326.12,190.44
2024-11-23,North America,United States,Furniture,Chairs,Corporate,5,928.05,740.72,187.33
2024-04-30,Europe,Germany,Electronics,Audio,Corporate,3,777.84,605.13,172.71
2022-02-03,North America,Canada,Clothing,Shoes,Consumer,3,559.77,293.32,266.45
2022-05-14,Latin America,Chile,Furniture,Chairs,Home Office,4,1756.84,713.87,1042.97
2023-07-17,Asia Pacific,China,Furniture,Tables,Consumer,5,72.7,44.16,28.54
2022-10-15,Latin America,Brazil,Electronics,Computers,Home Office,3,576.39,326.21,250.18
2022-11-19,Latin America,Argentina,Furniture,Tables,Home Office,2,377.76,290.87,86.89
2022-11-29,North America,Canada,Furniture,Storage,Corporate,3,1366.2,691.4,674.8
2023-10-20,North America,United States,Office Supplies,Paper,Corporate,1,370.13,169.42,200.71
2024-04-14,North America,Mexico,Clothing,Pants,Consumer,1,17.32,13.14,4.18
2022-07-08,Latin America,Brazil,Electronics,Accessories,Corporate,4,1718.04,1056.06,661.98
2022-10-03,North America,Canada,Clothing,Shoes,Corporate,2,336.42,207.23,129.19
2022-07-17,Latin America,Colombia,Furniture,Tables,Consumer,5,368.05,285.94,82.11
2023-04-07,North America,Mexico,Electronics,Accessories,Corporate,5,307.8,150.97,156.83
2023-01-14,Asia Pacific,Australia,Clothing,Outerwear,Consumer,3,650.37,432.16,218.21
2022-03-12,Latin America,Brazil,Furniture,Tables,Consumer,2,641.94,471.28,170.66
2023-05-03,Europe,Spain,Office Supplies,Paper,Home Office,4,988.32,531.28,457.04
2024-04-10,Latin America,Argentina,Clothing,Outerwear,Home Office,4,270.92,138.64,132.28
2024-11-19,Asia Pacific,Australia,Furniture,Storage,Corporate,4,1553.12,904.73,648.39
2022-07-17,Asia Pacific,South Korea,Office Supplies,Paper,Corporate,4,1298.88,1020.79,278.09
2022-09-16,North America,United States,Clothing,Shirts,Consumer,5,1796.1,809.18,986.92
2023-12-13,Asia Pacific,India,Clothing,Shirts,Home Office,2,409.6,318.05,91.55
2024-11-12,Europe,Germany,Furniture,Chairs,Consumer,3,802.59,571.42,231.17
2024-12-22,North America,Mexico,Office Supplies,Pens,Home Office,5,458.55,212.54,246.01
2022-12-06,Europe,Germany,Clothing,Pants,Corporate,1,479.94,374.14,105.8
2023-08-31,Latin America,Colombia,Clothing,Shoes,Corporate,2,727.12,378.1,349.02
2022-06-03,Asia Pacific,South Korea,Office Supplies,Pens,Home Office,5,1505.25,642.33,862.92
2024-04-20,Europe,Germany,Clothing,Pants,Consumer,4,1581.16,1041.09,540.07
2024-03-11,Europe,Germany,Office Supplies,Paper,Consumer,3,236.46,132.55,103.91
2022-11-07,Europe,Spain,Furniture,Storage,Corporate,1,322.01,195.86,126.15
2024-12-09,North America,Mexico,Clothing,Pants,Home Office,4,625.68,281.52,344.16
2024-07-19,Europe,United Kingdom,Office Supplies,Binders,Consumer,4,1682.44,844.89,837.55
2024-08-13,Latin America,Argentina,Clothing,Outerwear,Consumer,5,302.45,241.67,60.78
2024-01-13,Europe,Spain,Clothing,Shoes,Consumer,1,433.93,222.21,211.72
2023-07-19,Asia Pacific,South Korea,Office Supplies,Labels,Home Office,3,1475.13,639.08,836.05
2022-07-27,Latin America,Argentina,Clothing,Pants,Home Office,4,1344.64,593.77,750.87
2024-09-26,Latin America,Colombia,Electronics,Phones,Home Office,1,292.06,130.55,161.51
2023-05-04,Asia Pacific,South Korea,Clothing,Shoes,Home Office,1,180.18,128.87,51.31
2024-08-01,North America,Canada,Clothing,Shirts,Consumer,5,492.8,321.41,171.39
2023-11-05,North America,Canada,Clothing,Shirts,Home Office,4,1704.88,854.84,850.04
2023-12-06,Asia Pacific,Japan,Office Supplies,Labels,Consumer,3,703.56,560.31,143.25
2023-06-23,Europe,Germany,Office Supplies,Labels,Corporate,2,847.82,629.64,218.18
2023-11-15,Asia Pacific,South Korea,Furniture,Storage,Corporate,1,457.94,199.74,258.2
2024-04-11,Asia Pacific,South Korea,Clothing,Pants,Corporate,2,279.38,190.8,88.58
2023-12-20,Asia Pacific,India,Office Supplies,Pens,Consumer,3,53.4,25.41,27.99
2023-09-28,Asia Pacific,South Korea,Furniture,Desks,Home Office,1,107.32,46.81,60.51
2024-04-08,Asia Pacific,Japan,Office Supplies,Binders,Corporate,2,922.84,407.39,515.45
2023-08-25,North America,Canada,Furniture,Desks,Consumer,2,557.02,371.54,185.48
2023-07-15,North America,Canada,Furniture,Tables,Consumer,2,451.54,327.19,124.35
2022-10-25,North America,Canada,Furniture,Chairs,Home Office,4,1682.36,951.9,730.46
2023-01-29,Latin America,Argentina,Clothing,Shoes,Home Office,3,1068.93,847.41,221.52
2023-06-24,Latin America,Chile,Office Supplies,Pens,Corporate,5,924.85,724.38,200.47
2022-10-03,Asia Pacific,Japan,Furniture,Chairs,Home Office,4,1089.32,481.4,607.92
2023-04-12,Asia Pacific,South Korea,Furniture,Desks,Corporate,5,2099.7,1226.43,873.27
2024-06-15,Latin America,Colombia,Electronics,Computers,Consumer,5,1148.75,758.3,390.45
2023-12-13,Latin America,Argentina,Electronics,Audio,Consumer,3,867.54,675.76,191.78
2022-02-26,Latin America,Colombia,Furniture,Desks,Consumer,4,647.24,439.4,207.84
2023-09-16,Asia Pacific,Japan,Clothing,Pants,Home Office,5,820.4,330.38,490.02
2022-04-19,Asia Pacific,South Korea,Electronics,Phones,Home Office,1,269.59,186.6,82.99
2023-02-03,Europe,Italy,Furniture,Tables,Consumer,4,1468.2,782.13,686.07
2022-07-12,Latin America,Colombia,Clothing,Shoes,Home Office,4,311.48,167.36,144.12
2022-07-16,Asia Pacific,Australia,Furniture,Desks,Corporate,4,217.84,109.84,108.0
2023-02-15,Europe,France,Electronics,Audio,Corporate,1,266.69,108.85,157.84
2022-05-05,North America,Mexico,Office Supplies,Paper,Consumer,1,482.16,294.91,187.25
2022-01-10,Asia Pacific,India,Office Supplies,Paper,Home Office,5,968.35,414.22,554.13
2022-12-20,Europe,Italy,Clothing,Pants,Home Office,2,976.26,428.37,547.89
2022-11-13,Asia Pacific,South Korea,Furniture,Desks,Home Office,2,517.18,375.34,141.84
2024-06-30,North America,Mexico,Electronics,Phones,Corporate,3,188.43,126.85,61.58
2024-11-27,Europe,United Kingdom,Clothing,Pants,Home Office,2,997.4,766.0,231.4
2024-07-20,Latin America,Colombia,Electronics,Phones,Corporate,2,378.38,187.59,190.79
2024-10-02,Europe,Spain,Electronics,Audio,Consumer,4,1629.36,1244.61,384.75
2022-07-22,North America,Mexico,Office Supplies,Labels,Home Office,2,296.92,134.86,162.06
2023-02-10,Asia Pacific,India,Clothing,Shoes,Corporate,1,250.33,149.32,101.01
2023-10-21,Latin America,Colombia,Office Supplies,Labels,Corporate,1,268.5,111.87,156.63
2022-07-02,Asia Pacific,South Korea,Furniture,Storage,Home Office,1,271.8,113.85,157.95
2023-09-13,Latin America,Argentina,Office Supplies,Paper,Home Office,4,1487.52,906.78,580.74
2023-01-01,Asia Pacific,China,Furniture,Chairs,Corporate,2,894.5,612.7,281.8
2022-05-30,Europe,Spain,Furniture,Chairs,Consumer,4,443.8,299.9,143.9
2023-08-18,North America,United States,Office Supplies,Pens,Corporate,2,384.34,282.53,101.81
2022-04-02,Europe,Germany,Furniture,Storage,Corporate,5,1789.9,1361.82,428.08
2023-09-27,Europe,France,Clothing,Shirts,Corporate,4,779.16,574.28,204.88
2023-01-24,Latin America,Chile,Electronics,Accessories,Consumer,4,292.64,197.77,94.87
2022-05-25,North America,United States,Furniture,Desks,Consumer,2,546.2,255.05,291.15
2023-06-10,Latin America,Chile,Office Supplies,Binders,Home Office,3,189.48,84.84,104.64
2023-02-18,North America,Mexico,Clothing,Pants,Consumer,5,2489.1,1462.55,1026.55
2022-08-12,North America,United States,Electronics,Accessories,Consumer,1,383.65,277.21,106.44
2023-05-11,Latin America,Chile,Clothing,Pants,Corporate,5,1934.35,1286.63,647.72
2024-10-28,Europe,Germany,Office Supplies,Paper,Home Office,1,474.81,254.75,220.06
2023-05-29,Europe,France,Clothing,Pants,Home Office,1,201.74,93.05,108.69
2023-08-21,North America,United States,Furniture,Tables,Corporate,4,89.6,51.63,37.97
2023-05-19,Asia Pacific,South Korea,Furniture,Tables,Home Office,3,113.37,76.4,36.97
2024-04-19,North America,Mexico,Furniture,Storage,Corporate,1,80.31,35.46,44.85
2023-04-24,North America,Canada,Electronics,Phones,Corporate,5,343.1,168.05,175.05
2022-03-14,North America,United States,Clothing,Shoes,Corporate,5,997.6,762.26,235.34
2023-05-02,Latin America,Chile,Office Supplies,Labels,Corporate,2,465.14,349.68,115.46
2023-04-04,Europe,France,Furniture,Desks,Corporate,2,380.72,155.48,225.24
2023-09-07,Europe,United Kingdom,Clothing,Shoes,Home Office,5,2136.6,1698.59,438.01
2022-09-14,Asia Pacific,Japan,Clothing,Shoes,Corporate,4,1477.56,853.38,624.18
2024-03-06,Latin America,Chile,Office Supplies,Binders,Home Office,4,300.92,184.16,116.76
2023-05-19,Europe,Germany,Furniture,Storage,Corporate,5,2162.95,1550.47,612.48
2024-02-07,Asia Pacific,Japan,Clothing,Pants,Corporate,1,275.99,160.33,115.66
2024-04-24,North America,United States,Furniture,Storage,Home Office,2,666.46,516.41,150.05
2024-06-03,Europe,Spain,Electronics,Computers,Corporate,5,1684.15,857.78,826.37
2022-11-16,Latin America,Argentina,Furniture,Desks,Corporate,4,521.56,362.69,158.87
2024-09-23,Asia Pacific,South Korea,Electronics,Phones,Consumer,1,20.52,15.76,4.76
2022-04-19,Asia Pacific,China,Office Supplies,Binders,Consumer,2,958.8,501.48,457.32
2022-05-16,Asia Pacific,South Korea,Office Supplies,Labels,Corporate,3,1064.31,549.07,515.24
2022-07-27,Europe,Germany,Furniture,Desks,Consumer,5,2280.05,1285.66,994.39
2024-08-19,Asia Pacific,Japan,Electronics,Computers,Corporate,1,380.28,172.74,207.54
2024-02-20,Latin America,Colombia,Clothing,Pants,Consumer,5,1735.9,1262.31,473.59
2024-06-22,Europe,Spain,Electronics,Accessories,Home Office,5,892.4,478.25,414.15
2022-06-24,Asia Pacific,China,Furniture,Tables,Home Office,3,1025.73,786.43,239.3
2022-08-16,Europe,France,Office Supplies,Paper,Corporate,5,2459.75,1470.68,989.07
2024-05-05,Europe,France,Office Supplies,Pens,Home Office,3,1473.6,1122.46,351.14
2022-02-18,Latin America,Chile,Furniture,Chairs,Home Office,2,706.5,356.96,349.54
2024-06-05,Asia Pacific,China,Office Supplies,Labels,Home Office,1,173.13,71.42,101.71
2022-01-22,North America,Canada,Clothing,Pants,Corporate,4,801.24,543.33,257.91
2023-07-08,Latin America,Chile,Office Supplies,Labels,Corporate,3,224.55,120.92,103.63
2023-06-20,Europe,Spain,Office Supplies,Binders,Consumer,4,1840.8,798.76,1042.04
2023-10-15,North America,United States,Furniture,Chairs,Consumer,1,96.78,41.23,55.55
2023-05-01,North America,United States,Electronics,Phones,Home Office,3,1309.14,846.99,462.15
2022-11-16,Latin America,Chile,Electronics,Phones,Consumer,2,215.54,150.54,65.0
2022-06-16,Europe,United Kingdom,Electronics,Phones,Corporate,2,226.02,155.23,70.79
2024-03-03,Asia Pacific,South Korea,Furniture,Desks,Consumer,4,1226.68,581.97,644.71
2023-08-13,North America,Canada,Furniture,Chairs,Consumer,2,974.7,492.52,482.18
2023-01-23,North America,Mexico,Electronics,Computers,Consumer,3,1141.74,560.69,581.05
2024-03-19,Asia Pacific,South Korea,Clothing,Outerwear,Consumer,4,531.88,286.1,245.78
2023-05-09,North America,Mexico,Office Supplies,Binders,Consumer,1,40.19,24.02,16.17
2022-05-04,Latin America,Brazil,Clothing,Shirts,Home Office,1,166.02,117.63,48.39
2024-01-11,North America,Mexico,Office Supplies,Binders,Corporate,3,1121.01,663.84,457.17
2024-10-20,Asia Pacific,India,Office Supplies,Pens,Consumer,5,467.85,316.43,151.42
2024-04-19,Latin America,Colombia,Office Supplies,Labels,Corporate,4,926.28,423.16,503.12
2024-02-29,Latin America,Brazil,Furniture,Storage,Corporate,2,411.42,166.86,244.56
2022-12-20,Europe,Italy,Furniture,Tables,Consumer,1,201.73,92.79,108.94
2023-11-22,Europe,United Kingdom,Clothing,Shoes,Consumer,3,1249.77,926.74,323.03
2023-07-23,Europe,Germany,Clothing,Shoes,Corporate,4,1896.76,879.96,1016.8
2022-05-03,Asia Pacific,China,Electronics,Audio,Home Office,4,1231.32,562.21,669.11
2024-11-28,Latin America,Argentina,Clothing,Shoes,Consumer,3,958.32,513.12,445.2
2023-09-29,Latin America,Brazil,Furniture,Storage,Corporate,3,1216.47,907.05,309.42
2024-01-27,Latin America,Brazil,Electronics,Accessories,Corporate,4,522.36,406.31,116.05
2023-04-24,Asia Pacific,India,Office Supplies,Binders,Home Office,3,1056.54,803.75,252.79
2023-10-22,Europe,Italy,Furniture,Tables,Corporate,5,1200.9,489.68,711.22
2024-11-12,North America,Canada,Furniture,Storage,Consumer,5,1252.8,803.09,449.71
2023-06-29,North America,Canada,Clothing,Pants,Corporate,2,376.5,267.73,108.77
2024-08-28,Europe,Germany,Electronics,Audio,Corporate,5,1232.25,564.92,667.33
2023-07-13,Asia Pacific,India,Office Supplies,Pens,Home Office,2,958.58,612.57,346.01
2022-09-04,Asia Pacific,China,Furniture,Storage,Consumer,4,869.08,632.2,236.88
2022-01-23,Asia Pacific,Australia,Furniture,Tables,Corporate,1,24.12,15.86,8.26
2024-05-13,North America,Canada,Clothing,Pants,Corporate,4,1128.32,719.35,408.97
2023-10-06,North America,Canada,Clothing,Outerwear,Consumer,5,1160.65,539.89,620.76
2022-09-21,Asia Pacific,China,Electronics,Phones,Corporate,5,1218.9,556.67,662.23
2024-02-08,North America,Mexico,Clothing,Outerwear,Corporate,2,340.08,249.76,90.32
2022-03-12,Asia Pacific,Australia,Electronics,Phones,Home Office,2,506.74,390.58,116.16
2022-10-14,Europe,United Kingdom,Furniture,Tables,Consumer,3,1459.32,781.12,678.2
2024-04-25,Asia Pacific,China,Clothing,Shoes,Home Office,1,267.09,175.41,91.68
2024-03-21,Europe,Italy,Electronics,Computers,Corporate,2,132.94,101.64,31.3
2023-06-19,Europe,Germany,Electronics,Phones,Consumer,2,489.12,203.9,285.22
2023-04-22,Europe,Germany,Office Supplies,Binders,Corporate,4,77.76,54.92,22.84
2024-10-05,North America,Mexico,Clothing,Shirts,Consumer,2,597.88,289.1,308.78
2024-10-03,North America,Canada,Electronics,Audio,Home Office,2,409.24,188.62,220.62
2022-01-16,Asia Pacific,Australia,Office Supplies,Labels,Consumer,2,759.08,381.45,377.63
2023-02-05,Asia Pacific,Australia,Clothing,Shirts,Home Office,3,693.93,401.24,292.69
2024-11-14,Latin America,Argentina,Furniture,Chairs,Consumer,4,1617.08,1127.31,489.77
2023-02-26,Europe,Italy,Office Supplies,Pens,Home Office,3,560.58,236.42,324.16
2023-04-16,Asia Pacific,Japan,Electronics,Audio,Consumer,2,833.0,619.87,213.13
2023-02-27,Latin America,Colombia,Office Supplies,Labels,Corporate,5,1896.95,1457.48,439.47
2024-09-10,Asia Pacific,Japan,Electronics,Phones,Consumer,1,313.45,232.85,80.6
2023-07-16,North America,Canada,Clothing,Shoes,Home Office,5,2404.95,1055.52,1349.43
2024-01-24,Europe,Germany,Clothing,Outerwear,Consumer,3,643.71,263.25,380.46
2022-03-13,North America,Canada,Furniture,Storage,Corporate,2,137.92,90.29,47.63
2022-03-04,Latin America,Argentina,Electronics,Phones,Consumer,2,466.14,351.74,114.4
2023-07-14,Asia Pacific,China,Clothing,Shirts,Home Office,2,231.16,129.22,101.94
2024-02-12,North America,United States,Clothing,Shoes,Corporate,4,383.04,155.25,227.79
2022-04-01,North America,Canada,Office Supplies,Labels,Consumer,3,65.88,33.52,32.36
2023-01-21,Europe,Spain,Electronics,Phones,Home Office,4,1135.52,773.49,362.03
2023-04-20,North America,Canada,Office Supplies,Paper,Home Office,3,700.71,412.71,288.0
2022-12-02,Asia Pacific,Australia,Furniture,Storage,Home Office,3,628.29,397.13,231.16
2024-02-02,Latin America,Chile,Office Supplies,Pens,Home Office,4,1364.4,768.33,596.07
2024-06-03,North America,Mexico,Office Supplies,Pens,Corporate,3,978.84,568.03,410.81
2022-12-03,North America,Canada,Furniture,Storage,Home Office,2,854.08,537.62,316.46
2023-02-26,Latin America,Brazil,Clothing,Shirts,Home Office,5,152.85,67.49,85.36
2022-01-09,Asia Pacific,South Korea,Furniture,Tables,Home Office,3,749.1,397.17,351.93
2024-02-04,Latin America,Colombia,Furniture,Storage,Home Office,4,1388.08,1103.77,284.31
2023-04-08,Latin America,Argentina,Furniture,Chairs,Home Office,1,252.65,193.62,59.03
2023-09-20,Europe,Spain,Office Supplies,Pens,Home Office,1,476.26,226.89,249.37
2022-02-03,North America,Canada,Electronics,Computers,Consumer,1,42.84,24.89,17.95
2022-09-01,Latin America,Chile,Clothing,Shirts,Home Office,5,785.55,436.06,349.49
2023-03-03,Asia Pacific,India,Clothing,Shirts,Home Office,4,1954.96,1172.97,781.99
2023-12-21,North America,Canada,Clothing,Shoes,Home Office,1,217.12,137.84,79.28
2023-12-20,Latin America,Brazil,Clothing,Shirts,Corporate,1,242.69,149.86,92.83
2022-06-19,Europe,United Kingdom,Clothing,Shoes,Home Office,3,384.84,305.41,79.43
2022-03-12,Asia Pacific,Australia,Clothing,Pants,Home Office,4,226.12,152.3,73.82
2022-02-27,Latin America,Brazil,Furniture,Desks,Corporate,5,1001.05,770.8,230.25
2022-04-10,Asia Pacific,South Korea,Electronics,Accessories,Consumer,4,615.04,286.05,328.99
2023-08-18,Asia Pacific,India,Electronics,Computers,Consumer,2,492.5,246.06,246.44
2024-03-04,Europe,Spain,Electronics,Audio,Consumer,2,353.26,237.82,115.44
2024-10-07,Europe,Spain,Electronics,Phones,Consumer,2,149.36,118.22,31.14
2022-02-18,Latin America,Colombia,Office Supplies,Labels,Consumer,5,2249.35,1231.1,1018.25
2022-08-06,Latin America,Colombia,Electronics,Audio,Corporate,5,1770.0,755.39,1014.61
2022-06-28,Asia Pacific,Australia,Clothing,Shoes,Home Office,2,908.48,681.55,226.93
2022-09-05,North America,United States,Electronics,Computers,Home Office,2,457.18,365.11,92.07
2024-02-04,Asia Pacific,India,Electronics,Computers,Home Office,4,267.08,111.08,156.0
2023-02-19,Europe,France,Furniture,Desks,Consumer,3,118.2,84.54,33.66
2022-08-19,Asia Pacific,South Korea,Electronics,Audio,Consumer,3,1383.48,1029.63,353.85
2023-03-14,Europe,Spain,Clothing,Shoes,Consumer,1,94.48,58.69,35.79
2022-05-26,Europe,Germany,Furniture,Chairs,Corporate,5,2475.15,1061.93,1413.22
2022-12-04,Europe,Spain,Office Supplies,Pens,Corporate,4,156.96,89.9,67.06
2023-10-19,Latin America,Brazil,Furniture,Storage,Corporate,4,1228.6,917.49,311.11
2022-09-18,Latin America,Colombia,Furniture,Tables,Home Office,5,754.7,535.26,219.44
2024-06-05,North America,Canada,Electronics,Phones,Home Office,2,777.46,323.41,454.05
2023-07-23,Latin America,Chile,Clothing,Outerwear,Corporate,5,1532.95,1176.89,356.06
2024-08-20,Latin America,Colombia,Furniture,Desks,Corporate,1,348.8,275.58,73.22
2024-12-27,North America,Canada,Office Supplies,Binders,Corporate,5,1308.1,687.04,621.06
2023-10-26,Europe,Italy,Furniture,Storage,Corporate,2,829.22,503.39,325.83
2024-04-22,Asia Pacific,Australia,Clothing,Pants,Home Office,2,806.2,544.45,261.75
2023-01-25,Asia Pacific,South Korea,Office Supplies,Pens,Corporate,5,1324.3,591.81,732.49
2023-08-20,Europe,Germany,Office Supplies,Pens,Home Office,4,775.0,431.41,343.59
2023-07-09,Latin America,Chile,Furniture,Storage,Home Office,1,133.74,105.2,28.54
2024-03-16,North America,United States,Furniture,Storage,Corporate,4,1872.12,1161.2,710.92
2023-07-22,Latin America,Argentina,Office Supplies,Paper,Corporate,4,1206.72,712.63,494.09
2024-03-03,Asia Pacific,China,Furniture,Tables,Consumer,3,1147.38,915.24,232.14
2022-03-26,North America,Canada,Electronics,Audio,Consumer,1,463.62,312.8,150.82
2023-02-24,North America,Mexico,Electronics,Phones,Consumer,3,1465.95,1008.32,457.63
2023-08-06,Latin America,Argentina,Furniture,Tables,Home Office,5,1448.0,733.69,714.31
2023-12-26,Europe,Germany,Electronics,Audio,Consumer,2,809.6,591.05,218.55
2023-02-21,North America,United States,Electronics,Audio,Corporate,1,56.88,41.99,14.89
2023-03-29,Europe,Spain,Furniture,Tables,Consumer,3,187.86,93.09,94.77
2023-09-24,Latin America,Colombia,Clothing,Pants,Consumer,1,425.17,239.55,185.62
2024-06-28,Latin America,Argentina,Clothing,Shoes,Consumer,5,1924.4,927.66,996.74
2024-10-03,Latin America,Chile,Office Supplies,Paper,Corporate,5,1558.3,1145.8,412.5
2023-02-25,Asia Pacific,Japan,Electronics,Accessories,Consumer,4,445.96,234.43,211.53
2024-04-09,Asia Pacific,Japan,Office Supplies,Pens,Corporate,5,2200.45,1725.73,474.72
2023-05-15,North America,Canada,Electronics,Accessories,Home Office,3,558.51,227.98,330.53
2024-06-12,Latin America,Colombia,Electronics,Accessories,Corporate,3,365.97,200.05,165.92
2023-06-17,Latin America,Argentina,Furniture,Tables,Home Office,5,1517.8,1098.97,418.83
2022-03-16,Latin America,Chile,Electronics,Computers,Consumer,2,110.52,74.95,35.57
2022-04-13,Asia Pacific,China,Office Supplies,Labels,Consumer,3,238.2,136.81,101.39
2023-01-16,Europe,Spain,Office Supplies,Pens,Home Office,1,123.59,54.0,69.59
2022-04-17,Europe,France,Clothing,Shoes,Consumer,2,36.84,28.9,7.94
2022-06-07,North America,United States,Office Supplies,Pens,Home Office,1,391.74,243.42,148.32
2024-01-26,Europe,Germany,Furniture,Tables,Consumer,3,1287.45,909.63,377.82
2024-11-17,North America,Mexico,Electronics,Accessories,Consumer,2,67.38,31.15,36.23
2022-09-28,Europe,Italy,Office Supplies,Binders,Corporate,2,465.84,318.67,147.17
2023-05-24,Europe,Italy,Electronics,Phones,Corporate,2,20.56,12.01,8.55
2024-09-30,Latin America,Colombia,Clothing,Outerwear,Home Office,5,1809.95,1266.49,543.46
2023-05-30,Latin America,Argentina,Clothing,Pants,Consumer,2,91.94,73.36,18.58
2023-09-04,North America,Mexico,Clothing,Shoes,Corporate,3,579.24,304.57,274.67
2023-02-11,North America,United States,Clothing,Pants,Corporate,5,1986.8,1390.14,596.66
2023-09-11,Latin America,Argentina,Furniture,Chairs,Consumer,4,535.72,299.84,235.88
2024-08-10,Asia Pacific,Japan,Clothing,Pants,Corporate,1,130.23,59.67,70.56
2022-07-27,Asia Pacific,Australia,Electronics,Audio,Corporate,4,1778.6,1331.9,446.7
2022-06-09,Asia Pacific,Australia,Clothing,Shirts,Corporate,1,182.72,87.23,95.49
2024-11-03,Europe,United Kingdom,Electronics,Computers,Home Office,5,710.55,291.24,419.31
2023-03-24,Asia Pacific,China,Clothing,Shoes,Corporate,5,1177.7,763.98,413.72
2023-08-07,Asia Pacific,China,Electronics,Accessories,Corporate,4,1536.72,636.91,899.81
2024-11-02,North America,United States,Clothing,Outerwear,Home Office,4,1473.64,963.88,509.76
2022-10-22,Europe,Germany,Electronics,Accessories,Corporate,4,471.68,196.98,274.7
2022-01-25,Europe,Germany,Clothing,Pants,Corporate,2,438.38,274.98,163.4
2023-03-08,North America,United States,Furniture,Chairs,Corporate,4,1582.56,771.72,810.84
2022-12-06,Latin America,Brazil,Electronics,Accessories,Corporate,5,1833.4,1006.26,827.14
2024-08-18,Asia Pacific,South Korea,Office Supplies,Binders,Home Office,2,674.4,495.11,179.29
2024-12-01,Asia Pacific,South Korea,Furniture,Tables,Consumer,4,987.44,524.59,462.85
2024-11-08,Asia Pacific,India,Clothing,Shirts,Home Office,3,1208.46,607.92,600.54
2022-10-31,Europe,Germany,Furniture,Desks,Consumer,1,351.72,211.85,139.87
2024-04-25,Latin America,Colombia,Office Supplies,Binders,Consumer,2,179.2,106.17,73.03
2022-05-16,Asia Pacific,China,Clothing,Shoes,Corporate,2,425.94,337.06,88.88
2023-11-15,Asia Pacific,China,Office Supplies,Pens,Corporate,4,1858.56,1038.08,820.48
2023-03-15,Latin America,Colombia,Furniture,Storage,Consumer,5,2021.1,1080.17,940.93
2023-11-01,Latin America,Brazil,Electronics,Phones,Consumer,1,83.52,47.72,35.8
2022-07-09,Europe,United Kingdom,Electronics,Accessories,Consumer,1,75.41,59.84,15.57
2024-01-22,Asia Pacific,South Korea,Electronics,Phones,Consumer,3,515.31,214.15,301.16
2022-06-18,North America,Mexico,Electronics,Computers,Consumer,4,1655.4,986.86,668.54
2023-07-02,Asia Pacific,South Korea,Electronics,Audio,Consumer,1,236.54,175.27,61.27
2022-11-19,North America,Canada,Furniture,Storage,Consumer,4,1710.24,1139.03,571.21
2024-08-26,Latin America,Chile,Office Supplies,Binders,Home Office,4,859.24,663.5,195.74
2023-09-26,Asia Pacific,Japan,Furniture,Desks,Consumer,2,56.06,23.74,32.32
2022-08-30,Europe,United Kingdom,Clothing,Pants,Consumer,1,148.41,79.12,69.29
2023-10-18,Europe,Spain,Clothing,Shoes,Consumer,5,1837.0,957.11,879.89
2023-03-06,Latin America,Brazil,Office Supplies,Pens,Corporate,2,358.18,150.28,207.9
2023-06-01,Latin America,Argentina,Clothing,Shoes,Home Office,4,1576.12,1174.26,401.86
2024-07-09,Europe,France,Clothing,Outerwear,Home Office,2,27.28,19.46,7.82
2023-05-29,Latin America,Brazil,Clothing,Outerwear,Consumer,1,443.27,219.87,223.4
2024-10-11,Asia Pacific,Japan,Furniture,Desks,Consumer,1,319.45,218.68,100.77
2024-02-03,Asia Pacific,China,Electronics,Accessories,Home Office,2,226.84,120.91,105.93
2024-10-31,Asia Pacific,South Korea,Clothing,Pants,Corporate,1,232.93,160.17,72.76
2023-08-18,Latin America,Brazil,Office Supplies,Binders,Consumer,4,1195.08,939.37,255.71
2022-05-09,Latin America,Colombia,Clothing,Pants,Corporate,5,596.1,301.56,294.54
2022-03-21,Europe,Italy,Office Supplies,Labels,Corporate,1,270.06,112.4,157.66
2024-07-09,Europe,Spain,Electronics,Accessories,Consumer,1,403.17,205.4,197.77
2024-05-03,North America,Mexico,Office Supplies,Paper,Corporate,5,572.85,380.67,192.18
2023-08-12,North America,United States,Clothing,Outerwear,Consumer,5,1657.45,672.4,985.05
2024-05-29,North America,Canada,Furniture,Desks,Consumer,1,73.64,51.53,22.11
2023-06-13,Europe,France,Office Supplies,Labels,Consumer,4,440.04,204.87,235.17
2022-07-19,Asia Pacific,Australia,Electronics,Phones,Consumer,1,427.98,171.76,256.22
2023-05-06,North America,Canada,Furniture,Chairs,Corporate,3,208.53,147.31,61.22
2024-12-30,Latin America,Brazil,Clothing,Outerwear,Consumer,3,1189.83,644.05,545.78
2024-03-05,Europe,Italy,Office Supplies,Paper,Home Office,1,496.14,230.66,265.48
2023-12-02,Europe,Italy,Furniture,Desks,Home Office,3,73.8,54.72,19.08
2024-06-04,North America,Mexico,Clothing,Pants,Consumer,2,628.66,373.03,255.63
2022-05-18,Europe,Spain,Clothing,Shoes,Corporate,3,322.71,134.5,188.21
2024-07-16,Europe,United Kingdom,Office Supplies,Paper,Home Office,3,983.61,556.93,426.68
2022-01-16,Asia Pacific,India,Electronics,Computers,Consumer,5,1325.25,936.22,389.03
2022-10-06,Latin America,Colombia,Office Supplies,Paper,Home Office,1,395.21,258.95,136.26
2023-05-19,Asia Pacific,South Korea,Clothing,Outerwear,Consumer,1,36.91,19.2,17.71
2022-10-08,Asia Pacific,India,Furniture,Storage,Corporate,4,1963.36,1551.16,412.2
2024-01-16,North America,Canada,Office Supplies,Binders,Corporate,1,22.81,11.73,11.08
2023-01-14,North America,United States,Electronics,Audio,Consumer,1,487.57,344.81,142.76
2023-10-14,North America,United States,Furniture,Chairs,Consumer,1,145.49,107.17,38.32
2022-06-13,Asia Pacific,South Korea,Office Supplies,Paper,Corporate,1,162.83,122.32,40.51
2022-07-10,Asia Pacific,Australia,Electronics,Computers,Consumer,1,475.0,301.78,173.22
2022-08-07,Latin America,Brazil,Clothing,Outerwear,Corporate,5,311.9,144.57,167.33
2023-05-23,North America,Canada,Furniture,Tables,Home Office,5,1766.7,780.09,986.61
2022-02-04,Latin America,Argentina,Furniture,Tables,Home Office,5,634.55,357.36,277.19
2024-12-07,Asia Pacific,South Korea,Furniture,Desks,Home Office,2,78.18,37.87,40.31
2024-03-06,Europe,Italy,Office Supplies,Binders,Consumer,4,1948.48,1100.15,848.33
2023-08-13,Asia Pacific,Japan,Electronics,Accessories,Corporate,5,1269.3,1004.18,265.12
2024-04-10,Europe,France,Furniture,Tables,Home Office,5,343.95,229.9,114.05
2022-09-29,North America,United States,Furniture,Chairs,Home Office,1,345.19,156.43,188.76
2023-03-23,Asia Pacific,China,Electronics,Computers,Home Office,1,416.69,168.97,247.72
2022-08-08,Asia Pacific,Japan,Clothing,Pants,Consumer,1,435.71,230.95,204.76
2024-04-21,Latin America,Chile,Clothing,Pants,Home Office,2,222.64,120.51,102.13
2023-05-13,Latin America,Colombia,Office Supplies,Labels,Consumer,3,34.5,20.2,14.3
2022-05-06,North America,Mexico,Clothing,Outerwear,Consumer,4,256.4,132.02,124.38
2023-08-04,Asia Pacific,Japan,Clothing,Shirts,Corporate,5,209.95,122.14,87.81
2023-09-13,Europe,Spain,Furniture,Storage,Corporate,4,568.48,336.62,231.86
2024-06-16,Europe,United Kingdom,Furniture,Desks,Corporate,2,986.76,612.48,374.28
2022-10-24,North America,Canada,Office Supplies,Binders,Home Office,1,143.19,94.98,48.21
2023-09-28,Latin America,Brazil,Electronics,Phones,Consumer,3,400.59,199.38,201.21
2024-12-21,Europe,Spain,Electronics,Computers,Consumer,3,1159.68,820.91,338.77
2024-05-09,Asia Pacific,China,Clothing,Pants,Consumer,1,368.98,253.99,114.99
2024-05-20,Asia Pacific,Australia,Furniture,Desks,Home Office,5,1434.8,778.74,656.06
2024-02-18,Latin America,Argentina,Furniture,Storage,Consumer,3,554.61,390.21,164.4
2024-12-26,Asia Pacific,India,Furniture,Desks,Home Office,1,347.97,153.55,194.42
2022-10-08,Europe,Spain,Electronics,Computers,Corporate,4,1088.56,757.03,331.53
2022-07-30,Latin America,Argentina,Furniture,Tables,Consumer,3,172.38,86.64,85.74
2024-04-17,North America,Canada,Clothing,Pants,Consumer,3,1387.65,894.63,493.02
2022-07-11,Asia Pacific,South Korea,Furniture,Chairs,Corporate,3,825.39,547.17,278.22
2022-01-14,Latin America,Argentina,Clothing,Outerwear,Consumer,1,256.81,126.28,130.53
2023-07-23,North America,Canada,Office Supplies,Binders,Corporate,5,1755.05,720.9,1034.15
2022-07-19,North America,Mexico,Office Supplies,Pens,Consumer,2,249.54,104.33,145.21
2023-01-03,Europe,Germany,Furniture,Tables,Corporate,4,160.08,92.81,67.27
2022-10-03,North America,United States,Furniture,Storage,Home Office,3,1257.09,719.97,537.12
2022-05-10,Europe,Spain,Clothing,Shirts,Consumer,3,81.63,38.37,43.26
2024-05-10,North America,United States,Furniture,Tables,Consumer,2,426.76,244.9,181.86
2022-12-07,Asia Pacific,South Korea,Office Supplies,Labels,Consumer,5,1355.5,849.79,505.71
2024-07-08,Latin America,Argentina,Clothing,Outerwear,Corporate,3,921.24,709.8,211.44
2022-02-11,Europe,Spain,Office Supplies,Labels,Home Office,4,1857.4,1392.85,464.55
2022-08-25,Europe,United Kingdom,Furniture,Chairs,Home Office,4,813.44,536.76,276.68
2022-10-04,North America,Mexico,Furniture,Tables,Consumer,2,909.84,548.97,360.87
2022-06-01,Europe,Italy,Electronics,Audio,Home Office,5,279.15,140.82,138.33
2022-10-06,Europe,United Kingdom,Clothing,Shoes,Consumer,2,806.82,393.89,412.93
2022-07-03,Europe,Italy,Clothing,Shirts,Corporate,5,246.4,173.48,72.92
2024-08-01,Europe,France,Office Supplies,Paper,Consumer,1,392.22,278.52,113.7
2022-02-19,North America,United States,Office Supplies,Pens,Home Office,5,248.6,167.85,80.75
2024-09-11,North America,Canada,Office Supplies,Paper,Home Office,5,113.3,52.11,61.19
2023-12-25,Asia Pacific,India,Electronics,Audio,Corporate,3,264.12,163.31,100.81
2022-10-30,Latin America,Chile,Clothing,Shirts,Consumer,2,827.86,426.84,401.02
2022-03-28,Asia Pacific,India,Clothing,Shirts,Home Office,4,955.92,399.25,556.67
2022-04-11,North America,Mexico,Office Supplies,Pens,Corporate,3,965.91,420.63,545.28
2024-11-22,Asia Pacific,South Korea,Furniture,Desks,Corporate,5,351.2,198.49,152.71
2023-07-06,Europe,France,Office Supplies,Paper,Corporate,3,1237.71,883.79,353.92
2024-02-08,North America,Mexico,Electronics,Accessories,Consumer,4,447.52,252.43,195.09
2024-07-31,Asia Pacific,China,Furniture,Tables,Consumer,1,141.23,59.15,82.08
2022-09-08,Latin America,Chile,Electronics,Phones,Corporate,3,1444.35,949.68,494.67
2024-08-28,Latin America,Argentina,Furniture,Desks,Home Office,2,537.76,228.91,308.85
2023-07-03,Europe,Germany,Electronics,Computers,Home Office,4,1253.4,649.34,604.06
2022-12-16,Asia Pacific,India,Office Supplies,Pens,Consumer,2,881.86,619.59,262.27
2022-09-25,Asia Pacific,South Korea,Clothing,Pants,Consumer,3,1442.34,722.24,720.1
2024-08-04,North America,Canada,Office Supplies,Labels,Consumer,3,1420.83,780.7,640.13
2023-08-19,North America,United States,Clothing,Pants,Home Office,3,529.71,356.64,173.07
2023-08-25,Europe,United Kingdom,Electronics,Accessories,Corporate,3,634.44,324.78,309.66
2023-08-19,North America,United States,Electronics,Audio,Consumer,5,1758.65,1068.38,690.27
2023-07-19,Asia Pacific,Japan,Clothing,Shirts,Home Office,3,85.2,57.49,27.71
2022-04-28,Asia Pacific,Japan,Furniture,Tables,Consumer,3,315.66,192.71,122.95
2023-10-08,North America,Canada,Furniture,Tables,Consumer,1,56.34,36.05,20.29
2024-12-13,Latin America,Brazil,Electronics,Computers,Consumer,5,274.0,183.99,90.01
2024-10-05,Europe,Germany,Clothing,Outerwear,Consumer,1,442.37,328.21,114.16
2022-06-07,North America,Mexico,Clothing,Outerwear,Corporate,1,236.24,141.81,94.43
2024-04-13,North America,United States,Furniture,Tables,Consumer,1,297.18,158.65,138.53
2024-04-29,North America,Mexico,Furniture,Chairs,Consumer,4,694.36,454.62,239.74
2024-10-15,Asia Pacific,Australia,Electronics,Accessories,Consumer,5,1716.3,955.47,760.83
2023-12-10,Europe,United Kingdom,Electronics,Audio,Home Office,1,406.17,303.95,102.22
2023-08-11,North America,Mexico,Office Supplies,Pens,Consumer,4,1078.6,579.4,499.2
2022-02-24,Europe,Spain,Furniture,Tables,Home Office,2,942.76,605.84,336.92
2024-11-01,Europe,United Kingdom,Furniture,Desks,Corporate,3,526.41,226.72,299.69
2023-06-07,North America,Mexico,Office Supplies,Pens,Home Office,5,1047.75,732.23,315.52
2024-01-22,North America,Canada,Furniture,Desks,Corporate,4,893.32,639.88,253.44
2022-04-05,North America,United States,Furniture,Desks,Consumer,1,472.49,354.34,118.15
2022-04-24,Europe,France,Clothing,Shoes,Home Office,1,410.9,289.72,121.18
2024-03-02,Europe,Spain,Electronics,Audio,Home Office,2,117.94,55.46,62.48
2023-03-24,Asia Pacific,Australia,Office Supplies,Paper,Corporate,5,1398.2,803.26,594.94
2022-08-11,Latin America,Colombia,Clothing,Pants,Home Office,2,984.24,721.01,263.23
2023-08-18,North America,United States,Furniture,Storage,Home Office,1,398.97,316.81,82.16
2023-02-02,Asia Pacific,Australia,Furniture,Desks,Home Office,5,1854.8,1134.1,720.7
2024-04-14,North America,United States,Furniture,Storage,Home Office,1,36.17,24.12,12.05
2024-07-13,North America,Mexico,Electronics,Audio,Home Office,5,1783.5,1286.46,497.04
2023-08-09,Europe,United Kingdom,Clothing,Outerwear,Home Office,2,414.8,265.12,149.68
2024-05-11,Latin America,Chile,Clothing,Shirts,Home Office,3,243.42,173.66,69.76
2024-02-26,Europe,Germany,Office Supplies,Paper,Corporate,1,388.43,293.24,95.19
2023-02-03,Europe,Germany,Electronics,Computers,Consumer,3,1177.38,836.54,340.84
2024-05-30,Latin America,Brazil,Clothing,Shirts,Home Office,4,343.8,225.57,118.23
2024-07-25,Latin America,Brazil,Clothing,Pants,Home Office,2,323.32,251.29,72.03
2023-04-13,Europe,France,Office Supplies,Pens,Home Office,2,664.12,414.72,249.4
2022-02-05,Asia Pacific,China,Office Supplies,Labels,Home Office,1,490.98,373.59,117.39
2024-06-08,Asia Pacific,China,Furniture,Desks,Home Office,3,830.43,380.87,449.56
2023-06-29,North America,Mexico,Clothing,Shoes,Corporate,4,1275.48,981.33,294.15
2023-03-20,North America,Mexico,Clothing,Shoes,Consumer,2,771.16,557.47,213.69
2023-10-05,Asia Pacific,China,Office Supplies,Pens,Corporate,4,1101.28,546.5,554.78
2023-09-29,Asia Pacific,China,Electronics,Computers,Corporate,2,20.96,13.98,6.98
2024-11-18,Latin America,Colombia,Clothing,Shirts,Consumer,1,418.52,295.18,123.34
2024-10-28,Europe,United Kingdom,Electronics,Computers,Home Office,3,1240.62,904.82,335.8
2022-02-22,North America,United States,Clothing,Shirts,Home Office,3,147.75,96.32,51.43
2022-05-30,Asia Pacific,China,Clothing,Shoes,Consumer,5,529.95,335.45,194.5
2024-06-26,Latin America,Argentina,Electronics,Audio,Consumer,3,427.08,323.85,103.23
2024-06-21,Latin America,Chile,Clothing,Pants,Consumer,4,1775.44,1225.78,549.66
2024-04-23,Europe,Italy,Furniture,Storage,Consumer,5,2006.75,1401.4,605.35
2024-10-04,Latin America,Colombia,Electronics,Computers,Home Office,5,213.65,151.93,61.72
2022-02-16,Latin America,Chile,Electronics,Computers,Consumer,2,464.78,202.49,262.29
2022-09-29,Asia Pacific,Australia,Furniture,Tables,Corporate,4,253.08,156.37,96.71
2022-06-12,Latin America,Brazil,Furniture,Tables,Home Office,1,48.51,22.57,25.94
2024-02-17,North America,United States,Clothing,Pants,Home Office,3,224.55,134.35,90.2
2023-12-08,Latin America,Brazil,Furniture,Tables,Corporate,1,446.79,276.15,170.64
2023-09-21,Asia Pacific,South Korea,Electronics,Computers,Home Office,3,100.23,74.74,25.49
2023-08-26,North America,United States,Clothing,Outerwear,Corporate,1,125.89,60.67,65.22
2023-05-28,North America,Canada,Clothing,Shirts,Consumer,4,1492.2,895.12,597.08
2024-11-17,Europe,Germany,Electronics,Phones,Consumer,1,440.31,333.63,106.68
2023-01-09,North America,Mexico,Furniture,Storage,Home Office,4,376.36,232.76,143.6
2024-10-03,Latin America,Argentina,Clothing,Pants,Home Office,2,879.12,649.87,229.25
2022-12-29,Asia Pacific,India,Electronics,Audio,Consumer,5,1888.15,1480.13,408.02
2022-02-16,Latin America,Colombia,Clothing,Shirts,Corporate,4,1412.2,792.33,619.87
2024-10-13,Europe,Spain,Furniture,Chairs,Corporate,1,194.3,88.88,105.42
2022-12-17,Europe,Germany,Office Supplies,Binders,Home Office,2,104.46,58.22,46.24
2024-01-20,North America,Canada,Clothing,Shirts,Home Office,3,625.26,287.7,337.56
2022-05-30,Europe,United Kingdom,Furniture,Storage,Home Office,4,1939.08,1361.21,577.87
2022-03-22,Asia Pacific,Japan,Clothing,Outerwear,Home Office,1,477.01,215.01,262.0
2022-03-19,Asia Pacific,China,Furniture,Desks,Home Office,5,1806.05,903.58,902.47
2023-08-21,Europe,France,Office Supplies,Paper,Home Office,1,148.95,86.5,62.45
2024-11-05,Latin America,Brazil,Clothing,Shirts,Corporate,2,250.58,154.76,95.82
2024-07-05,Latin America,Colombia,Furniture,Tables,Consumer,5,1157.4,639.09,518.31
2022-06-09,North America,Mexico,Clothing,Shoes,Home Office,5,1256.55,775.03,481.52
2024-06-12,Latin America,Argentina,Furniture,Storage,Home Office,5,530.6,423.25,107.35
2022-03-20,Asia Pacific,South Korea,Electronics,Accessories,Home Office,2,688.7,493.77,194.93
2024-01-26,North America,Mexico,Office Supplies,Paper,Home Office,3,1140.69,634.29,506.4
2023-11-11,Latin America,Brazil,Electronics,Phones,Consumer,3,1352.67,636.25,716.42
2023-12-03,Asia Pacific,Australia,Office Supplies,Pens,Home Office,4,942.96,525.82,417.14
2022-10-15,Asia Pacific,South Korea,Office Supplies,Pens,Home Office,2,641.28,290.65,350.63
2024-12-26,Asia Pacific,India,Furniture,Tables,Home Office,5,2339.6,1254.2,1085.4
2022-12-03,Asia Pacific,China,Office Supplies,Pens,Home Office,3,1091.97,843.94,248.03
2022-12-31,Asia Pacific,India,Furniture,Tables,Corporate,5,593.05,401.99,191.06
2023-12-05,Asia Pacific,China,Furniture,Chairs,Home Office,4,763.68,313.31,450.37
2024-09-29,Asia Pacific,India,Office Supplies,Paper,Home Office,3,1141.29,809.4,331.89
2023-08-12,Asia Pacific,Japan,Electronics,Computers,Corporate,5,343.95,230.51,113.44
2024-11-15,North America,United States,Clothing,Shoes,Consumer,1,107.58,78.88,28.7
2023-11-15,Europe,France,Electronics,Phones,Corporate,2,406.64,177.0,229.64
2023-08-25,Latin America,Brazil,Office Supplies,Binders,Consumer,1,116.13,54.51,61.62
2023-03-16,Latin America,Colombia,Electronics,Computers,Corporate,4,1709.04,714.92,994.12
2023-06-29,Europe,United Kingdom,Office Supplies,Paper,Consumer,3,290.67,160.79,129.88
2024-12-19,North America,Mexico,Clothing,Shirts,Home Office,2,762.6,307.09,455.51
2024-01-10,Europe,Germany,Office Supplies,Labels,Consumer,2,936.48,583.39,353.09
2024-05-26,Latin America,Brazil,Office Supplies,Labels,Corporate,5,1133.4,588.76,544.64
2022-12-10,Europe,Spain,Office Supplies,Binders,Home Office,3,825.78,442.46,383.32
2024-05-14,Asia Pacific,Australia,Office Supplies,Pens,Home Office,2,318.46,205.65,112.81
2022-09-01,North America,Mexico,Clothing,Outerwear,Consumer,2,933.92,375.91,558.01
2022-03-22,North America,United States,Office Supplies,Binders,Home Office,2,594.6,446.76,147.84
2022-05-29,Europe,Germany,Electronics,Audio,Corporate,1,112.09,59.36,52.73
2024-09-11,North America,Mexico,Furniture,Desks,Home Office,2,688.36,353.52,334.84
2023-08-06,Latin America,Colombia,Clothing,Pants,Corporate,2,434.62,330.11,104.51
2024-06-22,Asia Pacific,India,Furniture,Chairs,Consumer,3,1273.56,1011.1,262.46
2022-12-10,Asia Pacific,Australia,Furniture,Chairs,Home Office,2,809.28,379.67,429.61
2022-08-05,Europe,Germany,Electronics,Computers,Consumer,5,400.85,295.21,105.64
2022-01-15,Asia Pacific,South Korea,Electronics,Phones,Corporate,1,443.89,269.81,174.08
2024-04-30,Asia Pacific,India,Furniture,Tables,Home Office,5,1184.8,485.4,699.4
2022-12-05,Latin America,Colombia,Electronics,Accessories,Consumer,2,901.86,533.93,367.93
2023-10-20,Asia Pacific,Australia,Office Supplies,Labels,Consumer,4,343.32,215.77,127.55
2022-03-08,Asia Pacific,Japan,Electronics,Accessories,Corporate,5,640.65,282.46,358.19
2022-04-19,Europe,Spain,Electronics,Accessories,Consumer,1,234.01,113.74,120.27
2024-06-26,Europe,Italy,Furniture,Chairs,Corporate,2,189.1,119.26,69.84
2023-03-15,Latin America,Argentina,Electronics,Accessories,Corporate,5,234.65,122.32,112.33
2022-10-22,Europe,Germany,Office Supplies,Binders,Home Office,2,793.56,589.04,204.52
2023-02-21,Asia Pacific,South Korea,Office Supplies,Binders,Corporate,1,249.66,164.24,85.42
2024-10-06,Europe,Germany,Clothing,Outerwear,Consumer,1,289.81,146.18,143.63
2023-06-04,Latin America,Brazil,Furniture,Desks,Home Office,5,1125.05,534.08,590.97
2022-12-24,Latin America,Brazil,Furniture,Chairs,Corporate,2,673.38,429.86,243.52
2024-12-15,Latin America,Brazil,Furniture,Desks,Home Office,3,233.25,182.05,51.2
2024-11-28,Europe,Germany,Furniture,Chairs,Home Office,1,76.01,41.48,34.53
2022-04-22,Europe,Germany,Electronics,Phones,Corporate,5,1247.9,903.9,344.0
2024-08-11,Latin America,Chile,Furniture,Storage,Home Office,5,925.55,457.89,467.66
2024-12-31,Latin America,Brazil,Electronics,Computers,Consumer,3,1467.66,725.78,741.88
2024-03-05,North America,Mexico,Office Supplies,Paper,Corporate,1,179.97,134.75,45.22
2023-03-07,North America,United States,Furniture,Tables,Home Office,5,1885.75,1255.16,630.59
2022-07-09,Asia Pacific,Japan,Clothing,Outerwear,Home Office,5,522.5,336.92,185.58
2023-02-07,North America,Mexico,Clothing,Shoes,Consumer,2,693.04,415.79,277.25
2022-08-24,Europe,Spain,Electronics,Computers,Home Office,2,133.24,61.69,71.55
2024-07-31,Latin America,Colombia,Furniture,Chairs,Consumer,5,1939.85,1298.49,641.36
2022-08-26,North America,Canada,Clothing,Shirts,Consumer,2,61.02,39.48,21.54
2022-03-07,Latin America,Argentina,Office Supplies,Labels,Consumer,2,926.98,647.69,279.29
2023-03-15,North America,Canada,Furniture,Desks,Corporate,3,336.36,136.35,200.01
2023-01-02,Latin America,Chile,Electronics,Computers,Corporate,2,118.44,60.85,57.59
2024-03-19,Europe,France,Electronics,Audio,Consumer,2,604.4,332.56,271.84
2022-02-05,Europe,France,Office Supplies,Labels,Consumer,1,404.63,196.59,208.04
2023-12-09,Europe,Italy,Clothing,Shirts,Consumer,2,969.5,433.81,535.69
2023-07-19,Europe,Spain,Office Supplies,Binders,Home Office,3,599.43,422.62,176.81
2022-09-24,Europe,United Kingdom,Office Supplies,Paper,Home Office,2,45.14,35.93,9.21
2022-04-21,Latin America,Brazil,Office Supplies,Pens,Corporate,2,566.38,289.52,276.86
2022-12-07,North America,Canada,Electronics,Accessories,Corporate,5,104.85,51.51,53.34
2022-09-17,Asia Pacific,South Korea,Electronics,Audio,Corporate,3,1430.79,663.08,767.71
2022-01-16,Europe,France,Electronics,Computers,Consumer,1,18.26,9.96,8.3
2024-04-10,Latin America,Colombia,Office Supplies,Labels,Corporate,5,208.95,120.59,88.36
2023-12-14,Asia Pacific,Australia,Clothing,Pants,Consumer,3,734.97,325.28,409.69
2023-05-30,Latin America,Colombia,Electronics,Phones,Consumer,5,195.55,87.49,108.06
2024-11-19,North America,United States,Furniture,Chairs,Home Office,4,1125.52,495.4,630.12
2024-03-27,Asia Pacific,China,Clothing,Pants,Corporate,5,154.45,62.59,91.86
2022-07-19,Asia Pacific,India,Electronics,Computers,Home Office,1,435.53,193.06,242.47
2023-12-03,North America,Canada,Electronics,Computers,Home Office,1,210.21,92.63,117.58
2022-04-21,Latin America,Argentina,Office Supplies,Paper,Consumer,3,560.85,343.4,217.45
2023-07-19,Latin America,Chile,Furniture,Desks,Consumer,1,354.99,145.52,209.47
2024-06-10,Europe,France,Office Supplies,Labels,Corporate,4,1208.48,723.24,485.24
2023-02-23,North America,Mexico,Electronics,Audio,Consumer,2,614.82,284.44,330.38
2024-06-19,Asia Pacific,India,Clothing,Shoes,Consumer,1,183.08,77.92,105.16
2023-05-08,Europe,Spain,Electronics,Phones,Consumer,3,622.38,354.9,267.48
2023-09-29,Asia Pacific,South Korea,Electronics,Phones,Consumer,1,229.0,136.09,92.91
2024-08-15,North America,Canada,Electronics,Phones,Home Office,3,890.79,550.11,340.68
2022-05-20,Asia Pacific,South Korea,Electronics,Audio,Consumer,1,165.17,77.44,87.73
2023-06-08,North America,Mexico,Office Supplies,Labels,Corporate,5,1346.5,804.04,542.46
2023-04-04,North America,United States,Clothing,Shoes,Home Office,1,408.7,225.97,182.73
2023-08-23,North America,Canada,Clothing,Shirts,Consumer,2,495.26,386.81,108.45
2024-09-20,Latin America,Chile,Furniture,Tables,Consumer,3,672.24,325.62,346.62
2024-11-21,Asia Pacific,South Korea,Electronics,Accessories,Consumer,1,358.63,274.15,84.48
2022-12-05,Latin America,Argentina,Electronics,Computers,Corporate,1,262.63,191.18,71.45
2022-12-18,North America,United States,Clothing,Shirts,Consumer,1,319.1,211.94,107.16
2023-06-16,North America,Mexico,Electronics,Computers,Corporate,5,1450.35,925.6,524.75
2024-07-07,Europe,United Kingdom,Electronics,Accessories,Consumer,5,1283.95,815.38,468.57
2023-08-17,North America,United States,Clothing,Outerwear,Corporate,5,388.7,273.31,115.39
2024-07-13,Asia Pacific,South Korea,Furniture,Desks,Home Office,3,673.38,272.46,400.92
2022-12-20,North America,United States,Office Supplies,Paper,Corporate,4,667.6,445.04,222.56
2023-01-04,Europe,Spain,Electronics,Audio,Home Office,4,219.36,144.6,74.76
2022-06-22,Europe,Italy,Clothing,Outerwear,Consumer,5,1692.5,1055.91,636.59
2024-10-30,Europe,Spain,Clothing,Shoes,Home Office,1,140.9,89.55,51.35
2023-04-15,North America,Canada,Electronics,Accessories,Consumer,3,657.9,393.25,264.65
2023-05-24,Europe,Spain,Office Supplies,Pens,Corporate,4,733.92,522.27,211.65
2024-07-31,Latin America,Argentina,Office Supplies,Paper,Home Office,4,1415.96,726.69,689.27
2024-02-10,Latin America,Argentina,Office Supplies,Labels,Consumer,3,696.0,365.37,330.63
2022-05-13,Latin America,Brazil,Furniture,Storage,Consumer,4,319.0,252.8,66.2
2023-12-30,Europe,Spain,Office Supplies,Pens,Consumer,5,2420.75,1898.02,522.73
2023-03-31,Asia Pacific,South Korea,Clothing,Pants,Home Office,1,441.36,200.81,240.55
2023-06-14,Latin America,Colombia,Furniture,Desks,Home Office,5,216.95,88.69,128.26
2022-05-10,North America,Canada,Electronics,Computers,Consumer,5,2245.35,1791.09,454.26
2023-05-24,Asia Pacific,South Korea,Furniture,Tables,Home Office,4,251.6,122.11,129.49
2024-04-14,North America,Canada,Furniture,Tables,Consumer,3,502.2,303.54,198.66
2024-03-31,Asia Pacific,China,Furniture,Storage,Corporate,3,758.52,382.96,375.56
2022-07-19,Latin America,Chile,Electronics,Computers,Home Office,3,432.18,309.04,123.14
2024-05-02,Latin America,Brazil,Clothing,Shoes,Home Office,1,388.48,175.09,213.39
2023-06-14,North America,Mexico,Electronics,Accessories,Corporate,5,406.4,206.69,199.71
2024-06-25,Asia Pacific,India,Electronics,Computers,Corporate,5,502.55,280.33,222.22
2024-02-11,Asia Pacific,South Korea,Clothing,Pants,Home Office,5,1019.8,660.24,359.56
2024-06-20,Asia Pacific,South Korea,Clothing,Outerwear,Home Office,1,170.39,108.26,62.13
2023-10-05,North America,United States,Electronics,Computers,Home Office,5,1714.85,726.13,988.72
2024-09-05,Asia Pacific,Japan,Clothing,Shirts,Corporate,1,44.49,19.19,25.3
2022-05-07,Europe,Italy,Clothing,Pants,Corporate,3,395.37,312.48,82.89
2022-09-15,North America,Mexico,Office Supplies,Binders,Corporate,5,186.75,110.97,75.78
2022-04-11,North America,Mexico,Office Supplies,Pens,Corporate,5,2429.6,1215.01,1214.59
2022-04-07,Asia Pacific,India,Clothing,Outerwear,Home Office,5,1552.8,889.03,663.77
2024-04-20,North America,Canada,Clothing,Outerwear,Consumer,1,411.89,318.21,93.68
2023-10-07,Latin America,Chile,Clothing,Shoes,Corporate,5,2236.55,1405.64,830.91
2023-09-24,Asia Pacific,Japan,Furniture,Chairs,Corporate,2,257.66,183.68,73.98
2023-06-13,Latin America,Colombia,Furniture,Tables,Corporate,3,1059.87,446.92,612.95
2024-03-23,Asia Pacific,South Korea,Office Supplies,Pens,Consumer,1,350.45,234.84,115.61
2022-11-25,Europe,United Kingdom,Furniture,Tables,Corporate,2,964.02,693.4,270.62
2024-05-26,Latin America,Colombia,Office Supplies,Labels,Consumer,3,931.5,517.97,413.53
2022-08-01,North America,United States,Office Supplies,Paper,Consumer,3,1368.75,1013.85,354.9
2023-05-30,Latin America,Brazil,Electronics,Phones,Consumer,4,1194.08,946.66,247.42
2024-09-12,Latin America,Argentina,Furniture,Chairs,Consumer,5,1509.05,1172.09,336.96
2024-06-28,North America,Canada,Clothing,Pants,Home Office,4,1593.36,1180.83,412.53
2024-05-20,North America,United States,Electronics,Computers,Consumer,2,538.18,264.53,273.65
2024-09-07,Asia Pacific,Japan,Clothing,Outerwear,Home Office,5,1837.25,1371.62,465.63
2024-12-26,North America,Canada,Office Supplies,Pens,Corporate,3,1423.53,668.96,754.57
2022-09-19,North America,Mexico,Furniture,Storage,Corporate,3,1201.47,951.54,249.93
2023-07-04,North America,United States,Clothing,Outerwear,Corporate,3,449.25,263.66,185.59
2022-10-26,Europe,United Kingdom,Electronics,Computers,Consumer,2,935.96,743.05,192.91
2023-08-08,Latin America,Brazil,Clothing,Shoes,Corporate,2,258.04,133.51,124.53
2022-12-07,Latin America,Argentina,Electronics,Computers,Home Office,5,979.8,458.44,521.36
2022-05-30,Latin America,Chile,Electronics,Phones,Consumer,5,1970.9,1547.01,423.89
2022-03-27,Asia Pacific,Australia,Furniture,Chairs,Corporate,5,2486.1,1967.86,518.24
2023-10-28,Europe,France,Furniture,Storage,Consumer,3,47.37,35.2,12.17
2022-08-01,North America,Mexico,Clothing,Shoes,Corporate,5,752.2,573.18,179.02
2024-05-20,Asia Pacific,Japan,Office Supplies,Binders,Corporate,3,414.63,236.75,177.88
2024-12-24,Europe,Italy,Office Supplies,Paper,Corporate,5,1567.9,909.59,658.31
2022-08-08,North America,Mexico,Office Supplies,Pens,Home Office,5,352.15,216.45,135.7
2024-10-25,Asia Pacific,South Korea,Clothing,Shoes,Home Office,5,1310.5,605.45,705.05
2022-05-05,Asia Pacific,Australia,Clothing,Pants,Corporate,1,144.38,83.71,60.67
2022-10-09,Asia Pacific,India,Furniture,Chairs,Consumer,5,1374.1,1079.22,294.88
2023-06-02,Europe,France,Furniture,Tables,Home Office,2,600.54,279.31,321.23
2023-04-28,Europe,Italy,Electronics,Computers,Consumer,5,1274.9,709.81,565.09
2022-11-18,Europe,Germany,Electronics,Computers,Consumer,2,138.7,100.76,37.94
2022-01-31,Europe,Germany,Furniture,Chairs,Consumer,1,348.92,193.43,155.49
2024-06-07,Latin America,Brazil,Electronics,Phones,Home Office,5,1695.1,1056.46,638.64
2024-09-11,Latin America,Brazil,Electronics,Phones,Corporate,2,385.22,276.87,108.35
2023-08-15,North America,Mexico,Furniture,Storage,Corporate,2,648.34,281.39,366.95
2024-11-11,North America,Canada,Office Supplies,Labels,Home Office,2,211.08,110.55,100.53
2023-10-10,North America,United States,Electronics,Computers,Home Office,1,233.95,163.91,70.04
2023-01-09,North America,Canada,Office Supplies,Binders,Home Office,5,979.0,718.23,260.77
2023-11-10,North America,Mexico,Electronics,Accessories,Corporate,4,867.28,378.84,488.44
2022-01-27,Latin America,Chile,Office Supplies,Paper,Home Office,1,355.0,268.64,86.36
2023-04-06,Asia Pacific,China,Clothing,Outerwear,Consumer,4,1243.68,956.34,287.34
2023-07-05,Latin America,Brazil,Electronics,Audio,Home Office,2,441.3,273.29,168.01
2023-08-26,Europe,Spain,Clothing,Pants,Corporate,5,1174.85,477.19,697.66
2023-04-25,Latin America,Brazil,Clothing,Shoes,Home Office,1,188.4,103.32,85.08
2024-05-28,Europe,France,Clothing,Shirts,Home Office,4,1797.72,735.9,1061.82
2023-04-30,Europe,United Kingdom,Electronics,Computers,Corporate,3,698.19,548.33,149.86
2024-12-05,Europe,Spain,Electronics,Audio,Consumer,5,2144.2,1510.42,633.78
2024-01-25,Europe,United Kingdom,Clothing,Outerwear,Corporate,5,820.15,642.12,178.03
2024-08-01,Latin America,Colombia,Office Supplies,Paper,Home Office,2,498.52,276.2,222.32
2023-01-14,North America,United States,Furniture,Storage,Consumer,5,1796.3,1007.95,788.35
2022-10-10,Latin America,Chile,Furniture,Tables,Consumer,5,2360.4,1259.76,1100.64
2022-06-02,Latin America,Brazil,Office Supplies,Binders,Corporate,2,123.14,76.52,46.62
2023-08-25,Asia Pacific,India,Electronics,Audio,Corporate,5,359.75,265.48,94.27
2022-10-17,Europe,France,Clothing,Shirts,Home Office,5,94.25,65.38,28.87
2022-05-10,Latin America,Argentina,Office Supplies,Labels,Corporate,1,235.09,113.9,121.19
2022-10-06,Asia Pacific,India,Furniture,Tables,Home Office,5,853.85,587.83,266.02
2023-07-28,North America,United States,Electronics,Accessories,Home Office,5,497.8,336.28,161.52
2024-07-15,Europe,United Kingdom,Furniture,Desks,Consumer,4,1885.52,1163.17,722.35
2024-02-04,North America,Canada,Electronics,Phones,Corporate,5,1621.65,1137.14,484.51
2022-05-01,North America,United States,Office Supplies,Paper,Home Office,2,846.96,638.92,208.04
2022-08-12,North America,Canada,Furniture,Desks,Consumer,1,374.5,183.87,190.63
2024-06-21,North America,Mexico,Furniture,Tables,Consumer,1,236.56,171.24,65.32
2023-10-05,North America,United States,Clothing,Outerwear,Home Office,1,439.86,276.94,162.92
2023-10-02,Asia Pacific,Australia,Furniture,Tables,Home Office,5,1197.4,763.03,434.37
2023-03-13,Latin America,Chile,Furniture,Storage,Corporate,4,1541.36,871.44,669.92
2022-06-30,Europe,Spain,Furniture,Storage,Home Office,1,114.48,81.08,33.4
2022-05-25,North America,Canada,Office Supplies,Paper,Consumer,3,1168.77,777.93,390.84
2024-04-05,Europe,Germany,Electronics,Accessories,Corporate,2,971.4,693.06,278.34
2024-01-08,Latin America,Chile,Furniture,Storage,Consumer,4,1078.68,606.49,472.19
2023-07-14,Latin America,Brazil,Clothing,Shoes,Consumer,5,1392.5,1108.28,284.22
2023-05-30,Asia Pacific,South Korea,Furniture,Storage,Consumer,3,1206.3,667.14,539.16
2023-09-03,Latin America,Argentina,Electronics,Audio,Corporate,1,228.3,131.9,96.4
2023-07-21,North America,Canada,Office Supplies,Labels,Home Office,3,548.1,299.09,249.01
2024-03-24,Europe,Germany,Furniture,Chairs,Home Office,1,275.01,146.67,128.34
2023-10-27,North America,United States,Clothing,Outerwear,Home Office,1,336.38,215.3,121.08
2023-04-24,North America,United States,Electronics,Accessories,Home Office,4,225.72,179.34,46.38
2022-02-09,Europe,France,Office Supplies,Labels,Home Office,4,145.8,99.3,46.5
2022-12-11,North America,Canada,Office Supplies,Pens,Corporate,3,1056.99,457.95,599.04
2022-12-29,North America,United States,Furniture,Tables,Corporate,3,1183.86,899.78,284.08
2024-01-02,North America,United States,Furniture,Desks,Home Office,1,48.68,21.63,27.05
2023-03-16,Europe,France,Office Supplies,Labels,Home Office,5,882.45,507.61,374.84
2022-03-31,Latin America,Brazil,Clothing,Pants,Consumer,4,1206.12,506.34,699.78
2023-12-26,Asia Pacific,China,Furniture,Chairs,Consumer,1,491.46,253.17,238.29
2023-03-19,Asia Pacific,China,Furniture,Chairs,Consumer,3,541.86,419.98,121.88
2023-03-16,Latin America,Brazil,Office Supplies,Paper,Consumer,5,784.75,506.46,278.29
2022-07-12,Europe,France,Furniture,Storage,Corporate,2,911.12,614.47,296.65
2023-11-29,Europe,United Kingdom,Office Supplies,Labels,Consumer,1,39.07,30.69,8.38
2022-01-27,North America,Canada,Clothing,Shirts,Consumer,5,997.8,574.43,423.37
2023-06-23,North America,Mexico,Furniture,Desks,Home Office,3,1050.75,472.97,577.78
2023-03-23,Europe,Italy,Office Supplies,Binders,Home Office,3,1296.99,529.44,767.55
2024-03-15,Latin America,Colombia,Clothing,Pants,Corporate,3,41.82,19.42,22.4
2023-12-14,North America,United States,Clothing,Pants,Corporate,3,405.0,307.61,97.39
2023-01-12,Asia Pacific,China,Clothing,Outerwear,Consumer,5,199.8,94.85,104.95
2022-11-03,Europe,Germany,Office Supplies,Binders,Consumer,1,17.46,12.48,4.98
2022-03-23,Latin America,Brazil,Office Supplies,Pens,Consumer,5,1411.7,798.46,613.24
2023-06-03,Europe,United Kingdom,Furniture,Chairs,Consumer,4,809.48,395.01,414.47
2022-10-06,North America,Canada,Office Supplies,Labels,Corporate,5,1413.4,1120.56,292.84
2024-07-12,Asia Pacific,South Korea,Furniture,Chairs,Consumer,5,1855.5,1314.49,541.01
2023-10-01,Europe,Spain,Electronics,Computers,Consumer,4,1355.24,1020.39,334.85
2022-01-18,Europe,Spain,Office Supplies,Binders,Home Office,2,96.18,56.24,39.94
2024-08-06,North America,Mexico,Furniture,Chairs,Corporate,1,54.51,29.31,25.2
2022-11-28,Europe,Italy,Electronics,Computers,Consumer,4,1412.84,660.22,752.62
2022-12-17,North America,Canada,Electronics,Accessories,Home Office,1,346.33,216.88,129.45
2024-06-07,North America,United States,Clothing,Pants,Home Office,3,518.49,321.59,196.9
2023-10-03,Latin America,Colombia,Furniture,Chairs,Corporate,5,1316.05,899.56,416.49
2023-11-27,Europe,Spain,Furniture,Chairs,Home Office,4,1232.96,569.42,663.54
2024-09-09,Europe,Italy,Office Supplies,Binders,Corporate,1,332.1,265.07,67.03
2022-10-10,Europe,Spain,Furniture,Chairs,Consumer,2,560.18,361.89,198.29
2022-09-19,Europe,Germany,Furniture,Chairs,Corporate,1,145.94,86.82,59.12
2023-07-25,Europe,Germany,Electronics,Phones,Corporate,3,878.58,601.14,277.44
2022-01-21,Europe,United Kingdom,Furniture,Chairs,Home Office,2,979.1,500.12,478.98
2022-11-02,Europe,Germany,Furniture,Desks,Corporate,3,1280.22,577.22,703.0
2022-07-31,Europe,France,Furniture,Chairs,Consumer,5,279.15,149.12,130.03
2022-04-07,Latin America,Chile,Clothing,Pants,Consumer,1,178.77,128.22,50.55
2023-04-18,Latin America,Colombia,Clothing,Outerwear,Corporate,5,285.1,175.31,109.79
2022-09-28,North America,Mexico,Electronics,Computers,Home Office,1,213.7,161.0,52.7
2022-06-01,Latin America,Chile,Clothing,Shirts,Consumer,5,1885.25,1154.44,730.81
2022-09-02,North America,Canada,Furniture,Storage,Consumer,5,998.4,464.14,534.26
2022-06-16,Europe,United Kingdom,Clothing,Shoes,Consumer,5,186.9,105.1,81.8
2024-01-25,Latin America,Colombia,Clothing,Shirts,Corporate,2,706.42,545.32,161.1
2022-06-22,Latin America,Chile,Office Supplies,Paper,Corporate,5,753.0,531.04,221.96
2023-06-06,Asia Pacific,China,Clothing,Shoes,Corporate,2,691.16,443.63,247.53
2023-01-22,Europe,Italy,Clothing,Outerwear,Consumer,3,981.42,540.54,440.88
2024-07-18,Europe,Germany,Furniture,Desks,Consumer,4,1768.84,790.65,978.19
2023-08-29,Europe,France,Furniture,Desks,Home Office,2,921.24,640.76,280.48
2023-10-19,Asia Pacific,Japan,Electronics,Phones,Home Office,4,1900.32,1211.73,688.59
2022-07-20,Latin America,Argentina,Furniture,Storage,Home Office,1,332.43,208.88,123.55
2024-02-18,Asia Pacific,Japan,Furniture,Storage,Consumer,2,725.76,569.69,156.07
2023-07-31,Latin America,Argentina,Office Supplies,Paper,Corporate,5,627.85,312.8,315.05
2023-02-19,North America,Mexico,Furniture,Chairs,Consumer,3,1277.07,781.06,496.01
2024-04-10,North America,Canada,Office Supplies,Binders,Corporate,4,1835.64,1148.17,687.47
2023-07-05,Latin America,Chile,Clothing,Shoes,Home Office,3,1090.98,847.8,243.18
2023-11-19,Europe,France,Furniture,Desks,Corporate,5,1206.85,896.57,310.28
2024-03-15,Latin America,Colombia,Electronics,Accessories,Consumer,3,215.91,101.66,114.25
2023-08-08,Asia Pacific,China,Electronics,Audio,Home Office,3,776.82,563.9,212.92
2023-01-15,Latin America,Argentina,Office Supplies,Binders,Home Office,4,818.28,603.64,214.64
2023-01-08,North America,United States,Electronics,Accessories,Corporate,2,254.8,181.1,73.7
2022-09-01,Asia Pacific,Japan,Clothing,Shirts,Corporate,1,498.87,389.85,109.02
2023-02-05,Europe,Germany,Clothing,Shirts,Corporate,3,1332.6,646.84,685.76
2022-04-25,Latin America,Colombia,Furniture,Desks,Consumer,1,480.91,323.3,157.61
2022-02-07,North America,Mexico,Electronics,Accessories,Home Office,3,1382.04,631.36,750.68
2022-09-04,North America,Canada,Clothing,Shirts,Home Office,3,497.94,240.83,257.11
2023-07-27,Europe,Spain,Clothing,Outerwear,Corporate,4,135.28,81.02,54.26
2022-12-02,North America,Mexico,Clothing,Outerwear,Home Office,2,238.12,137.61,100.51
2024-07-16,Europe,Italy,Clothing,Shoes,Home Office,3,627.9,300.13,327.77
2022-01-07,North America,Canada,Electronics,Phones,Home Office,3,1228.47,891.22,337.25
2022-05-09,North America,Canada,Office Supplies,Paper,Consumer,1,461.18,273.73,187.45
2022-12-31,Europe,United Kingdom,Office Supplies,Pens,Corporate,4,1338.64,1041.66,296.98
2022-09-03,Latin America,Brazil,Office Supplies,Pens,Home Office,1,386.93,188.45,198.48
2024-03-26,North America,Canada,Furniture,Chairs,Consumer,1,107.08,69.49,37.59
2023-12-20,Europe,Italy,Clothing,Pants,Home Office,1,304.46,144.5,159.96
2024-09-19,Europe,France,Furniture,Storage,Home Office,3,1246.05,926.96,319.09
2023-03-13,Europe,Germany,Furniture,Tables,Home Office,4,484.6,313.24,171.36
2024-12-05,Europe,United Kingdom,Office Supplies,Binders,Corporate,2,786.22,385.41,400.81
2023-04-10,Latin America,Colombia,Electronics,Audio,Consumer,4,818.32,624.34,193.98
2024-07-29,North America,Mexico,Furniture,Desks,Home Office,4,1584.32,710.28,874.04
2024-11-01,Europe,Germany,Clothing,Shirts,Consumer,1,250.78,115.96,134.82
2022-07-24,Asia Pacific,South Korea,Furniture,Tables,Home Office,1,482.19,287.96,194.23
2024-06-09,Asia Pacific,South Korea,Office Supplies,Labels,Corporate,2,337.82,236.98,100.84
2022-09-26,Europe,Germany,Furniture,Tables,Consumer,2,921.24,555.82,365.42
2022-08-06,Asia Pacific,Australia,Furniture,Storage,Home Office,5,428.0,310.85,117.15
2023-01-13,Europe,France,Clothing,Shirts,Corporate,2,824.64,533.68,290.96
2023-11-23,Europe,France,Electronics,Accessories,Consumer,4,1734.4,863.48,870.92
2022-08-23,North America,Canada,Clothing,Shoes,Corporate,1,415.56,167.27,248.29
2023-10-08,Europe,Italy,Office Supplies,Paper,Home Office,5,843.7,342.05,501.65
2022-05-27,Europe,Spain,Furniture,Desks,Home Office,1,259.27,133.45,125.82
2024-03-28,Europe,Italy,Clothing,Outerwear,Corporate,1,163.78,83.65,80.13
2024-09-02,North America,Canada,Office Supplies,Binders,Home Office,1,401.65,311.16,90.49
2022-05-18,Asia Pacific,China,Clothing,Outerwear,Consumer,1,287.45,220.57,66.88
2023-12-02,Asia Pacific,India,Office Supplies,Paper,Home Office,1,292.35,160.91,131.44
2023-03-10,Asia Pacific,India,Clothing,Outerwear,Consumer,1,243.81,97.58,146.23
2022-10-08,North America,Canada,Furniture,Desks,Consumer,1,44.85,33.49,11.36
2024-10-13,North America,United States,Electronics,Computers,Corporate,1,470.99,296.08,174.91
2024-05-30,Latin America,Colombia,Clothing,Shoes,Consumer,5,2389.5,1409.39,980.11
2022-06-01,Europe,Spain,Clothing,Shoes,Consumer,1,400.97,318.38,82.59
2023-01-15,Europe,Spain,Clothing,Shirts,Corporate,3,1052.31,826.63,225.68
2024-12-31,Latin America,Colombia,Office Supplies,Pens,Home Office,2,941.9,634.82,307.08
2023-09-25,Europe,United Kingdom,Electronics,Accessories,Corporate,3,306.9,239.85,67.05
2023-11-17,Europe,Germany,Electronics,Computers,Consumer,2,138.64,59.3,79.34
2022-02-18,Asia Pacific,India,Clothing,Outerwear,Corporate,5,1618.2,1164.81,453.39
2023-08-05,Latin America,Brazil,Electronics,Phones,Consumer,4,1937.6,1134.87,802.73
2023-09-20,Asia Pacific,South Korea,Clothing,Shoes,Corporate,3,871.41,555.29,316.12
2023-09-26,North America,Canada,Furniture,Desks,Corporate,4,1393.64,576.28,817.36
2023-11-09,North America,United States,Clothing,Pants,Corporate,3,1057.59,621.97,435.62
2022-03-19,Latin America,Chile,Clothing,Pants,Corporate,4,195.0,146.85,48.15
2024-01-04,Europe,Italy,Clothing,Pants,Corporate,2,68.56,37.6,30.96
2024-08-12,North America,United States,Office Supplies,Binders,Consumer,2,538.44,315.02,223.42
2023-02-27,Latin America,Chile,Furniture,Chairs,Corporate,5,760.45,463.73,296.72
2023-11-18,Latin America,Chile,Office Supplies,Labels,Home Office,4,526.12,415.08,111.04
2023-06-21,Asia Pacific,Japan,Office Supplies,Binders,Consumer,3,929.61,518.92,410.69
2023-05-16,Europe,France,Office Supplies,Labels,Corporate,2,583.42,296.29,287.13
2024-04-19,Asia Pacific,China,Furniture,Tables,Consumer,1,300.73,180.5,120.23
2022-09-20,Latin America,Argentina,Office Supplies,Paper,Consumer,2,121.54,49.0,72.54
2024-07-01,Europe,United Kingdom,Furniture,Chairs,Corporate,1,244.68,127.37,117.31
2024-11-28,Asia Pacific,Japan,Office Supplies,Labels,Corporate,3,724.74,459.66,265.08
2022-09-15,North America,United States,Electronics,Phones,Corporate,3,863.04,638.05,224.99
2024-02-21,North America,United States,Furniture,Chairs,Consumer,2,899.3,674.35,224.95
2022-08-07,Europe,United Kingdom,Furniture,Desks,Corporate,4,1734.08,1060.4,673.68
2024-03-13,Europe,France,Office Supplies,Labels,Consumer,5,2352.8,1854.81,497.99
2022-06-11,Europe,United Kingdom,Office Supplies,Binders,Home Office,3,308.04,208.95,99.09
2024-03-23,Latin America,Argentina,Electronics,Phones,Consumer,5,1399.3,586.62,812.68
2023-02-24,Asia Pacific,Japan,Furniture,Desks,Consumer,2,52.82,26.38,26.44
2023-09-27,Latin America,Chile,Furniture,Storage,Corporate,2,662.9,270.12,392.78
2023-04-21,Latin America,Colombia,Clothing,Shirts,Consumer,5,1989.1,1582.19,406.91
2023-10-05,Europe,Italy,Office Supplies,Labels,Home Office,1,84.97,61.34,23.63
2022-07-03,Latin America,Colombia,Office Supplies,Paper,Corporate,3,306.84,127.34,179.5
2023-03-02,Asia Pacific,China,Furniture,Tables,Home Office,3,1422.45,661.93,760.52
2023-07-29,Latin America,Colombia,Office Supplies,Pens,Corporate,3,1102.86,773.72,329.14
2022-11-23,Europe,Germany,Furniture,Tables,Home Office,2,29.14,11.85,17.29
2023-11-08,Latin America,Brazil,Furniture,Tables,Consumer,2,41.52,19.88,21.64
2024-04-16,Latin America,Colombia,Electronics,Phones,Home Office,4,1575.28,860.23,715.05
2022-01-22,Latin America,Colombia,Furniture,Desks,Home Office,5,901.05,653.74,247.31
2023-05-26,North America,United States,Office Supplies,Binders,Consumer,1,48.34,36.81,11.53
2023-04-18,Asia Pacific,India,Furniture,Tables,Consumer,2,285.44,218.98,66.46
2022-09-27,North America,United States,Office Supplies,Labels,Consumer,5,2033.25,1461.63,571.62
2022-02-03,North America,Canada,Furniture,Tables,Home Office,2,306.82,230.86,75.96
2022-04-30,Latin America,Colombia,Office Supplies,Labels,Home Office,1,417.53,246.56,170.97
2024-10-11,Asia Pacific,Australia,Clothing,Shirts,Home Office,5,2342.5,1108.36,1234.14
2023-06-25,North America,Canada,Office Supplies,Pens,Home Office,4,342.0,229.5,112.5
2022-10-31,Asia Pacific,South Korea,Electronics,Computers,Consumer,3,910.23,656.34,253.89
2023-12-04,Latin America,Colombia,Office Supplies,Binders,Home Office,2,948.22,563.42,384.8
2023-01-20,Latin America,Brazil,Furniture,Chairs,Consumer,1,52.12,21.83,30.29
2024-12-23,Latin America,Brazil,Furniture,Storage,Home Office,5,1069.05,820.27,248.78
2022-04-13,North America,Canada,Electronics,Accessories,Corporate,1,400.99,309.97,91.02
2022-11-06,Asia Pacific,China,Office Supplies,Binders,Consumer,5,829.95,626.03,203.92
2022-08-13,Latin America,Brazil,Furniture,Tables,Consumer,4,1892.88,1323.83,569.05
2023-05-27,Europe,Italy,Clothing,Pants,Consumer,1,186.75,96.31,90.44
2022-10-23,North America,Canada,Furniture,Desks,Home Office,3,1037.1,522.98,514.12
2024-02-23,Europe,Germany,Electronics,Computers,Consumer,3,462.81,267.1,195.71
2022-02-07,Asia Pacific,South Korea,Clothing,Outerwear,Consumer,3,713.01,514.63,198.38
2022-01-22,Asia Pacific,South Korea,Clothing,Outerwear,Consumer,5,1926.9,1012.18,914.72
2024-07-06,Latin America,Chile,Furniture,Desks,Corporate,2,176.76,132.76,44.0
2023-10-11,Latin America,Argentina,Office Supplies,Pens,Corporate,4,969.36,695.92,273.44
2022-11-24,Asia Pacific,South Korea,Furniture,Chairs,Corporate,1,444.05,239.66,204.39
2022-06-21,Europe,Italy,Furniture,Chairs,Home Office,3,871.89,672.21,199.68
2022-11-06,Asia Pacific,China,Electronics,Audio,Corporate,2,61.2,38.96,22.24
2023-10-09,Latin America,Argentina,Clothing,Pants,Corporate,2,652.84,306.15,346.69
2023-08-31,Europe,United Kingdom,Clothing,Shoes,Consumer,3,1004.97,652.63,352.34
2022-02-25,Asia Pacific,China,Furniture,Tables,Home Office,1,119.29,73.4,45.89
2022-03-24,North America,Canada,Furniture,Tables,Consumer,1,96.62,44.52,52.1
2022-12-21,North America,Canada,Office Supplies,Paper,Home Office,3,821.34,614.27,207.07
2024-05-04,Latin America,Colombia,Office Supplies,Paper,Consumer,5,318.85,169.21,149.64
2022-04-30,Latin America,Chile,Office Supplies,Pens,Home Office,1,30.86,17.14,13.72
2024-10-26,Latin America,Colombia,Clothing,Pants,Corporate,5,851.85,591.78,260.07
2024-03-05,Latin America,Chile,Clothing,Outerwear,Home Office,1,301.94,208.24,93.7
2023-03-22,Asia Pacific,Japan,Electronics,Computers,Home Office,4,1625.0,766.38,858.62
2023-01-31,Europe,United Kingdom,Office Supplies,Paper,Consumer,3,269.76,135.2,134.56
2023-03-21,North America,Canada,Clothing,Shirts,Consumer,4,1730.88,1001.5,729.38
2024-04-12,Asia Pacific,South Korea,Electronics,Computers,Home Office,2,128.68,79.76,48.92
2022-04-27,Europe,Spain,Clothing,Shoes,Consumer,2,712.1,302.61,409.49
2023-12-14,Europe,Germany,Office Supplies,Pens,Home Office,4,409.56,179.61,229.95
2023-10-21,North America,Canada,Furniture,Storage,Consumer,5,2252.9,1396.65,856.25
2022-01-04,Asia Pacific,South Korea,Furniture,Desks,Home Office,2,666.78,417.29,249.49
2022-05-08,North America,Canada,Clothing,Shoes,Consumer,4,1522.32,1177.4,344.92
2023-04-11,Europe,Italy,Furniture,Desks,Home Office,2,230.2,136.61,93.59
2022-06-20,Asia Pacific,China,Clothing,Pants,Corporate,4,245.32,140.72,104.6
2023-09-17,North America,United States,Electronics,Computers,Consumer,5,1988.2,955.23,1032.97
2023-04-08,Europe,United Kingdom,Furniture,Storage,Consumer,4,1484.84,1026.51,458.33
2022-05-10,Latin America,Chile,Electronics,Accessories,Corporate,4,795.84,525.46,270.38
2024-05-15,Asia Pacific,South Korea,Furniture,Chairs,Home Office,5,1330.5,987.92,342.58
2023-06-30,Europe,United Kingdom,Furniture,Desks,Home Office,4,1914.8,855.36,1059.44
2024-10-27,North America,Canada,Clothing,Pants,Home Office,3,544.41,326.1,218.31
2022-02-04,Europe,Spain,Clothing,Outerwear,Home Office,4,1086.36,766.41,319.95
2023-12-26,North America,United States,Office Supplies,Labels,Consumer,3,936.6,596.87,339.73
2022-11-29,Asia Pacific,Australia,Furniture,Storage,Home Office,4,1271.4,513.15,758.25
2024-06-29,Asia Pacific,Japan,Electronics,Accessories,Corporate,4,319.72,206.84,112.88
2024-05-16,Asia Pacific,China,Clothing,Shoes,Corporate,1,285.59,177.44,108.15
2024-07-25,Asia Pacific,India,Office Supplies,Binders,Home Office,5,2134.0,1096.22,1037.78
2023-07-19,North America,Mexico,Furniture,Storage,Consumer,4,945.6,487.54,458.06
2024-07-27,Asia Pacific,Japan,Clothing,Shirts,Corporate,3,1171.32,718.58,452.74
2023-06-28,Asia Pacific,Australia,Electronics,Computers,Home Office,5,2025.2,1519.58,505.62
2023-11-01,Europe,United Kingdom,Electronics,Computers,Corporate,2,961.96,399.82,562.14
2024-03-30,Asia Pacific,South Korea,Electronics,Phones,Home Office,2,285.14,209.13,76.01
2024-01-05,North America,United States,Electronics,Computers,Home Office,1,171.64,89.6,82.04
2023-05-01,Latin America,Chile,Electronics,Audio,Corporate,2,34.28,26.4,7.88
2024-07-04,Asia Pacific,China,Electronics,Phones,Consumer,1,343.03,236.03,107.0
2024-04-05,North America,Mexico,Office Supplies,Pens,Consumer,3,599.49,263.08,336.41
2023-06-19,Europe,Spain,Office Supplies,Labels,Corporate,5,176.9,124.62,52.28
2022-02-09,North America,Mexico,Clothing,Pants,Corporate,1,25.3,16.51,8.79
2023-02-22,Latin America,Chile,Electronics,Phones,Consumer,3,1380.84,719.7,661.14
2023-06-01,Europe,Italy,Electronics,Accessories,Corporate,3,1007.94,788.08,219.86
2024-03-31,Asia Pacific,Japan,Office Supplies,Paper,Corporate,2,791.64,356.57,435.07
2023-10-25,Asia Pacific,South Korea,Clothing,Shoes,Consumer,3,1400.7,990.64,410.06
2023-01-13,Europe,United Kingdom,Electronics,Audio,Consumer,2,933.24,615.01,318.23
2023-08-27,Latin America,Brazil,Office Supplies,Labels,Corporate,4,1805.52,941.45,864.07
2023-08-14,Asia Pacific,Australia,Furniture,Desks,Corporate,2,114.46,83.51,30.95
2023-04-20,Europe,France,Electronics,Accessories,Consumer,2,301.72,208.63,93.09
2023-03-23,North America,United States,Electronics,Phones,Home Office,2,406.5,269.66,136.84
2022-07-07,North America,Mexico,Clothing,Pants,Home Office,2,640.64,374.98,265.66
2022-11-18,Latin America,Chile,Furniture,Storage,Home Office,3,1077.18,569.28,507.9
2023-10-28,Europe,Germany,Office Supplies,Pens,Home Office,3,235.71,175.29,60.42
2022-07-27,Latin America,Brazil,Office Supplies,Labels,Corporate,5,255.9,109.17,146.73
2023-11-20,North America,Mexico,Electronics,Audio,Corporate,5,277.25,160.61,116.64
2023-09-22,Asia Pacific,India,Furniture,Storage,Home Office,2,369.48,168.65,200.83
2024-06-16,Asia Pacific,China,Clothing,Shirts,Corporate,5,785.7,567.52,218.18
2024-07-29,Europe,France,Office Supplies,Pens,Consumer,3,370.11,223.63,146.48
2022-03-04,Europe,Germany,Electronics,Computers,Corporate,1,438.18,187.3,250.88
2023-02-16,Europe,Italy,Furniture,Desks,Consumer,5,1212.35,744.36,467.99
2022-12-25,North America,Canada,Furniture,Desks,Home Office,4,424.76,218.37,206.39
2024-06-09,Europe,France,Electronics,Audio,Consumer,1,228.13,119.15,108.98
2023-11-01,Europe,France,Furniture,Desks,Home Office,1,59.75,37.39,22.36
2022-08-08,Asia Pacific,India,Clothing,Pants,Corporate,3,1307.94,782.97,524.97
2024-09-08,Latin America,Colombia,Furniture,Desks,Home Office,1,493.6,241.76,251.84
2024-03-22,Europe,Italy,Office Supplies,Labels,Home Office,4,553.52,422.01,131.51
2022-04-18,North America,Mexico,Electronics,Phones,Consumer,5,1509.15,809.08,700.07
2023-04-12,North America,Mexico,Furniture,Storage,Consumer,1,355.09,218.78,136.31
2024-04-18,Asia Pacific,Australia,Furniture,Storage,Corporate,3,1112.1,673.75,438.35
2024-11-24,Asia Pacific,South Korea,Clothing,Outerwear,Corporate,2,569.82,427.78,142.04
2024-10-01,Asia Pacific,South Korea,Office Supplies,Pens,Home Office,1,422.87,177.83,245.04
2022-10-21,North America,Canada,Clothing,Shirts,Consumer,3,807.36,383.51,423.85
2024-07-14,North America,Canada,Electronics,Audio,Home Office,5,783.15,615.71,167.44
2023-11-05,North America,Canada,Furniture,Desks,Corporate,2,532.62,296.4,236.22
2024-12-07,North America,United States,Furniture,Tables,Home Office,1,112.86,67.84,45.02
2024-06-08,North America,United States,Furniture,Desks,Home Office,1,144.8,111.0,33.8
2022-01-24,North America,Mexico,Furniture,Chairs,Corporate,4,1171.12,641.96,529.16
2022-10-30,Latin America,Colombia,Furniture,Tables,Corporate,1,317.72,210.58,107.14
2024-10-30,North America,Mexico,Clothing,Shirts,Home Office,3,316.89,212.11,104.78
2022-02-10,North America,United States,Furniture,Chairs,Consumer,2,959.36,588.14,371.22
2024-08-29,Asia Pacific,Japan,Office Supplies,Binders,Consumer,2,729.04,303.94,425.1
2022-05-01,Asia Pacific,South Korea,Electronics,Phones,Consumer,3,511.77,384.71,127.06
2023-09-06,Europe,Spain,Furniture,Desks,Consumer,3,1401.03,1005.98,395.05
2024-12-23,Latin America,Argentina,Clothing,Shoes,Consumer,4,194.56,131.54,63.02
2024-11-09,Latin America,Argentina,Furniture,Storage,Consumer,5,197.85,79.7,118.15
2023-11-15,Asia Pacific,India,Electronics,Audio,Home Office,3,692.04,345.0,347.04
2023-11-16,Latin America,Colombia,Furniture,Desks,Home Office,2,369.92,264.84,105.08
2022-08-25,North America,Canada,Office Supplies,Pens,Corporate,5,154.35,70.01,84.34
2024-11-06,Europe,Spain,Clothing,Pants,Corporate,1,429.08,265.12,163.96
2024-05-13,Latin America,Colombia,Electronics,Audio,Consumer,3,290.31,125.67,164.64
2023-06-07,Asia Pacific,China,Clothing,Shirts,Consumer,1,315.49,214.1,101.39
2023-10-25,Europe,France,Office Supplies,Labels,Corporate,1,487.9,383.16,104.74
2022-03-18,Europe,Italy,Electronics,Computers,Corporate,2,28.1,12.84,15.26
2024-05-09,Europe,Spain,Furniture,Chairs,Corporate,3,1024.35,595.47,428.88
2024-12-19,Europe,Italy,Office Supplies,Pens,Consumer,5,1058.8,761.19,297.61
2024-05-06,Latin America,Colombia,Office Supplies,Paper,Home Office,2,189.68,116.58,73.1
2023-07-24,Latin America,Chile,Office Supplies,Binders,Consumer,2,834.54,589.83,244.71
2024-07-18,Europe,Spain,Electronics,Accessories,Corporate,2,40.84,32.15,8.69
2022-09-03,North America,Canada,Office Supplies,Paper,Consumer,3,1422.24,904.91,517.33
2024-12-06,North America,Mexico,Clothing,Pants,Home Office,4,908.64,635.11,273.53
2024-11-14,Europe,Germany,Furniture,Desks,Corporate,4,921.04,673.98,247.06
2022-07-13,Europe,United Kingdom,Electronics,Phones,Corporate,2,522.4,342.05,180.35
2024-05-08,North America,United States,Furniture,Desks,Consumer,3,418.83,195.49,223.34
2022-03-22,Asia Pacific,China,Furniture,Tables,Consumer,5,135.4,89.49,45.91
2024-07-11,Latin America,Argentina,Electronics,Audio,Corporate,1,19.64,13.41,6.23
2024-10-10,Asia Pacific,China,Furniture,Tables,Corporate,3,1496.82,742.54,754.28
2022-06-04,North America,Mexico,Clothing,Outerwear,Consumer,2,161.32,82.41,78.91
2024-08-11,North America,Mexico,Clothing,Pants,Home Office,4,1966.6,1467.52,499.08
2024-04-13,Europe,Germany,Furniture,Storage,Consumer,4,1690.28,1212.57,477.71
2023-01-15,Asia Pacific,China,Office Supplies,Pens,Consumer,4,235.36,144.38,90.98
2022-04-16,North America,United States,Office Supplies,Labels,Home Office,4,234.48,129.57,104.91
2022-04-13,Latin America,Brazil,Furniture,Desks,Corporate,2,74.96,57.87,17.09
2022-03-13,North America,Mexico,Office Supplies,Pens,Corporate,4,1454.04,622.37,831.67
2024-01-09,Europe,Spain,Electronics,Phones,Corporate,4,972.56,510.78,461.78
2022-05-03,North America,Canada,Furniture,Tables,Corporate,5,2415.95,991.5,1424.45
2024-08-02,Europe,Italy,Clothing,Shirts,Consumer,1,330.63,154.96,175.67
2022-07-11,North America,United States,Clothing,Shirts,Home Office,5,1207.9,519.67,688.23
2024-03-09,Latin America,Argentina,Furniture,Chairs,Consumer,3,494.82,380.43,114.39
2023-07-27,Latin America,Brazil,Clothing,Shirts,Home Office,2,556.22,443.38,112.84
2022-05-21,Latin America,Brazil,Clothing,Outerwear,Corporate,2,418.92,332.33,86.59
2022-10-24,Europe,France,Office Supplies,Pens,Consumer,3,242.01,159.53,82.48
2022-02-01,Europe,France,Furniture,Tables,Home Office,3,1140.33,520.86,619.47
2022-02-04,Asia Pacific,Australia,Clothing,Shoes,Consumer,4,1249.36,603.81,645.55
2023-01-10,Latin America,Chile,Office Supplies,Paper,Consumer,2,480.92,207.55,273.37
2024-08-11,Asia Pacific,South Korea,Electronics,Computers,Corporate,3,1245.93,677.33,568.6
2023-12-20,North America,Canada,Electronics,Computers,Consumer,1,291.74,129.58,162.16
2022-07-06,Europe,Spain,Clothing,Outerwear,Home Office,5,2015.7,1519.75,495.95
2023-06-07,Latin America,Colombia,Clothing,Pants,Consumer,4,783.56,331.85,451.71
2022-01-20,Asia Pacific,Australia,Clothing,Outerwear,Consumer,5,1885.55,1084.81,800.74
2022-07-01,North America,Mexico,Electronics,Accessories,Corporate,5,2123.6,960.4,1163.2
2024-06-14,Asia Pacific,China,Electronics,Accessories,Home Office,5,2336.55,1652.91,683.64
2023-02-17,Latin America,Argentina,Furniture,Storage,Consumer,3,824.28,497.82,326.46
2023-07-08,Latin America,Brazil,Furniture,Chairs,Consumer,5,2415.4,1362.5,1052.9
2023-07-16,Latin America,Argentina,Furniture,Chairs,Consumer,1,498.96,239.36,259.6
2024-10-03,Europe,United Kingdom,Office Supplies,Binders,Consumer,2,766.14,307.06,459.08
2022-02-12,North America,Mexico,Clothing,Pants,Corporate,4,928.72,592.06,336.66
2022-01-10,North America,Mexico,Electronics,Phones,Corporate,1,209.03,83.83,125.2
2022-07-09,Latin America,Argentina,Furniture,Tables,Home Office,4,435.04,253.5,181.54
2024-12-25,Latin America,Brazil,Clothing,Shirts,Home Office,3,471.3,374.96,96.34
2022-06-18,Latin America,Colombia,Office Supplies,Labels,Consumer,1,34.82,26.76,8.06
2024-11-20,Asia Pacific,Japan,Furniture,Desks,Consumer,1,364.28,181.31,182.97
2024-07-01,North America,United States,Electronics,Audio,Consumer,5,1410.5,772.6,637.9
2023-06-15,Asia Pacific,South Korea,Furniture,Storage,Consumer,1,102.67,51.74,50.93
2022-01-25,North America,Canada,Furniture,Storage,Consumer,3,636.93,262.41,374.52
2023-10-21,Latin America,Chile,Office Supplies,Binders,Corporate,4,905.56,621.62,283.94
2022-07-15,North America,Mexico,Furniture,Storage,Home Office,1,406.96,277.76,129.2
2022-07-07,Europe,Germany,Furniture,Desks,Home Office,3,1453.17,668.05,785.12
2024-03-11,Europe,United Kingdom,Office Supplies,Paper,Corporate,3,1042.59,794.38,248.21
2024-08-15,Europe,France,Furniture,Desks,Corporate,2,952.02,465.45,486.57
2024-07-19,North America,United States,Office Supplies,Paper,Consumer,5,282.0,199.84,82.16
2022-10-13,Asia Pacific,China,Electronics,Accessories,Consumer,2,790.58,624.42,166.16
2023-12-10,North America,Canada,Clothing,Shirts,Consumer,1,237.68,111.51,126.17
2022-04-24,Asia Pacific,India,Clothing,Shirts,Consumer,1,72.62,36.09,36.53
2022-10-21,Latin America,Brazil,Electronics,Phones,Home Office,2,216.5,164.89,51.61
2024-05-24,North America,Canada,Electronics,Computers,Consumer,3,1421.37,975.25,446.12
2022-01-24,Latin America,Colombia,Clothing,Outerwear,Consumer,3,488.73,337.3,151.43
2023-09-18,Europe,Germany,Clothing,Shoes,Consumer,3,592.74,466.22,126.52
2022-08-08,North America,Canada,Furniture,Chairs,Corporate,4,1449.6,1042.87,406.73
2023-02-24,Asia Pacific,India,Furniture,Storage,Consumer,3,850.74,483.85,366.89
2024-10-02,Latin America,Argentina,Furniture,Storage,Consumer,2,829.52,553.51,276.01
2023-01-11,Latin America,Colombia,Electronics,Accessories,Corporate,4,1872.48,1446.96,425.52
2024-03-30,Europe,Germany,Office Supplies,Paper,Home Office,4,1772.4,998.76,773.64
2024-06-24,Asia Pacific,South Korea,Office Supplies,Labels,Corporate,1,334.57,211.2,123.37
2023-03-02,Asia Pacific,China,Electronics,Accessories,Consumer,5,793.1,496.68,296.42
2023-09-10,Europe,Germany,Furniture,Storage,Corporate,2,321.44,168.08,153.36
2024-05-08,Latin America,Argentina,Electronics,Computers,Consumer,3,1192.23,683.3,508.93
2023-06-02,Asia Pacific,Japan,Office Supplies,Binders,Home Office,2,36.84,20.63,16.21
2023-07-21,Asia Pacific,China,Electronics,Phones,Home Office,5,1258.0,601.61,656.39
2022-06-14,Europe,Spain,Furniture,Chairs,Home Office,4,497.68,243.93,253.75
2023-08-12,Europe,United Kingdom,Office Supplies,Labels,Home Office,1,496.61,279.12,217.49
2022-02-07,Asia Pacific,China,Electronics,Phones,Consumer,1,88.89,66.78,22.11
2023-09-29,Europe,France,Electronics,Computers,Consumer,1,68.05,38.15,29.9
2023-09-29,Latin America,Brazil,Furniture,Desks,Consumer,1,359.63,236.18,123.45
2024-10-31,Latin America,Brazil,Electronics,Computers,Consumer,1,499.76,240.21,259.55
2024-07-03,North America,United States,Electronics,Audio,Consumer,1,112.83,86.61,26.22
2024-08-30,North America,United States,Electronics,Accessories,Home Office,1,298.95,175.38,123.57
2024-04-29,North America,Mexico,Electronics,Accessories,Consumer,3,1035.09,669.43,365.66
2022-04-15,Asia Pacific,China,Office Supplies,Labels,Home Office,3,1304.97,1002.88,302.09
2022-09-04,North America,United States,Clothing,Outerwear,Consumer,3,809.25,552.29,256.96
2022-02-16,Latin America,Argentina,Clothing,Shirts,Corporate,2,783.8,501.24,282.56
2022-04-26,Europe,Spain,Electronics,Accessories,Consumer,4,93.88,63.47,30.41
2022-08-16,Latin America,Argentina,Furniture,Tables,Home Office,5,2203.85,1399.95,803.9
2024-02-26,Asia Pacific,India,Clothing,Shirts,Home Office,2,495.46,364.16,131.3
2022-03-24,Latin America,Colombia,Electronics,Phones,Consumer,3,834.12,558.44,275.68
2024-01-21,Asia Pacific,India,Electronics,Phones,Consumer,3,1013.61,524.3,489.31
2022-10-04,Europe,Spain,Furniture,Tables,Consumer,4,1186.76,849.41,337.35
2024-02-27,Latin America,Chile,Clothing,Outerwear,Corporate,4,79.04,56.94,22.1
2024-01-01,North America,Canada,Electronics,Computers,Home Office,3,1054.56,818.17,236.39
2022-10-18,North America,Canada,Electronics,Phones,Corporate,3,1240.47,688.91,551.56
2022-01-10,Latin America,Brazil,Furniture,Tables,Corporate,1,489.82,383.04,106.78
2024-12-06,Asia Pacific,Japan,Office Supplies,Pens,Home Office,1,313.8,234.18,79.62
2022-10-08,Asia Pacific,South Korea,Office Supplies,Paper,Consumer,1,15.01,11.48,3.53
2024-05-20,North America,United States,Office Supplies,Pens,Consumer,2,118.92,90.93,27.99
2024-02-12,Latin America,Chile,Clothing,Outerwear,Corporate,2,246.46,184.13,62.33
2023-11-07,Europe,France,Electronics,Phones,Consumer,3,55.11,24.66,30.45
2023-07-20,Latin America,Colombia,Office Supplies,Pens,Corporate,5,2059.65,1305.99,753.66
2024-05-19,North America,Canada,Clothing,Pants,Home Office,3,501.81,354.26,147.55
2022-08-16,Europe,Italy,Electronics,Accessories,Corporate,3,1216.56,551.83,664.73
2024-02-02,Latin America,Brazil,Office Supplies,Binders,Corporate,2,388.86,301.58,87.28
2022-04-04,Latin America,Argentina,Furniture,Desks,Consumer,2,309.72,160.15,149.57
2024-01-28,Asia Pacific,India,Clothing,Shoes,Consumer,1,185.47,106.95,78.52
2022-02-25,Latin America,Argentina,Electronics,Accessories,Consumer,3,594.87,300.67,294.2
2024-09-11,Europe,Spain,Electronics,Computers,Consumer,4,663.36,525.04,138.32
2024-12-21,North America,United States,Clothing,Outerwear,Consumer,3,769.77,407.77,362.0
2024-07-29,Europe,Spain,Electronics,Computers,Home Office,2,345.68,244.82,100.86
2024-03-18,Latin America,Argentina,Clothing,Pants,Home Office,5,2093.05,1671.95,421.1
2024-07-07,Latin America,Colombia,Office Supplies,Pens,Consumer,4,1319.28,726.79,592.49
2023-02-28,Europe,Spain,Electronics,Computers,Corporate,2,732.1,575.99,156.11
2024-04-01,Latin America,Colombia,Furniture,Storage,Home Office,2,233.54,142.83,90.71
2024-10-29,Latin America,Brazil,Clothing,Shirts,Corporate,5,2300.4,1401.69,898.71
2024-03-16,Europe,Germany,Electronics,Audio,Corporate,2,274.52,147.9,126.62
2022-02-22,Europe,Spain,Furniture,Desks,Home Office,1,478.93,254.29,224.64
2024-07-09,Latin America,Chile,Electronics,Audio,Consumer,3,634.89,268.63,366.26
2024-08-28,Latin America,Colombia,Office Supplies,Binders,Corporate,2,447.6,192.82,254.78
2022-02-26,Europe,Italy,Office Supplies,Pens,Consumer,4,451.72,253.4,198.32
2022-09-24,Latin America,Argentina,Furniture,Chairs,Home Office,2,191.94,126.18,65.76
2024-09-14,North America,United States,Electronics,Accessories,Corporate,4,874.8,392.15,482.65
2024-10-04,North America,Canada,Furniture,Chairs,Corporate,2,624.46,385.47,238.99
2022-08-22,Asia Pacific,Australia,Clothing,Pants,Consumer,3,288.3,127.26,161.04
2024-05-20,North America,United States,Furniture,Tables,Consumer,2,751.94,600.02,151.92
2022-01-29,North America,Canada,Furniture,Desks,Corporate,4,1664.48,706.11,958.37
2022-02-21,North America,Canada,Clothing,Shirts,Consumer,1,206.03,98.4,107.63
2022-03-22,Asia Pacific,China,Electronics,Audio,Home Office,2,224.5,126.91,97.59
2024-07-28,Europe,France,Office Supplies,Labels,Home Office,2,855.76,637.72,218.04
2024-06-21,Europe,Italy,Office Supplies,Labels,Corporate,2,917.56,368.98,548.58
2023-04-01,North America,Mexico,Clothing,Outerwear,Corporate,1,86.57,46.74,39.83
2023-10-28,North America,Mexico,Furniture,Tables,Consumer,4,1413.4,1125.81,287.59
2024-10-07,Europe,Italy,Electronics,Computers,Home Office,1,412.9,201.86,211.04
2022-04-08,Asia Pacific,South Korea,Clothing,Shirts,Consumer,4,1448.32,841.51,606.81
2023-11-10,Europe,Spain,Furniture,Storage,Corporate,2,596.34,301.69,294.65
2024-02-05,North America,Canada,Electronics,Accessories,Corporate,1,215.16,128.68,86.48
2024-01-15,Latin America,Brazil,Furniture,Chairs,Home Office,1,335.9,258.29,77.61
2022-12-18,North America,United States,Furniture,Chairs,Corporate,3,1326.72,657.1,669.62
2022-03-08,Asia Pacific,Australia,Electronics,Computers,Consumer,2,361.52,172.43,189.09
2023-02-27,Europe,United Kingdom,Furniture,Tables,Corporate,1,29.96,21.69,8.27
2023-11-10,Asia Pacific,China,Electronics,Computers,Corporate,3,512.97,352.5,160.47
2022-03-10,Europe,Spain,Office Supplies,Pens,Home Office,2,759.96,378.64,381.32
2022-11-29,Asia Pacific,Japan,Clothing,Pants,Home Office,4,299.24,216.87,82.37
2022-02-24,Asia Pacific,South Korea,Furniture,Chairs,Consumer,3,1136.4,495.68,640.72
2022-04-28,Latin America,Chile,Clothing,Outerwear,Home Office,5,1556.25,1214.73,341.52
2022-08-30,Europe,Germany,Clothing,Shoes,Consumer,1,245.75,128.67,117.08
2024-02-01,Asia Pacific,Japan,Electronics,Phones,Corporate,2,603.4,450.61,152.79
2022-07-10,Europe,Spain,Office Supplies,Paper,Home Office,2,197.2,114.09,83.11
2023-04-15,North America,Canada,Office Supplies,Pens,Home Office,4,291.08,165.75,125.33
2023-07-16,Latin America,Chile,Furniture,Desks,Corporate,4,241.64,184.2,57.44
2022-02-22,Latin America,Brazil,Clothing,Pants,Consumer,1,289.83,134.29,155.54
2024-12-27,Asia Pacific,Australia,Furniture,Storage,Consumer,2,182.9,80.91,101.99
2023-12-26,Europe,France,Office Supplies,Paper,Corporate,1,142.74,98.19,44.55
2022-10-13,North America,Mexico,Electronics,Audio,Consumer,1,263.54,151.97,111.57
2024-08-02,Europe,France,Clothing,Pants,Corporate,3,1294.17,597.04,697.13
2022-07-11,Europe,France,Office Supplies,Paper,Home Office,2,741.24,583.84,157.4
2023-09-12,Latin America,Colombia,Electronics,Accessories,Corporate,4,1665.84,798.45,867.39
2023-03-04,Europe,Germany,Clothing,Outerwear,Consumer,3,1312.74,1020.13,292.61
2022-12-06,Asia Pacific,India,Office Supplies,Labels,Corporate,1,442.88,236.24,206.64
2024-10-28,Asia Pacific,South Korea,Furniture,Tables,Corporate,4,1432.76,846.95,585.81
2024-04-08,Europe,United Kingdom,Office Supplies,Labels,Corporate,2,665.3,473.41,191.89
2024-01-13,Asia Pacific,Japan,Office Supplies,Binders,Consumer,5,1009.9,628.34,381.56
2022-12-20,Europe,France,Electronics,Phones,Home Office,2,365.62,262.63,102.99
2024-04-10,Europe,France,Clothing,Pants,Home Office,4,409.84,288.61,121.23
2023-01-05,North America,United States,Furniture,Tables,Consumer,3,158.16,99.31,58.85
2022-12-25,North America,United States,Clothing,Shoes,Consumer,4,117.92,66.5,51.42
2022-01-01,Asia Pacific,Australia,Electronics,Audio,Corporate,2,201.4,119.0,82.4
2023-08-07,North America,United States,Furniture,Chairs,Consumer,1,291.71,145.34,146.37
2023-02-16,Europe,Germany,Furniture,Storage,Corporate,1,52.55,33.46,19.09
2024-02-22,North America,Mexico,Electronics,Accessories,Consumer,5,401.75,238.78,162.97
2022-03-18,Asia Pacific,India,Office Supplies,Labels,Consumer,4,1668.68,704.11,964.57
2024-06-11,Europe,Spain,Office Supplies,Pens,Home Office,5,1797.4,973.46,823.94
2022-01-31,Asia Pacific,Japan,Clothing,Pants,Consumer,3,652.77,377.22,275.55
2024-05-21,Europe,Germany,Electronics,Computers,Consumer,4,264.76,173.99,90.77
2023-06-15,Asia Pacific,China,Clothing,Outerwear,Consumer,2,721.1,400.67,320.43
2023-07-20,Asia Pacific,China,Furniture,Desks,Consumer,4,960.96,728.32,232.64
2024-12-07,Asia Pacific,India,Clothing,Shirts,Corporate,2,794.24,509.71,284.53
2023-01-04,North America,Canada,Clothing,Shirts,Corporate,3,1291.77,568.42,723.35
2024-06-22,North America,United States,Clothing,Pants,Consumer,3,1055.07,439.41,615.66
2022-12-12,Asia Pacific,South Korea,Furniture,Desks,Corporate,3,1164.09,501.85,662.24
2024-10-13,Europe,Germany,Office Supplies,Binders,Corporate,3,1200.3,720.65,479.65
2024-03-07,Asia Pacific,India,Electronics,Computers,Corporate,3,1165.89,638.78,527.11
2023-04-07,Latin America,Argentina,Clothing,Shirts,Corporate,4,379.0,229.78,149.22
2023-06-30,North America,Mexico,Electronics,Phones,Home Office,3,363.9,272.84,91.06
2023-10-03,Latin America,Chile,Furniture,Chairs,Corporate,3,374.64,266.78,107.86
2022-02-02,North America,Mexico,Furniture,Desks,Home Office,1,138.31,78.97,59.34
2023-09-17,Latin America,Colombia,Electronics,Audio,Consumer,4,1030.16,785.61,244.55
2023-06-21,Asia Pacific,Japan,Clothing,Shirts,Corporate,4,201.4,141.18,60.22
2023-12-21,Latin America,Chile,Clothing,Shoes,Consumer,4,1519.84,853.62,666.22
2022-05-18,Asia Pacific,Australia,Electronics,Audio,Home Office,5,1449.55,1123.91,325.64
2022-11-02,Latin America,Colombia,Furniture,Chairs,Consumer,5,804.75,335.1,469.65
2024-07-19,Latin America,Brazil,Office Supplies,Pens,Corporate,4,1515.68,866.0,649.68
2023-11-23,North America,United States,Furniture,Desks,Corporate,4,1200.6,598.21,602.39
2022-02-25,Latin America,Colombia,Clothing,Pants,Consumer,4,963.16,690.18,272.98
2022-09-04,Europe,Germany,Furniture,Desks,Corporate,4,1826.0,1199.59,626.41
2022-06-16,North America,Mexico,Clothing,Shoes,Corporate,2,512.34,272.46,239.88
2022-04-06,Latin America,Colombia,Furniture,Desks,Consumer,3,1029.21,481.32,547.89
2024-11-20,Latin America,Colombia,Electronics,Audio,Home Office,3,1276.8,941.69,335.11
2023-09-12,Europe,Germany,Electronics,Accessories,Consumer,3,982.44,613.45,368.99
2022-06-09,Latin America,Colombia,Electronics,Accessories,Corporate,2,203.08,86.2,116.88
2022-05-23,Latin America,Argentina,Electronics,Accessories,Consumer,5,1474.3,1041.88,432.42
2024-11-08,North America,Mexico,Furniture,Desks,Consumer,5,427.1,290.84,136.26
2023-02-22,Europe,Spain,Electronics,Accessories,Home Office,1,271.61,197.99,73.62
2023-09-23,Asia Pacific,Japan,Clothing,Outerwear,Consumer,1,111.06,75.32,35.74
2023-04-26,North America,Mexico,Furniture,Storage,Corporate,5,1746.2,777.38,968.82
2024-01-05,Latin America,Colombia,Electronics,Accessories,Home Office,2,82.24,44.08,38.16
2024-06-18,Europe,United Kingdom,Office Supplies,Binders,Home Office,5,447.9,358.2,89.7
2023-04-21,Asia Pacific,Japan,Electronics,Computers,Home Office,1,238.3,146.68,91.62
2024-04-28,Latin America,Brazil,Clothing,Shoes,Home Office,3,1005.09,674.54,330.55
2023-12-05,North America,United States,Clothing,Outerwear,Home Office,2,903.22,597.59,305.63
2022-07-10,Asia Pacific,China,Furniture,Desks,Consumer,1,243.22,188.44,54.78
2022-11-16,Latin America,Chile,Electronics,Accessories,Consumer,2,50.46,32.88,17.58
2022-03-06,North America,Canada,Furniture,Desks,Consumer,5,455.75,354.73,101.02
2022-12-23,Asia Pacific,Australia,Office Supplies,Paper,Home Office,1,234.25,142.08,92.17
2023-11-26,Europe,Spain,Office Supplies,Paper,Consumer,4,1098.08,625.02,473.06
2022-08-19,Latin America,Brazil,Furniture,Desks,Corporate,4,299.56,186.62,112.94
2024-12-22,Europe,United Kingdom,Furniture,Chairs,Corporate,1,321.45,232.02,89.43
2024-05-12,Europe,France,Office Supplies,Binders,Consumer,3,1210.5,668.92,541.58
2023-01-12,Asia Pacific,Australia,Clothing,Shirts,Consumer,2,30.74,21.47,9.27
2022-10-20,Asia Pacific,Japan,Office Supplies,Pens,Corporate,5,95.5,41.64,53.86
2022-11-16,Europe,Spain,Office Supplies,Pens,Consumer,2,560.3,283.79,276.51
2024-07-13,Latin America,Brazil,Furniture,Desks,Home Office,4,41.52,31.86,9.66
2023-08-25,Europe,Spain,Office Supplies,Pens,Home Office,3,91.77,49.73,42.04
2024-05-20,Asia Pacific,South Korea,Electronics,Accessories,Corporate,3,1029.12,811.32,217.8
2024-03-30,Asia Pacific,South Korea,Furniture,Chairs,Corporate,5,1156.85,693.38,463.47
2024-11-26,Asia Pacific,Australia,Clothing,Shoes,Consumer,2,961.52,473.38,488.14
2022-03-20,Latin America,Colombia,Clothing,Shoes,Corporate,5,230.55,126.6,103.95
2023-09-28,Latin America,Argentina,Furniture,Chairs,Corporate,2,612.74,339.94,272.8
2022-12-06,Latin America,Argentina,Electronics,Accessories,Corporate,4,182.44,106.09,76.35
2024-04-15,Europe,Germany,Office Supplies,Labels,Home Office,5,2276.25,1773.64,502.61
2022-11-13,Europe,Germany,Office Supplies,Labels,Corporate,5,1311.2,896.92,414.28
2024-07-12,Europe,France,Clothing,Shirts,Corporate,1,131.06,79.96,51.1
2022-04-11,Asia Pacific,South Korea,Furniture,Chairs,Corporate,2,611.06,426.77,184.29
2022-06-23,Europe,Germany,Clothing,Shirts,Consumer,1,449.43,231.83,217.6
2022-04-12,Latin America,Colombia,Furniture,Chairs,Corporate,2,855.84,640.41,215.43
2022-05-25,Europe,France,Electronics,Phones,Consumer,5,2038.25,1219.45,818.8
2022-11-08,Latin America,Argentina,Electronics,Accessories,Home Office,3,1254.24,694.22,560.02
2022-11-24,Europe,France,Electronics,Audio,Home Office,2,74.5,35.24,39.26
2023-11-21,Europe,United Kingdom,Clothing,Shoes,Corporate,5,2358.9,1040.09,1318.81
2023-06-19,Latin America,Argentina,Electronics,Audio,Corporate,5,372.7,149.72,222.98
2024-08-28,Asia Pacific,Japan,Electronics,Accessories,Home Office,4,841.72,651.98,189.74
2024-05-31,Asia Pacific,India,Furniture,Storage,Consumer,3,394.44,305.99,88.45
2024-10-02,Asia Pacific,China,Furniture,Storage,Consumer,1,331.76,196.69,135.07
2023-10-09,Latin America,Brazil,Electronics,Phones,Corporate,4,1011.92,664.78,347.14
2022-05-31,Latin America,Chile,Electronics,Computers,Corporate,1,381.21,268.65,112.56
2023-01-03,North America,United States,Office Supplies,Paper,Home Office,2,525.32,250.76,274.56
2024-07-30,North America,United States,Office Supplies,Pens,Corporate,3,434.34,251.67,182.67
2022-01-01,Asia Pacific,India,Clothing,Shirts,Corporate,5,1069.15,482.69,586.46
2023-04-07,Asia Pacific,China,Electronics,Accessories,Corporate,3,142.05,99.84,42.21
2022-05-27,Latin America,Brazil,Office Supplies,Paper,Corporate,2,961.8,448.76,513.04
2023-12-12,North America,Canada,Office Supplies,Labels,Consumer,3,84.45,61.27,23.18
2023-12-27,North America,Canada,Office Supplies,Paper,Home Office,1,167.27,122.79,44.48
2023-06-18,Asia Pacific,South Korea,Clothing,Outerwear,Consumer,5,1682.7,1293.54,389.16
2022-04-07,Latin America,Colombia,Electronics,Phones,Corporate,1,298.04,225.59,72.45
2022-01-26,Asia Pacific,Australia,Office Supplies,Paper,Home Office,3,1477.53,1178.75,298.78
2023-05-25,Europe,Germany,Electronics,Phones,Home Office,2,596.8,332.69,264.11
2022-11-25,North America,United States,Office Supplies,Labels,Home Office,3,953.67,645.97,307.7
2022-02-13,Latin America,Brazil,Furniture,Desks,Corporate,2,615.92,329.63,286.29
2024-02-22,Asia Pacific,India,Furniture,Tables,Home Office,2,355.7,201.69,154.01
2023-02-14,North America,United States,Clothing,Outerwear,Corporate,1,256.54,154.67,101.87
2022-04-20,Latin America,Colombia,Electronics,Accessories,Consumer,5,462.05,365.77,96.28
2022-08-29,North America,Mexico,Office Supplies,Pens,Consumer,1,107.85,80.07,27.78
2022-10-25,Latin America,Colombia,Electronics,Phones,Corporate,5,725.4,388.38,337.02
2022-04-07,Asia Pacific,Japan,Clothing,Pants,Consumer,1,64.6,42.8,21.8
2022-03-08,Asia Pacific,India,Furniture,Tables,Consumer,3,362.07,275.89,86.18
2022-01-15,Latin America,Colombia,Office Supplies,Binders,Home Office,3,465.51,321.46,144.05
2022-04-27,Europe,Germany,Electronics,Accessories,Consumer,3,603.9,259.3,344.6
2023-11-26,Europe,Italy,Office Supplies,Labels,Corporate,4,1995.68,903.86,1091.82
2024-04-14,Europe,Germany,Office Supplies,Labels,Consumer,3,371.16,150.48,220.68
2024-02-27,North America,Mexico,Office Supplies,Paper,Consumer,3,744.66,463.33,281.33
2024-07-07,North America,United States,Clothing,Shoes,Consumer,3,1394.34,586.65,807.69
2023-04-30,North America,Canada,Clothing,Pants,Corporate,1,191.77,86.62,105.15
2024-12-23,North America,Mexico,Clothing,Outerwear,Consumer,5,1385.3,620.99,764.31
2023-03-20,North America,Mexico,Electronics,Computers,Consumer,2,646.32,295.54,350.78
2022-10-05,North America,Mexico,Office Supplies,Binders,Consumer,2,772.04,450.89,321.15
2024-01-30,Latin America,Chile,Furniture,Chairs,Home Office,2,969.8,404.08,565.72
2024-12-28,Latin America,Brazil,Furniture,Desks,Corporate,4,1871.52,1243.88,627.64
2023-06-12,Asia Pacific,South Korea,Furniture,Chairs,Corporate,3,1128.33,885.8,242.53
2023-07-31,Asia Pacific,Australia,Furniture,Chairs,Consumer,5,89.9,56.14,33.76
2024-03-08,Asia Pacific,Australia,Furniture,Storage,Corporate,3,615.27,346.06,269.21
2022-12-10,Asia Pacific,Japan,Electronics,Accessories,Home Office,4,142.56,96.91,45.65
2024-02-18,North America,United States,Clothing,Shirts,Corporate,2,323.4,184.09,139.31
2024-07-05,North America,Canada,Clothing,Pants,Corporate,4,71.44,34.2,37.24
2022-05-09,Asia Pacific,South Korea,Office Supplies,Paper,Consumer,3,1433.7,963.96,469.74
2022-05-19,Latin America,Argentina,Electronics,Accessories,Corporate,1,164.86,69.5,95.36
2024-12-14,Latin America,Brazil,Office Supplies,Pens,Consumer,3,474.27,229.39,244.88
2023-10-31,Asia Pacific,India,Office Supplies,Paper,Home Office,4,1938.52,1342.95,595.57
2024-01-19,Europe,United Kingdom,Office Supplies,Labels,Home Office,1,166.47,97.23,69.24
2022-06-13,Latin America,Colombia,Office Supplies,Labels,Home Office,2,441.1,244.96,196.14
2022-09-10,Europe,Germany,Office Supplies,Labels,Corporate,5,1177.0,728.3,448.7
2022-01-15,Asia Pacific,India,Electronics,Computers,Consumer,4,1701.24,1225.77,475.47
2022-07-01,Asia Pacific,Japan,Electronics,Phones,Home Office,2,180.66,115.87,64.79
2024-06-04,Latin America,Argentina,Furniture,Tables,Consumer,5,1761.6,854.52,907.08
2022-09-30,Europe,Italy,Clothing,Outerwear,Corporate,1,101.16,63.15,38.01
2022-10-01,Asia Pacific,Japan,Furniture,Desks,Corporate,4,1249.92,796.82,453.1
2023-01-18,Asia Pacific,Japan,Clothing,Shoes,Consumer,5,2336.0,1083.39,1252.61
2024-12-31,Asia Pacific,Japan,Electronics,Computers,Consumer,2,41.26,18.05,23.21
2022-01-01,North America,Canada,Furniture,Tables,Consumer,5,733.3,333.89,399.41
2023-09-01,Latin America,Brazil,Furniture,Chairs,Home Office,4,689.56,364.39,325.17
2022-06-22,Asia Pacific,Australia,Office Supplies,Pens,Corporate,1,458.27,264.43,193.84
2024-06-12,North America,United States,Furniture,Chairs,Consumer,1,361.14,201.28,159.86
2023-08-06,Europe,Germany,Furniture,Tables,Corporate,2,915.34,546.55,368.79
2024-08-15,Latin America,Argentina,Furniture,Chairs,Corporate,5,1764.6,729.68,1034.92
2024-03-26,Latin America,Chile,Clothing,Shirts,Corporate,1,111.59,60.77,50.82
2023-05-03,Latin America,Brazil,Office Supplies,Binders,Consumer,5,1283.4,669.54,613.86
2023-08-13,North America,Mexico,Electronics,Accessories,Home Office,3,1100.04,498.22,601.82
2024-10-12,Asia Pacific,China,Clothing,Shoes,Corporate,5,459.15,266.94,192.21
2022-10-10,Asia Pacific,South Korea,Electronics,Accessories,Consumer,1,422.96,210.65,212.31
2024-04-09,Europe,Italy,Office Supplies,Labels,Corporate,4,1468.68,753.56,715.12
2024-07-06,Asia Pacific,Australia,Clothing,Pants,Consumer,5,2317.0,1835.94,481.06
2024-09-19,Asia Pacific,South Korea,Electronics,Audio,Home Office,5,1096.75,697.22,399.53
2023-10-08,Asia Pacific,China,Office Supplies,Pens,Consumer,4,1559.16,895.9,663.26
2023-03-20,Europe,Germany,Furniture,Storage,Corporate,1,74.07,34.28,39.79
2024-12-28,North America,Mexico,Electronics,Audio,Home Office,3,856.71,459.0,397.71
2023-05-31,North America,United States,Electronics,Computers,Home Office,4,896.4,609.2,287.2
2022-12-01,Europe,Germany,Office Supplies,Labels,Corporate,2,830.18,640.61,189.57
2022-11-27,Asia Pacific,India,Clothing,Shoes,Consumer,5,1947.15,1188.82,758.33
2022-09-21,Europe,Spain,Clothing,Shirts,Corporate,5,2432.7,1255.39,1177.31
2024-03-05,North America,Canada,Electronics,Computers,Home Office,3,876.03,480.09,395.94
2023-09-19,Latin America,Chile,Clothing,Shirts,Home Office,3,787.5,531.31,256.19
2023-07-06,Latin America,Argentina,Furniture,Chairs,Home Office,4,342.16,190.92,151.24
2022-09-02,North America,Mexico,Electronics,Computers,Corporate,1,198.25,89.8,108.45
2022-07-22,Latin America,Chile,Office Supplies,Binders,Home Office,4,1381.4,777.09,604.31
2023-07-23,Asia Pacific,India,Clothing,Outerwear,Corporate,3,1336.05,722.57,613.48
2022-12-19,Asia Pacific,India,Clothing,Outerwear,Consumer,1,35.63,21.72,13.91
2023-11-23,Latin America,Argentina,Office Supplies,Paper,Corporate,1,213.21,115.38,97.83
2023-10-28,North America,United States,Furniture,Storage,Corporate,3,131.01,79.25,51.76
2024-08-25,Asia Pacific,China,Furniture,Tables,Consumer,5,1046.0,642.0,404.0
2024-05-22,North America,Mexico,Furniture,Storage,Corporate,1,367.79,213.71,154.08
2023-05-18,Latin America,Argentina,Electronics,Audio,Corporate,2,917.98,555.45,362.53
2024-04-22,North America,United States,Electronics,Audio,Home Office,1,274.87,190.86,84.01
2023-04-03,North America,Mexico,Office Supplies,Paper,Consumer,3,1011.93,409.68,602.25
2024-06-06,North America,Mexico,Clothing,Shoes,Home Office,4,304.48,155.01,149.47
2022-11-10,Asia Pacific,China,Furniture,Storage,Corporate,5,712.25,288.66,423.59
2023-10-13,North America,Canada,Furniture,Storage,Corporate,4,626.36,378.18,248.18
2022-01-30,Asia Pacific,India,Furniture,Storage,Home Office,1,445.25,282.2,163.05
2022-04-03,Europe,Spain,Electronics,Computers,Home Office,5,664.9,305.09,359.81
2022-04-01,Europe,United Kingdom,Office Supplies,Pens,Corporate,5,736.9,542.81,194.09
2022-02-05,Latin America,Argentina,Office Supplies,Pens,Consumer,2,114.44,79.84,34.6
2024-07-30,Latin America,Chile,Clothing,Shoes,Corporate,5,945.0,736.58,208.42
2023-09-25,North America,Mexico,Clothing,Outerwear,Home Office,5,1818.0,873.71,944.29
2024-10-22,Europe,Italy,Office Supplies,Labels,Home Office,5,2024.65,1033.75,990.9
2024-05-10,Europe,Germany,Furniture,Tables,Corporate,1,371.05,201.94,169.11
2024-02-11,Asia Pacific,Japan,Clothing,Shoes,Corporate,3,1394.28,674.71,719.57
2024-06-27,Europe,United Kingdom,Clothing,Shoes,Consumer,5,573.4,451.06,122.34
2022-06-27,Asia Pacific,China,Electronics,Accessories,Home Office,5,416.45,296.34,120.11
2024-02-21,Asia Pacific,Australia,Office Supplies,Labels,Home Office,5,1504.6,615.93,888.67
2024-05-10,Europe,Germany,Furniture,Desks,Home Office,2,235.66,138.92,96.74
2024-07-11,North America,United States,Furniture,Tables,Corporate,5,188.7,128.95,59.75
2024-05-27,Asia Pacific,Australia,Clothing,Shirts,Home Office,5,737.4,432.42,304.98
2024-07-03,Asia Pacific,Australia,Electronics,Accessories,Corporate,4,655.36,315.23,340.13
2024-12-10,North America,Mexico,Electronics,Accessories,Home Office,2,473.52,201.97,271.55
2022-05-13,Asia Pacific,India,Electronics,Audio,Corporate,5,2469.55,1740.64,728.91
2024-03-10,Europe,Spain,Furniture,Storage,Home Office,5,1136.05,547.74,588.31
2022-02-16,Europe,United Kingdom,Clothing,Shoes,Consumer,2,253.04,141.62,111.42
2022-08-11,Europe,United Kingdom,Electronics,Audio,Home Office,1,278.12,201.06,77.06
2022-07-24,Europe,Italy,Clothing,Shirts,Home Office,2,819.16,336.36,482.8
2024-09-27,North America,Canada,Clothing,Shirts,Consumer,1,232.79,105.4,127.39
2024-09-12,Europe,Italy,Furniture,Desks,Home Office,5,2239.0,1096.13,1142.87
2024-11-13,Latin America,Chile,Clothing,Shirts,Consumer,3,95.04,56.68,38.36
2024-07-31,Latin America,Argentina,Furniture,Storage,Corporate,4,66.0,39.25,26.75
2023-04-29,North America,United States,Furniture,Chairs,Corporate,3,530.19,221.13,309.06
2023-10-14,Latin America,Brazil,Office Supplies,Pens,Home Office,1,267.15,172.89,94.26
2023-04-01,Asia Pacific,Australia,Office Supplies,Paper,Corporate,3,1473.33,906.04,567.29
2022-08-03,North America,Canada,Electronics,Audio,Corporate,1,329.19,224.05,105.14
2022-11-09,Europe,France,Electronics,Computers,Corporate,5,2476.7,1103.45,1373.25
2024-03-16,North America,Mexico,Electronics,Accessories,Corporate,5,1143.7,481.93,661.77
2022-10-19,Europe,France,Office Supplies,Binders,Corporate,5,765.2,432.19,333.01
2024-08-26,Asia Pacific,China,Furniture,Desks,Home Office,4,1909.4,1385.77,523.63
2022-05-16,Latin America,Argentina,Furniture,Storage,Corporate,2,763.22,459.77,303.45
2023-03-03,North America,Canada,Clothing,Outerwear,Corporate,2,609.4,415.2,194.2
2022-10-29,Latin America,Argentina,Electronics,Accessories,Home Office,2,716.46,325.76,390.7
2022-07-01,Asia Pacific,South Korea,Office Supplies,Binders,Home Office,2,996.02,488.75,507.27
2022-12-25,Asia Pacific,China,Clothing,Outerwear,Consumer,5,900.05,626.03,274.02
2023-05-22,Latin America,Colombia,Electronics,Accessories,Consumer,3,458.7,253.99,204.71
2024-08-22,Asia Pacific,India,Furniture,Chairs,Corporate,5,924.0,474.36,449.64
2022-06-18,Latin America,Chile,Electronics,Accessories,Consumer,4,45.76,18.54,27.22
2022-11-27,Europe,United Kingdom,Electronics,Accessories,Home Office,5,225.9,165.73,60.17
2023-08-11,North America,United States,Office Supplies,Binders,Home Office,4,797.76,602.9,194.86
2023-06-07,Europe,Spain,Clothing,Outerwear,Consumer,2,599.66,412.32,187.34
2022-09-14,Latin America,Chile,Furniture,Tables,Consumer,2,436.26,323.31,112.95
2023-12-14,North America,Mexico,Clothing,Pants,Consumer,5,2232.2,1263.98,968.22
2024-07-15,Latin America,Brazil,Clothing,Shoes,Corporate,4,1907.0,763.94,1143.06
2023-10-04,Latin America,Argentina,Office Supplies,Pens,Consumer,2,797.56,586.46,211.1
2022-10-01,Europe,France,Electronics,Phones,Consumer,4,1945.04,1208.82,736.22
2024-05-12,Latin America,Chile,Electronics,Phones,Corporate,4,1243.96,660.49,583.47
2023-09-16,Asia Pacific,India,Electronics,Audio,Corporate,1,312.22,151.28,160.94
2023-12-19,North America,Canada,Office Supplies,Labels,Corporate,4,1768.08,806.32,961.76
2024-02-11,North America,United States,Clothing,Pants,Corporate,2,392.02,167.23,224.79
2024-01-01,Latin America,Chile,Office Supplies,Pens,Home Office,2,496.24,285.57,210.67
2023-06-23,North America,Canada,Electronics,Phones,Consumer,5,842.25,664.64,177.61
2023-11-17,Asia Pacific,China,Furniture,Storage,Corporate,3,1316.25,736.75,579.5
2022-10-16,Europe,Italy,Furniture,Chairs,Corporate,4,1519.84,1189.55,330.29
2022-05-16,Asia Pacific,Australia,Office Supplies,Labels,Home Office,1,193.16,114.52,78.64
2023-02-10,Europe,France,Electronics,Phones,Corporate,5,1172.05,711.23,460.82
2023-10-11,Europe,United Kingdom,Furniture,Chairs,Corporate,1,295.75,152.06,143.69
2024-06-21,Latin America,Colombia,Clothing,Shirts,Home Office,2,70.74,43.25,27.49
2024-02-05,North America,United States,Electronics,Accessories,Consumer,1,162.89,103.1,59.79
2023-10-27,North America,United States,Office Supplies,Pens,Corporate,4,1088.32,509.7,578.62
2022-08-01,North America,Canada,Electronics,Accessories,Consumer,1,311.42,175.07,136.35
2024-12-10,Asia Pacific,India,Office Supplies,Pens,Corporate,4,1684.36,947.65,736.71
2022-01-05,Europe,Spain,Furniture,Tables,Home Office,1,192.42,97.23,95.19
2023-02-06,North America,Canada,Electronics,Phones,Consumer,2,73.14,57.31,15.83
2024-06-03,Asia Pacific,Australia,Electronics,Audio,Consumer,2,302.54,132.58,169.96
2023-08-16,Europe,United Kingdom,Clothing,Shoes,Corporate,1,60.52,26.03,34.49
2023-10-17,Europe,United Kingdom,Electronics,Accessories,Corporate,2,221.7,154.32,67.38
2022-10-16,Europe,Germany,Furniture,Storage,Consumer,1,495.69,244.3,251.39
2022-09-25,Europe,Germany,Electronics,Audio,Corporate,2,661.92,290.08,371.84
2022-04-05,North America,United States,Furniture,Storage,Home Office,3,337.35,212.65,124.7
2023-01-30,Europe,Germany,Office Supplies,Pens,Home Office,4,1912.48,854.3,1058.18
2023-03-16,Europe,Germany,Office Supplies,Binders,Corporate,3,519.9,253.0,266.9
2023-01-16,Latin America,Chile,Office Supplies,Labels,Corporate,1,94.9,60.12,34.78
2024-05-30,Latin America,Argentina,Office Supplies,Pens,Home Office,1,367.54,232.78,134.76
2024-01-01,Europe,Spain,Clothing,Shoes,Home Office,2,291.2,183.21,107.99
2024-01-09,Europe,Italy,Clothing,Pants,Corporate,4,1676.28,732.28,944.0
2022-12-30,Latin America,Colombia,Office Supplies,Binders,Home Office,1,141.08,99.55,41.53
2024-03-09,Europe,France,Furniture,Chairs,Home Office,4,856.32,378.57,477.75
2024-08-26,Asia Pacific,Japan,Furniture,Desks,Home Office,3,264.09,198.4,65.69
2023-07-09,Latin America,Colombia,Office Supplies,Pens,Corporate,2,569.96,387.29,182.67
2024-04-15,Europe,Italy,Office Supplies,Pens,Consumer,3,327.75,250.5,77.25
2024-03-06,Latin America,Argentina,Office Supplies,Paper,Corporate,4,200.32,131.49,68.83
2024-05-06,Europe,Italy,Furniture,Storage,Corporate,2,941.38,484.48,456.9
2023-11-04,Latin America,Argentina,Electronics,Accessories,Consumer,4,1472.24,675.53,796.71
2024-08-21,Europe,Italy,Electronics,Accessories,Consumer,3,1294.86,866.94,427.92
2024-10-21,North America,United States,Clothing,Pants,Home Office,4,213.24,106.18,107.06
2024-10-15,Europe,Spain,Furniture,Desks,Consumer,4,1394.64,990.2,404.44
2022-01-09,North America,Canada,Clothing,Shoes,Home Office,1,282.41,128.77,153.64
2023-07-18,Europe,United Kingdom,Furniture,Chairs,Corporate,4,1576.16,1003.8,572.36
2023-09-02,Latin America,Colombia,Furniture,Storage,Home Office,3,1262.34,882.96,379.38
2022-12-03,Latin America,Chile,Office Supplies,Labels,Consumer,2,605.9,353.85,252.05
2023-09-08,North America,United States,Clothing,Outerwear,Home Office,1,496.8,220.55,276.25
2024-04-27,Latin America,Chile,Clothing,Shirts,Home Office,4,924.92,618.67,306.25
2024-04-23,Europe,Germany,Office Supplies,Pens,Home Office,1,26.1,20.42,5.68
2022-08-09,Europe,France,Electronics,Phones,Corporate,2,576.34,293.27,283.07
2022-03-11,North America,United States,Furniture,Tables,Corporate,3,346.71,265.95,80.76
2024-05-08,Latin America,Argentina,Office Supplies,Paper,Corporate,1,414.51,256.25,158.26
2023-06-28,North America,Mexico,Electronics,Phones,Corporate,4,1216.96,505.13,711.83
2023-05-30,North America,United States,Clothing,Shirts,Corporate,5,1653.4,1051.77,601.63
2022-06-20,North America,United States,Office Supplies,Pens,Consumer,2,539.04,394.75,144.29
2024-05-04,Latin America,Brazil,Clothing,Shirts,Home Office,1,439.32,281.56,157.76
2023-05-20,Asia Pacific,Japan,Electronics,Computers,Corporate,5,2243.55,1736.09,507.46
2023-09-12,Asia Pacific,Japan,Electronics,Computers,Corporate,2,93.2,39.57,53.63
2024-09-06,North America,Canada,Electronics,Computers,Home Office,4,155.16,82.17,72.99
2024-09-11,North America,Mexico,Electronics,Accessories,Consumer,2,879.36,627.05,252.31
2022-07-20,Asia Pacific,China,Furniture,Storage,Corporate,1,89.17,68.94,20.23
2022-06-30,Asia Pacific,China,Electronics,Computers,Home Office,4,1708.12,887.59,820.53
2022-10-07,Latin America,Brazil,Furniture,Desks,Corporate,5,952.85,526.19,426.66
2024-05-27,Europe,Italy,Electronics,Computers,Home Office,1,28.38,18.58,9.8
2023-09-10,North America,Mexico,Clothing,Shirts,Home Office,3,278.91,183.12,95.79
2022-09-01,Asia Pacific,Australia,Electronics,Phones,Home Office,2,100.76,53.83,46.93
2023-11-10,North America,Canada,Clothing,Pants,Corporate,1,209.19,104.87,104.32
2023-12-07,Asia Pacific,Japan,Office Supplies,Pens,Home Office,4,1489.6,1128.18,361.42
2022-01-05,Europe,France,Office Supplies,Labels,Home Office,1,467.78,274.41,193.37
2023-07-20,Asia Pacific,India,Clothing,Outerwear,Home Office,5,2455.85,1569.67,886.18
2022-04-30,North America,Canada,Electronics,Audio,Corporate,4,721.84,480.29,241.55
2024-04-03,Europe,France,Office Supplies,Binders,Consumer,2,459.28,316.79,142.49
2024-07-22,Europe,Spain,Clothing,Pants,Home Office,3,625.5,256.68,368.82
2024-02-23,North America,Canada,Electronics,Phones,Consumer,3,1292.76,855.24,437.52
2023-07-17,North America,United States,Electronics,Accessories,Home Office,4,1727.84,871.3,856.54
2024-11-14,Latin America,Brazil,Electronics,Phones,Home Office,4,842.0,538.71,303.29
2023-07-11,North America,Canada,Furniture,Tables,Consumer,4,839.0,400.09,438.91
2022-08-16,North America,Canada,Furniture,Tables,Consumer,2,561.16,265.09,296.07
2022-11-14,Asia Pacific,China,Office Supplies,Labels,Corporate,2,535.48,290.85,244.63
2023-09-01,North America,United States,Office Supplies,Paper,Consumer,5,706.55,453.7,252.85
2022-08-26,Europe,France,Electronics,Phones,Consumer,3,1010.52,738.1,272.42
2023-10-06,Europe,France,Clothing,Pants,Consumer,5,1500.5,1154.51,345.99
2022-01-16,Latin America,Chile,Electronics,Audio,Corporate,5,2452.35,1568.32,884.03
2024-08-09,Europe,United Kingdom,Furniture,Chairs,Consumer,1,448.53,197.77,250.76
2023-08-13,Asia Pacific,Japan,Office Supplies,Paper,Home Office,3,1311.24,590.71,720.53
2024-11-11,North America,Mexico,Office Supplies,Binders,Corporate,5,1054.5,613.35,441.15
2022-09-21,North America,United States,Electronics,Computers,Consumer,4,475.16,255.51,219.65
2022-02-21,Europe,Spain,Electronics,Computers,Consumer,2,827.42,536.36,291.06
2024-06-29,Asia Pacific,Japan,Clothing,Shirts,Corporate,3,842.25,659.59,182.66
2024-10-06,Asia Pacific,South Korea,Office Supplies,Paper,Home Office,3,304.26,230.6,73.66
2022-01-02,Latin America,Colombia,Electronics,Audio,Corporate,2,529.42,381.39,148.03
2024-05-28,North America,Canada,Electronics,Phones,Corporate,3,647.97,321.55,326.42
2024-07-15,Asia Pacific,Australia,Clothing,Shirts,Consumer,4,663.96,383.55,280.41
2022-07-10,Europe,Spain,Electronics,Audio,Home Office,5,193.55,105.11,88.44
2022-02-11,Asia Pacific,Japan,Clothing,Shoes,Home Office,5,443.8,286.32,157.48
2024-03-25,Asia Pacific,Australia,Office Supplies,Labels,Corporate,2,336.64,252.67,83.97
2022-01-19,Asia Pacific,Japan,Furniture,Tables,Corporate,2,228.34,138.13,90.21
2022-03-07,Asia Pacific,China,Clothing,Pants,Corporate,1,362.87,194.79,168.08
2024-03-26,North America,Canada,Office Supplies,Binders,Corporate,3,1273.38,807.3,466.08
2022-02-28,Latin America,Argentina,Clothing,Shoes,Consumer,2,292.0,159.89,132.11
2022-05-06,Europe,Germany,Furniture,Tables,Home Office,3,1023.21,528.43,494.78
2023-01-07,Europe,United Kingdom,Office Supplies,Pens,Home Office,4,483.68,247.55,236.13
2022-10-14,Latin America,Colombia,Furniture,Chairs,Corporate,2,117.22,60.74,56.48
2022-11-18,Europe,Germany,Electronics,Audio,Consumer,4,949.48,732.09,217.39
2022-12-29,North America,Canada,Furniture,Tables,Corporate,4,1224.08,722.13,501.95
2022-01-11,Latin America,Argentina,Furniture,Storage,Consumer,2,138.68,68.27,70.41
2022-11-18,North America,Canada,Office Supplies,Paper,Consumer,2,64.18,28.12,36.06
2022-04-10,North America,Mexico,Furniture,Tables,Consumer,3,939.93,559.98,379.95
2024-09-24,North America,Mexico,Electronics,Phones,Consumer,1,100.07,63.31,36.76
2023-12-01,Latin America,Brazil,Clothing,Pants,Consumer,3,583.56,401.01,182.55
2023-07-30,Latin America,Brazil,Office Supplies,Binders,Home Office,3,33.6,19.48,14.12
2022-10-20,Europe,United Kingdom,Office Supplies,Binders,Home Office,2,153.98,76.03,77.95
2024-02-28,Latin America,Colombia,Electronics,Audio,Corporate,4,607.68,421.47,186.21
2023-05-17,Latin America,Brazil,Electronics,Audio,Corporate,2,684.12,465.01,219.11
2022-08-02,North America,Mexico,Clothing,Shoes,Corporate,4,1434.52,768.89,665.63
2023-12-07,Europe,Spain,Clothing,Shirts,Consumer,1,394.04,182.85,211.19
2022-06-27,Asia Pacific,India,Electronics,Accessories,Home Office,1,400.61,260.39,140.22
2022-11-16,Europe,Germany,Electronics,Phones,Corporate,4,1267.08,851.35,415.73
2024-06-23,North America,Canada,Clothing,Shoes,Consumer,3,391.74,180.38,211.36
2024-09-22,North America,Mexico,Office Supplies,Pens,Consumer,2,390.98,255.82,135.16
2023-08-06,Asia Pacific,India,Furniture,Desks,Consumer,1,150.17,69.21,80.96
2023-10-01,Europe,United Kingdom,Electronics,Phones,Home Office,2,464.48,248.34,216.14
2023-05-19,Europe,Germany,Electronics,Computers,Consumer,3,672.9,430.5,242.4
2024-10-25,Latin America,Colombia,Furniture,Tables,Corporate,5,1798.35,793.63,1004.72
2023-02-18,Latin America,Colombia,Office Supplies,Paper,Corporate,2,920.96,419.76,501.2
2022-07-13,North America,Canada,Electronics,Accessories,Corporate,2,706.32,393.54,312.78
2023-01-12,Latin America,Colombia,Furniture,Storage,Consumer,2,498.1,397.17,100.93
2023-10-10,Asia Pacific,Japan,Furniture,Desks,Corporate,4,655.48,459.2,196.28
2024-08-19,Latin America,Chile,Clothing,Outerwear,Home Office,4,353.08,180.59,172.49
2023-08-13,Asia Pacific,China,Electronics,Audio,Corporate,2,328.6,257.43,71.17
2022-09-23,Latin America,Chile,Clothing,Outerwear,Consumer,2,822.06,346.66,475.4
2024-05-13,Europe,Spain,Clothing,Shoes,Consumer,5,2364.4,1645.33,719.07
2022-02-14,Latin America,Argentina,Office Supplies,Binders,Consumer,1,74.19,32.95,41.24
2024-06-14,Asia Pacific,China,Furniture,Tables,Consumer,3,1342.68,784.91,557.77
2022-01-13,Asia Pacific,Australia,Clothing,Shoes,Consumer,3,200.85,122.1,78.75
2022-04-17,Latin America,Brazil,Furniture,Tables,Home Office,5,1347.75,589.56,758.19
2024-07-16,Europe,Germany,Furniture,Desks,Home Office,2,699.54,539.06,160.48
2023-07-07,Asia Pacific,China,Clothing,Shoes,Corporate,4,63.04,30.19,32.85
2023-03-26,Europe,Italy,Clothing,Pants,Consumer,1,43.01,19.58,23.43
2022-11-07,North America,United States,Office Supplies,Binders,Consumer,4,1641.52,1164.32,477.2
2023-02-21,Europe,Germany,Clothing,Shoes,Home Office,5,983.5,765.95,217.55
2024-11-09,Europe,Italy,Clothing,Shoes,Home Office,1,351.68,194.29,157.39
2023-11-19,Asia Pacific,South Korea,Office Supplies,Labels,Home Office,2,43.54,34.58,8.96
2024-05-08,Asia Pacific,South Korea,Electronics,Phones,Consumer,2,276.32,151.38,124.94
2022-07-11,Europe,France,Electronics,Phones,Consumer,1,450.47,232.76,217.71
2022-08-13,Latin America,Chile,Electronics,Phones,Consumer,5,1847.7,1165.59,682.11
2022-03-15,Asia Pacific,Australia,Electronics,Phones,Corporate,1,143.25,60.96,82.29
2024-04-10,Latin America,Chile,Electronics,Computers,Corporate,2,532.0,352.08,179.92
2023-07-17,Europe,Spain,Office Supplies,Labels,Corporate,3,773.37,370.32,403.05
2022-01-25,North America,Canada,Office Supplies,Labels,Corporate,4,255.6,188.2,67.4
2024-07-12,Asia Pacific,China,Electronics,Phones,Consumer,4,1589.0,1053.23,535.77
2024-04-09,Europe,Spain,Electronics,Accessories,Consumer,1,189.25,145.94,43.31
2024-05-18,Latin America,Brazil,Electronics,Accessories,Corporate,4,738.24,512.59,225.65
2024-12-03,Europe,Germany,Furniture,Desks,Consumer,4,1744.76,1199.99,544.77
2022-02-27,Asia Pacific,South Korea,Furniture,Storage,Consumer,3,554.1,341.13,212.97
2023-12-14,Latin America,Chile,Clothing,Pants,Home Office,3,392.97,306.81,86.16
2023-05-22,Europe,France,Furniture,Desks,Corporate,2,112.38,85.65,26.73
2024-09-14,Asia Pacific,South Korea,Electronics,Phones,Home Office,3,822.96,417.3,405.66
2024-05-21,Latin America,Colombia,Furniture,Chairs,Consumer,1,84.3,51.1,33.2
2023-02-23,Europe,Spain,Furniture,Desks,Corporate,4,1201.36,870.32,331.04
2023-03-31,Asia Pacific,Australia,Electronics,Audio,Home Office,1,90.66,40.83,49.83
2024-11-26,Asia Pacific,Australia,Clothing,Shirts,Consumer,1,403.86,237.0,166.86
2023-01-26,North America,Mexico,Clothing,Pants,Home Office,1,323.07,228.16,94.91
2023-04-04,Europe,Spain,Clothing,Shoes,Corporate,1,69.23,48.74,20.49
2023-08-23,Europe,France,Furniture,Desks,Home Office,5,2307.8,1106.29,1201.51
2022-05-06,North America,Canada,Electronics,Computers,Consumer,1,415.37,285.16,130.21
2023-07-25,Europe,Germany,Office Supplies,Binders,Corporate,2,890.68,699.83,190.85
2023-12-16,Latin America,Colombia,Clothing,Shirts,Home Office,4,1871.96,1256.35,615.61
2024-08-30,North America,Canada,Office Supplies,Labels,Corporate,4,829.16,482.66,346.5
2023-08-30,North America,Mexico,Clothing,Pants,Consumer,3,1175.1,477.6,697.5
2024-01-21,Europe,Germany,Office Supplies,Pens,Home Office,4,1377.0,751.58,625.42
2024-07-28,Europe,Germany,Furniture,Chairs,Home Office,1,382.52,190.32,192.2
2022-01-28,Latin America,Brazil,Office Supplies,Binders,Corporate,2,432.9,305.15,127.75
2023-11-17,Latin America,Brazil,Electronics,Audio,Consumer,1,31.49,17.6,13.89
2022-11-07,Latin America,Brazil,Electronics,Phones,Consumer,4,723.36,454.8,268.56
2023-03-04,Asia Pacific,India,Office Supplies,Labels,Home Office,2,236.24,121.81,114.43
2024-10-21,Europe,France,Clothing,Shirts,Home Office,2,125.64,78.92,46.72
2024-08-24,North America,Canada,Clothing,Pants,Home Office,5,2314.1,1837.35,476.75
2024-03-04,Asia Pacific,Japan,Furniture,Chairs,Consumer,1,471.78,367.93,103.85
2022-10-12,Latin America,Colombia,Office Supplies,Pens,Home Office,2,324.18,199.53,124.65
2023-06-25,Europe,Spain,Furniture,Storage,Consumer,1,407.31,275.21,132.1
2022-10-17,North America,Mexico,Clothing,Shirts,Consumer,3,1009.8,556.19,453.61
2022-02-05,Asia Pacific,China,Electronics,Audio,Corporate,2,827.42,494.97,332.45
2022-08-23,Latin America,Argentina,Electronics,Computers,Consumer,3,1350.93,996.99,353.94
2023-03-21,Latin America,Argentina,Electronics,Phones,Consumer,1,363.97,231.39,132.58
2024-12-13,Europe,United Kingdom,Clothing,Shirts,Home Office,1,406.68,213.06,193.62
2024-12-24,North America,United States,Furniture,Storage,Home Office,3,124.77,77.05,47.72
2023-01-04,North America,Mexico,Furniture,Chairs,Corporate,2,640.7,363.19,277.51
2022-07-01,Europe,Spain,Clothing,Pants,Home Office,1,260.8,188.9,71.9
2022-10-15,Europe,Spain,Electronics,Audio,Home Office,3,1176.33,891.25,285.08
2023-06-10,Latin America,Brazil,Office Supplies,Pens,Consumer,1,27.8,15.0,12.8
2023-03-11,Europe,United Kingdom,Clothing,Shoes,Consumer,5,1147.25,690.11,457.14
2022-10-13,North America,Mexico,Electronics,Audio,Consumer,4,1228.56,724.54,504.02
2024-04-15,Asia Pacific,China,Electronics,Accessories,Corporate,4,978.72,730.82,247.9
2024-11-08,Latin America,Colombia,Clothing,Pants,Home Office,5,1379.6,1080.61,298.99
2024-04-17,Europe,Spain,Office Supplies,Paper,Consumer,4,1763.04,1256.92,506.12
2022-11-27,Latin America,Colombia,Furniture,Tables,Consumer,4,887.24,512.42,374.82
2024-11-20,North America,Mexico,Furniture,Desks,Home Office,4,207.84,115.99,91.85
2023-10-28,Europe,Germany,Electronics,Accessories,Corporate,5,1480.15,1070.7,409.45
2022-08-06,Europe,France,Office Supplies,Labels,Corporate,4,338.48,179.09,159.39
2024-10-12,Latin America,Chile,Electronics,Computers,Home Office,3,1440.6,882.92,557.68
2023-10-12,North America,United States,Office Supplies,Paper,Corporate,1,447.05,318.43,128.62
2023-11-07,Latin America,Argentina,Electronics,Computers,Home Office,3,1305.09,705.23,599.86
2022-07-10,Latin America,Brazil,Electronics,Audio,Home Office,4,117.2,87.81,29.39
2024-01-10,North America,United States,Furniture,Storage,Corporate,5,1774.8,838.38,936.42
2024-07-04,Latin America,Chile,Clothing,Shirts,Home Office,2,649.7,461.01,188.69
2023-02-06,North America,United States,Electronics,Computers,Corporate,1,41.27,24.88,16.39
2022-03-15,Latin America,Chile,Furniture,Chairs,Corporate,5,894.35,713.86,180.49
2022-11-28,Europe,Germany,Clothing,Pants,Consumer,5,88.4,41.31,47.09
2022-03-27,North America,Canada,Furniture,Chairs,Consumer,3,1184.67,902.58,282.09
2024-05-17,Europe,France,Clothing,Outerwear,Consumer,4,1892.56,1313.27,579.29
2023-08-14,North America,Mexico,Office Supplies,Labels,Home Office,1,405.31,285.77,119.54
2023-09-17,Latin America,Chile,Clothing,Shoes,Corporate,1,362.98,223.99,138.99
2024-10-06,Europe,France,Office Supplies,Binders,Corporate,2,269.3,185.77,83.53
2023-07-29,Latin America,Colombia,Clothing,Outerwear,Home Office,2,672.94,504.05,168.89
2024-11-03,Europe,France,Furniture,Storage,Home Office,5,2364.5,1541.64,822.86
2024-05-02,Latin America,Argentina,Clothing,Shoes,Corporate,5,817.3,377.35,439.95
2024-08-01,Latin America,Chile,Clothing,Shirts,Home Office,5,762.3,353.42,408.88
2024-04-16,Europe,France,Office Supplies,Pens,Home Office,4,1993.76,1348.19,645.57
2022-03-06,Asia Pacific,China,Office Supplies,Binders,Consumer,3,1491.96,615.81,876.15
2022-12-25,Asia Pacific,India,Clothing,Pants,Home Office,1,35.06,16.79,18.27
2022-12-19,Europe,Italy,Electronics,Accessories,Corporate,2,916.38,546.17,370.21
2022-10-18,Asia Pacific,Australia,Office Supplies,Paper,Consumer,5,2317.15,985.66,1331.49
2022-10-10,Asia Pacific,South Korea,Office Supplies,Paper,Corporate,1,341.53,230.76,110.77
2022-01-10,Asia Pacific,Australia,Electronics,Computers,Home Office,1,162.71,87.43,75.28
2022-05-13,Europe,Spain,Office Supplies,Pens,Consumer,4,1256.08,920.67,335.41
2023-11-09,Europe,United Kingdom,Electronics,Phones,Consumer,2,663.68,418.41,245.27
2023-07-17,Europe,Spain,Office Supplies,Pens,Corporate,3,249.0,142.84,106.16
2024-02-18,Europe,France,Electronics,Phones,Home Office,3,759.0,464.06,294.94
2023-12-18,Asia Pacific,Australia,Office Supplies,Paper,Corporate,4,1954.52,1405.84,548.68
2022-06-15,Europe,France,Electronics,Phones,Corporate,3,535.71,290.89,244.82
2023-03-27,Latin America,Brazil,Clothing,Pants,Corporate,2,552.94,244.99,307.95
2024-07-22,Europe,Germany,Clothing,Outerwear,Corporate,1,498.87,227.56,271.31
2022-06-27,Asia Pacific,India,Office Supplies,Labels,Home Office,2,765.82,385.15,380.67
2022-07-27,Europe,Spain,Electronics,Audio,Home Office,1,260.47,185.82,74.65
2024-06-24,Latin America,Argentina,Electronics,Phones,Corporate,5,623.4,399.85,223.55
2024-06-02,Europe,United Kingdom,Furniture,Storage,Consumer,4,1499.68,1164.37,335.31
2023-09-29,Asia Pacific,China,Office Supplies,Pens,Consumer,4,903.8,606.16,297.64
2022-07-24,Europe,Germany,Office Supplies,Pens,Home Office,5,1349.95,560.76,789.19
2024-10-25,Asia Pacific,China,Office Supplies,Pens,Consumer,2,381.92,277.41,104.51
2024-03-31,Asia Pacific,Australia,Electronics,Computers,Home Office,2,789.72,390.93,398.79
2023-05-20,Asia Pacific,Japan,Clothing,Outerwear,Corporate,4,782.04,370.63,411.41
2022-05-11,North America,Mexico,Office Supplies,Binders,Home Office,1,376.76,245.45,131.31
2023-02-02,North America,Mexico,Furniture,Storage,Consumer,4,1770.56,972.05,798.51
2022-06-23,North America,Mexico,Furniture,Desks,Corporate,1,342.32,151.61,190.71
2022-02-02,Latin America,Argentina,Electronics,Accessories,Home Office,2,402.04,286.62,115.42
2023-11-27,North America,Canada,Furniture,Tables,Home Office,1,422.51,192.88,229.63
2022-06-20,North America,Mexico,Clothing,Pants,Home Office,2,173.6,110.67,62.93
2023-05-20,Latin America,Brazil,Office Supplies,Labels,Consumer,4,892.88,530.03,362.85
2022-02-25,Asia Pacific,Japan,Clothing,Shoes,Consumer,4,1301.2,700.7,600.5
2022-06-15,Asia Pacific,Japan,Electronics,Audio,Corporate,3,105.15,76.08,29.07
2022-12-30,North America,United States,Clothing,Pants,Home Office,4,1127.72,466.52,661.2
2023-03-13,Asia Pacific,Australia,Electronics,Computers,Home Office,3,769.41,447.05,322.36
2024-03-23,North America,United States,Electronics,Audio,Consumer,5,1963.15,1404.58,558.57
2023-07-14,Latin America,Colombia,Office Supplies,Binders,Home Office,1,272.87,188.13,84.74
2023-05-07,Latin America,Brazil,Electronics,Phones,Consumer,5,1679.35,971.61,707.74
2022-05-27,North America,Canada,Electronics,Computers,Consumer,3,581.7,256.08,325.62
2023-09-28,Europe,Germany,Electronics,Phones,Consumer,5,1660.95,776.7,884.25
2023-04-29,Europe,United Kingdom,Furniture,Chairs,Home Office,4,1065.04,734.31,330.73
2024-04-21,Europe,Spain,Electronics,Computers,Home Office,5,1708.0,1147.93,560.07
2024-09-07,Europe,Spain,Electronics,Accessories,Home Office,5,1501.65,784.62,717.03
2024-09-22,Latin America,Colombia,Furniture,Chairs,Consumer,1,183.26,79.23,104.03
2022-07-24,North America,Canada,Electronics,Accessories,Consumer,4,513.24,320.39,192.85
2022-02-26,Asia Pacific,China,Furniture,Tables,Corporate,1,269.25,116.42,152.83
2022-08-14,North America,Mexico,Office Supplies,Binders,Corporate,3,1404.06,797.68,606.38
2024-08-25,Europe,Italy,Clothing,Outerwear,Corporate,4,1652.48,1057.61,594.87
2024-07-17,Latin America,Colombia,Electronics,Computers,Corporate,4,1479.36,1071.58,407.78
2024-10-23,Latin America,Argentina,Clothing,Pants,Home Office,3,619.17,280.97,338.2
2024-04-02,Latin America,Colombia,Furniture,Chairs,Corporate,3,756.81,441.6,315.21
2023-02-05,Latin America,Chile,Electronics,Computers,Home Office,2,233.06,154.31,78.75
2023-08-15,Latin America,Brazil,Office Supplies,Binders,Corporate,4,384.8,219.22,165.58
2023-03-24,North America,Canada,Electronics,Phones,Corporate,4,1567.12,1055.74,511.38
2022-12-23,North America,Canada,Furniture,Storage,Home Office,2,130.44,72.88,57.56
2024-12-25,Latin America,Argentina,Clothing,Outerwear,Corporate,1,422.44,234.59,187.85
2024-02-12,Latin America,Colombia,Electronics,Computers,Corporate,5,1418.9,1113.15,305.75
2022-01-07,North America,Canada,Furniture,Desks,Home Office,5,2305.3,1132.21,1173.09
2023-04-10,North America,Canada,Furniture,Tables,Home Office,5,328.35,215.9,112.45
2024-09-15,North America,Canada,Office Supplies,Pens,Corporate,1,31.4,15.88,15.52
2024-02-12,Europe,Italy,Electronics,Phones,Home Office,4,373.88,226.36,147.52
2023-07-30,Latin America,Brazil,Furniture,Chairs,Consumer,5,329.8,223.81,105.99
2024-03-31,North America,Canada,Office Supplies,Labels,Home Office,5,1836.3,1348.95,487.35
2024-12-02,Asia Pacific,South Korea,Clothing,Outerwear,Home Office,5,1149.55,735.83,413.72
2023-10-09,Europe,Germany,Electronics,Accessories,Consumer,1,146.79,108.84,37.95
2023-11-19,Latin America,Chile,Electronics,Phones,Consumer,4,190.88,92.48,98.4
2023-10-04,Latin America,Argentina,Electronics,Accessories,Consumer,1,92.4,54.0,38.4
2024-01-21,Asia Pacific,India,Furniture,Desks,Consumer,4,1209.48,778.33,431.15
2023-03-23,Latin America,Brazil,Electronics,Computers,Home Office,5,1638.25,1236.59,401.66
2022-04-20,Latin America,Argentina,Electronics,Phones,Consumer,1,254.8,145.34,109.46
2024-10-08,Asia Pacific,Japan,Furniture,Chairs,Corporate,2,806.42,545.48,260.94
2024-05-13,North America,United States,Electronics,Accessories,Home Office,5,857.1,541.14,315.96
2022-04-03,Asia Pacific,South Korea,Electronics,Computers,Corporate,2,609.34,426.47,182.87
2024-01-31,Asia Pacific,South Korea,Furniture,Storage,Home Office,4,1811.44,1318.97,492.47
2023-04-26,North America,United States,Clothing,Outerwear,Home Office,2,611.68,282.38,329.3
2023-10-22,Asia Pacific,China,Clothing,Outerwear,Consumer,5,1766.4,836.75,929.65
2022-05-17,Asia Pacific,India,Clothing,Pants,Consumer,2,712.54,400.68,311.86
2022-03-18,North America,Mexico,Clothing,Pants,Home Office,5,689.75,347.14,342.61
2023-03-02,Asia Pacific,Australia,Furniture,Chairs,Corporate,4,466.56,196.46,270.1
2023-05-12,North America,Canada,Clothing,Outerwear,Home Office,1,328.8,187.9,140.9
2023-09-19,Asia Pacific,South Korea,Clothing,Pants,Home Office,3,1374.57,567.48,807.09
2022-12-27,North America,Canada,Clothing,Pants,Corporate,1,215.08,129.76,85.32
2022-05-17,Europe,Germany,Clothing,Pants,Corporate,4,96.4,65.26,31.14
2022-09-05,Latin America,Argentina,Office Supplies,Paper,Home Office,2,319.52,210.94,108.58
2022-12-16,Asia Pacific,China,Furniture,Chairs,Corporate,2,201.14,99.34,101.8
2023-10-03,Asia Pacific,China,Electronics,Phones,Home Office,3,456.57,213.35,243.22
2023-07-09,Europe,United Kingdom,Furniture,Storage,Consumer,3,40.77,26.11,14.66
2024-06-18,Latin America,Chile,Electronics,Phones,Home Office,5,1093.2,465.76,627.44
2023-11-20,Latin America,Chile,Electronics,Audio,Consumer,3,757.65,361.37,396.28
2022-05-14,Europe,Spain,Electronics,Audio,Corporate,2,314.08,166.44,147.64
2022-07-11,North America,Mexico,Furniture,Desks,Consumer,1,23.31,11.19,12.12
2024-02-25,Asia Pacific,South Korea,Office Supplies,Pens,Home Office,5,1504.4,707.33,797.07
2022-12-24,Europe,Spain,Clothing,Shoes,Corporate,5,1676.7,1340.67,336.03
2022-12-21,Europe,Italy,Office Supplies,Pens,Consumer,5,990.1,621.26,368.84
2022-07-10,North America,Mexico,Furniture,Chairs,Home Office,2,787.78,411.39,376.39
2023-07-29,Europe,France,Electronics,Accessories,Corporate,2,522.14,248.08,274.06
2024-04-19,Europe,Germany,Office Supplies,Pens,Consumer,3,336.78,184.68,152.1
2024-12-14,Latin America,Colombia,Office Supplies,Paper,Home Office,4,1561.04,850.44,710.6
2023-08-13,Europe,France,Furniture,Tables,Corporate,5,2364.55,1470.26,894.29
2023-12-05,North America,Canada,Office Supplies,Pens,Corporate,1,293.03,157.93,135.1
2024-12-07,Asia Pacific,South Korea,Office Supplies,Labels,Home Office,1,131.88,75.27,56.61
2024-05-14,Asia Pacific,Australia,Furniture,Storage,Home Office,1,421.36,247.81,173.55
2023-11-04,North America,Canada,Clothing,Shirts,Home Office,5,543.45,225.56,317.89
2023-11-28,Asia Pacific,Japan,Clothing,Pants,Corporate,3,1117.17,719.69,397.48
2024-04-03,Latin America,Colombia,Clothing,Shoes,Home Office,5,1547.65,778.91,768.74
2022-02-03,Latin America,Brazil,Clothing,Shirts,Corporate,5,176.15,130.09,46.06
2024-06-20,North America,United States,Electronics,Computers,Home Office,3,1200.3,936.76,263.54
2024-07-06,North America,Canada,Clothing,Shoes,Corporate,4,887.0,470.39,416.61
2023-11-25,North America,Mexico,Clothing,Shirts,Home Office,1,198.34,131.87,66.47
2023-06-19,Europe,Germany,Office Supplies,Pens,Corporate,5,2224.6,1764.89,459.71
2024-11-25,Asia Pacific,China,Office Supplies,Binders,Consumer,3,1178.85,664.18,514.67
2023-04-15,Latin America,Chile,Office Supplies,Paper,Consumer,3,1354.83,972.99,381.84
2024-06-09,North America,Canada,Furniture,Storage,Corporate,1,157.32,65.02,92.3
2022-09-24,Asia Pacific,China,Furniture,Storage,Home Office,4,878.56,412.02,466.54
2024-02-10,Asia Pacific,South Korea,Electronics,Accessories,Consumer,5,1634.7,1028.53,606.17
2024-04-13,North America,Mexico,Clothing,Pants,Corporate,5,909.45,370.67,538.78
2022-06-23,North America,United States,Furniture,Desks,Home Office,5,974.55,519.81,454.74
2023-03-03,North America,Canada,Office Supplies,Pens,Home Office,4,940.96,573.68,367.28
2024-08-30,North America,United States,Clothing,Outerwear,Corporate,2,70.58,33.72,36.86
2024-05-15,Europe,France,Office Supplies,Binders,Consumer,5,682.5,411.87,270.63
2024-02-13,Europe,Germany,Electronics,Phones,Home Office,2,212.26,116.39,95.87
2024-05-13,North America,Canada,Electronics,Accessories,Consumer,1,444.1,231.19,212.91
2024-01-02,Latin America,Colombia,Clothing,Pants,Home Office,4,1784.76,990.99,793.77
2024-03-14,Latin America,Chile,Electronics,Accessories,Corporate,3,1181.82,929.47,252.35
2024-02-06,Asia Pacific,Australia,Furniture,Storage,Home Office,3,233.37,126.41,106.96
2023-01-25,Latin America,Colombia,Office Supplies,Paper,Consumer,4,803.0,456.07,346.93
2024-08-31,Asia Pacific,China,Office Supplies,Pens,Consumer,4,865.64,469.07,396.57
2023-09-24,Latin America,Chile,Furniture,Storage,Consumer,1,165.37,97.32,68.05
2023-03-02,Europe,United Kingdom,Electronics,Phones,Home Office,1,289.78,148.11,141.67
2022-03-10,Latin America,Chile,Clothing,Outerwear,Home Office,5,417.55,291.43,126.12
2023-06-24,Asia Pacific,Japan,Office Supplies,Labels,Corporate,2,355.12,167.66,187.46
2023-02-15,Europe,Spain,Clothing,Shirts,Home Office,1,432.23,179.26,252.97
2024-08-13,North America,Mexico,Electronics,Phones,Consumer,2,818.64,518.99,299.65
2024-01-11,Latin America,Brazil,Electronics,Accessories,Corporate,1,52.51,23.14,29.37
2023-10-14,Europe,Spain,Office Supplies,Labels,Corporate,1,162.86,85.1,77.76
2024-07-07,Latin America,Brazil,Clothing,Shoes,Home Office,1,147.53,86.25,61.28
2024-04-22,Latin America,Colombia,Furniture,Chairs,Home Office,3,1076.67,589.52,487.15
2023-12-04,Asia Pacific,China,Electronics,Audio,Home Office,2,707.36,478.64,228.72
2022-01-08,Europe,Italy,Furniture,Desks,Corporate,3,1287.39,677.45,609.94
2024-09-12,Europe,Italy,Clothing,Pants,Consumer,1,134.15,72.69,61.46
2023-03-19,North America,Mexico,Clothing,Shoes,Consumer,3,742.29,430.85,311.44
2023-05-14,Europe,Italy,Electronics,Audio,Corporate,5,882.0,444.93,437.07
2023-09-05,Asia Pacific,Japan,Electronics,Computers,Corporate,5,693.0,305.78,387.22
2022-12-07,Europe,Italy,Clothing,Pants,Corporate,1,273.26,191.03,82.23
2024-04-12,Latin America,Chile,Clothing,Shoes,Corporate,1,109.86,86.54,23.32
2024-01-21,North America,Mexico,Furniture,Chairs,Consumer,3,785.76,375.78,409.98
2024-05-06,Asia Pacific,South Korea,Electronics,Audio,Consumer,5,2342.4,1663.87,678.53
2024-01-17,Europe,United Kingdom,Clothing,Outerwear,Corporate,5,2026.5,857.52,1168.98
2024-12-06,Asia Pacific,China,Furniture,Desks,Corporate,3,1217.25,895.65,321.6
2022-08-15,Latin America,Colombia,Office Supplies,Pens,Consumer,5,553.55,410.47,143.08
2023-03-28,Asia Pacific,South Korea,Electronics,Phones,Home Office,1,496.45,389.32,107.13
2022-05-14,Asia Pacific,India,Furniture,Storage,Consumer,5,2455.95,1152.38,1303.57
2022-11-18,North America,Mexico,Office Supplies,Labels,Home Office,2,978.52,722.93,255.59
2022-07-28,Europe,United Kingdom,Office Supplies,Pens,Corporate,2,309.28,246.2,63.08
2023-08-29,Latin America,Brazil,Furniture,Tables,Consumer,3,1327.5,720.23,607.27
2023-02-05,North America,United States,Office Supplies,Pens,Consumer,2,77.7,40.63,37.07
2022-01-22,Latin America,Colombia,Electronics,Phones,Consumer,5,2499.55,1740.09,759.46
2024-01-09,Asia Pacific,Australia,Office Supplies,Labels,Corporate,4,505.28,363.85,141.43
2023-10-29,Asia Pacific,China,Furniture,Chairs,Consumer,4,1879.96,1396.95,483.01
2023-07-01,Asia Pacific,Japan,Electronics,Accessories,Corporate,1,468.12,359.02,109.1
2022-07-30,North America,Canada,Electronics,Accessories,Home Office,4,1392.44,608.93,783.51
2022-05-01,Europe,Germany,Office Supplies,Pens,Home Office,1,208.2,95.06,113.14
2024-10-28,Europe,Germany,Electronics,Accessories,Corporate,4,374.16,266.73,107.43
2024-02-21,Europe,United Kingdom,Furniture,Storage,Corporate,5,2009.1,1372.95,636.15
2022-01-08,North America,Canada,Furniture,Tables,Home Office,3,753.66,530.6,223.06
2024-07-22,North America,Mexico,Furniture,Tables,Consumer,1,32.85,21.62,11.23
2024-08-06,Asia Pacific,South Korea,Office Supplies,Labels,Home Office,2,269.0,128.19,140.81
2024-08-06,North America,United States,Office Supplies,Paper,Corporate,3,303.81,208.68,95.13
2022-04-02,Asia Pacific,South Korea,Electronics,Computers,Home Office,5,1028.6,743.07,285.53
2022-03-31,Asia Pacific,South Korea,Electronics,Computers,Consumer,3,48.81,34.81,14.0
2023-09-08,Latin America,Chile,Clothing,Shoes,Home Office,5,2416.8,1006.99,1409.81
2022-02-17,Asia Pacific,China,Office Supplies,Labels,Corporate,3,330.24,144.48,185.76
2024-03-07,Asia Pacific,Australia,Clothing,Pants,Consumer,5,1419.2,869.03,550.17
2024-11-11,Latin America,Colombia,Office Supplies,Labels,Home Office,5,1577.45,780.94,796.51
2023-02-26,Latin America,Brazil,Clothing,Pants,Consumer,5,106.4,46.31,60.09
2022-07-20,Europe,Italy,Clothing,Shirts,Corporate,4,1668.2,852.18,816.02
2024-07-04,North America,Mexico,Electronics,Computers,Home Office,1,111.58,50.04,61.54
2023-06-10,Asia Pacific,Japan,Furniture,Storage,Corporate,1,298.67,209.49,89.18
2023-06-16,Latin America,Brazil,Office Supplies,Pens,Corporate,4,291.16,144.34,146.82
2024-01-05,North America,Mexico,Clothing,Shoes,Consumer,1,411.84,219.33,192.51
2023-03-29,Europe,Spain,Clothing,Shirts,Home Office,3,1300.86,915.36,385.5
2024-04-07,Latin America,Chile,Clothing,Pants,Home Office,2,380.2,252.99,127.21
2024-12-31,Europe,Germany,Furniture,Chairs,Consumer,5,584.9,291.39,293.51
2023-03-06,North America,Canada,Office Supplies,Labels,Home Office,3,1031.82,756.04,275.78
2024-09-20,Latin America,Colombia,Electronics,Accessories,Corporate,3,1208.52,589.18,619.34
2023-07-05,Asia Pacific,South Korea,Office Supplies,Labels,Corporate,2,97.76,53.08,44.68
2023-02-15,North America,Canada,Office Supplies,Binders,Home Office,3,911.55,422.46,489.09
2024-10-27,Latin America,Chile,Clothing,Outerwear,Consumer,1,355.82,183.76,172.06
2024-12-14,Latin America,Argentina,Clothing,Shoes,Corporate,1,421.12,278.26,142.86
2024-10-06,Latin America,Chile,Office Supplies,Pens,Corporate,5,1045.35,747.27,298.08
2022-05-28,Asia Pacific,India,Office Supplies,Paper,Home Office,4,903.56,577.86,325.7
2023-05-02,North America,United States,Furniture,Storage,Home Office,5,2054.55,871.97,1182.58
2022-08-14,Latin America,Argentina,Electronics,Phones,Home Office,3,876.15,579.03,297.12
2022-11-14,Europe,France,Furniture,Tables,Home Office,3,1146.21,821.55,324.66
2023-03-17,Asia Pacific,South Korea,Furniture,Desks,Corporate,4,1124.48,705.15,419.33
2024-11-30,Asia Pacific,India,Electronics,Phones,Home Office,5,2428.55,1238.17,1190.38
2023-02-22,Europe,France,Electronics,Phones,Corporate,2,449.86,223.49,226.37
2024-12-15,Latin America,Colombia,Clothing,Shirts,Corporate,3,414.0,234.63,179.37
2022-02-02,Asia Pacific,Japan,Furniture,Desks,Consumer,5,2231.8,1325.29,906.51
2023-07-02,Latin America,Argentina,Clothing,Pants,Consumer,3,1131.6,631.47,500.13
2023-09-05,North America,United States,Furniture,Storage,Corporate,4,1488.2,1146.2,342.0
2022-11-11,Asia Pacific,China,Furniture,Chairs,Corporate,3,1092.3,808.21,284.09
2023-03-22,Europe,United Kingdom,Clothing,Shoes,Corporate,3,837.06,364.74,472.32
2022-11-22,Latin America,Argentina,Clothing,Outerwear,Consumer,5,958.4,566.49,391.91
2024-11-14,Asia Pacific,Australia,Clothing,Shirts,Corporate,5,1543.3,1131.05,412.25
2024-09-11,Asia Pacific,China,Electronics,Phones,Corporate,4,774.32,330.95,443.37
2023-07-22,Asia Pacific,China,Office Supplies,Pens,Corporate,2,678.74,388.09,290.65
2023-07-19,Europe,Italy,Furniture,Storage,Home Office,5,1215.9,700.35,515.55
2024-06-08,Asia Pacific,India,Office Supplies,Paper,Corporate,1,187.21,97.57,89.64
2023-06-24,Europe,France,Furniture,Desks,Home Office,4,1328.2,585.39,742.81
2024-04-20,Europe,Germany,Electronics,Audio,Home Office,1,248.57,193.55,55.02
2023-05-09,Asia Pacific,China,Office Supplies,Pens,Corporate,5,1186.35,533.85,652.5
2022-04-15,North America,United States,Electronics,Audio,Home Office,3,709.65,527.64,182.01
2023-08-13,Asia Pacific,Japan,Electronics,Audio,Home Office,5,1235.2,579.53,655.67
2024-01-19,Latin America,Chile,Clothing,Outerwear,Consumer,2,355.76,234.54,121.22
2024-09-26,Asia Pacific,China,Clothing,Outerwear,Home Office,3,717.36,464.73,252.63
2023-10-06,Europe,Germany,Furniture,Storage,Corporate,3,842.46,618.03,224.43
2023-12-06,Latin America,Chile,Clothing,Outerwear,Home Office,1,330.27,185.28,144.99
2022-11-15,Asia Pacific,China,Furniture,Desks,Consumer,2,229.14,159.12,70.02
2023-09-11,Latin America,Brazil,Office Supplies,Paper,Corporate,1,133.3,96.34,36.96
2024-06-29,North America,Canada,Clothing,Shoes,Home Office,2,974.7,438.41,536.29
2023-12-17,Asia Pacific,South Korea,Office Supplies,Paper,Home Office,2,509.32,261.46,247.86
2024-04-04,North America,United States,Clothing,Shirts,Consumer,5,2070.4,911.62,1158.78
2022-06-09,Latin America,Chile,Electronics,Phones,Consumer,4,1509.44,1171.4,338.04
2024-07-31,Asia Pacific,South Korea,Electronics,Accessories,Home Office,4,1413.44,666.07,747.37
2024-12-19,Asia Pacific,Australia,Electronics,Accessories,Home Office,2,127.64,91.81,35.83
2023-04-30,Latin America,Colombia,Clothing,Pants,Corporate,2,794.78,472.67,322.11
2023-05-07,Asia Pacific,Australia,Clothing,Shirts,Corporate,1,232.68,105.44,127.24
2023-03-16,Asia Pacific,China,Furniture,Tables,Corporate,1,379.11,244.46,134.65
2022-06-02,Asia Pacific,Japan,Electronics,Accessories,Corporate,2,502.64,263.33,239.31
2023-04-10,Latin America,Colombia,Furniture,Storage,Corporate,5,1064.4,753.01,311.39
2022-05-09,Asia Pacific,South Korea,Electronics,Computers,Home Office,1,335.45,256.84,78.61
2023-04-13,Asia Pacific,India,Office Supplies,Pens,Corporate,1,261.7,206.67,55.03
2023-12-03,Europe,Spain,Furniture,Desks,Home Office,3,1070.1,770.44,299.66
2022-10-17,Latin America,Colombia,Electronics,Phones,Consumer,2,957.78,688.36,269.42
2022-12-07,North America,Canada,Furniture,Storage,Consumer,4,201.92,89.51,112.41
2024-09-28,Europe,France,Office Supplies,Labels,Corporate,4,1928.96,1257.05,671.91
2023-07-13,Latin America,Chile,Furniture,Tables,Corporate,3,441.84,340.13,101.71
2022-08-13,North America,Mexico,Office Supplies,Paper,Consumer,4,1845.88,876.85,969.03
2022-02-07,Asia Pacific,Japan,Electronics,Computers,Home Office,5,295.65,188.4,107.25
2024-06-29,Latin America,Chile,Electronics,Audio,Corporate,1,137.48,91.88,45.6
2022-12-06,North America,United States,Office Supplies,Pens,Consumer,2,337.18,266.34,70.84
2022-07-19,North America,United States,Clothing,Pants,Home Office,2,913.18,369.44,543.74
2022-01-04,Latin America,Colombia,Office Supplies,Labels,Corporate,1,368.83,149.09,219.74
2024-05-13,Latin America,Colombia,Electronics,Computers,Corporate,4,323.0,207.2,115.8
2022-01-06,Latin America,Colombia,Clothing,Shirts,Home Office,4,403.68,176.62,227.06
2022-10-29,North America,Canada,Clothing,Shirts,Home Office,3,181.38,100.84,80.54
2023-04-01,North America,United States,Furniture,Desks,Corporate,3,1199.88,603.16,596.72
2024-05-29,Latin America,Chile,Electronics,Phones,Corporate,1,168.22,128.26,39.96
2023-04-18,North America,Canada,Office Supplies,Paper,Home Office,4,1304.52,641.55,662.97
2022-09-25,Asia Pacific,China,Clothing,Shirts,Consumer,5,219.4,163.53,55.87
2022-07-24,Europe,Spain,Furniture,Desks,Corporate,1,236.56,111.2,125.36
2023-11-12,Europe,United Kingdom,Furniture,Desks,Home Office,2,785.34,421.23,364.11
2022-12-18,Latin America,Brazil,Furniture,Tables,Consumer,4,1159.92,895.1,264.82
2022-02-21,Latin America,Chile,Office Supplies,Paper,Consumer,5,618.15,438.32,179.83
2024-01-24,Europe,Italy,Office Supplies,Pens,Home Office,5,1615.0,648.75,966.25
2024-01-12,Latin America,Argentina,Office Supplies,Paper,Corporate,3,526.98,264.27,262.71
2023-03-22,Asia Pacific,China,Electronics,Computers,Home Office,1,159.09,121.38,37.71
2022-07-01,Europe,Italy,Furniture,Tables,Consumer,5,859.55,520.28,339.27
2024-09-14,North America,United States,Office Supplies,Labels,Consumer,4,1860.72,804.91,1055.81
2024-09-22,North America,United States,Electronics,Audio,Corporate,5,1157.15,489.24,667.91
2023-09-14,North America,United States,Office Supplies,Labels,Consumer,3,167.04,93.02,74.02
2023-04-20,Asia Pacific,Japan,Furniture,Desks,Corporate,5,684.25,480.63,203.62
2024-07-17,Latin America,Colombia,Clothing,Shoes,Consumer,1,200.01,97.96,102.05
2023-10-27,Latin America,Argentina,Electronics,Accessories,Consumer,1,121.55,57.23,64.32
2024-05-10,Latin America,Chile,Clothing,Outerwear,Corporate,1,391.95,204.16,187.79
2023-07-30,North America,Mexico,Office Supplies,Labels,Home Office,2,846.82,522.12,324.7
2023-12-07,Latin America,Brazil,Office Supplies,Binders,Consumer,4,140.88,89.84,51.04
2024-01-08,Asia Pacific,India,Clothing,Shirts,Consumer,1,35.1,27.43,7.67
2024-08-26,Latin America,Chile,Clothing,Outerwear,Corporate,3,644.94,376.99,267.95
2024-11-14,Latin America,Argentina,Furniture,Desks,Home Office,5,564.7,340.38,224.32
2023-07-04,North America,United States,Electronics,Audio,Home Office,4,1075.72,580.4,495.32
2024-05-03,North America,Canada,Clothing,Pants,Home Office,4,172.64,104.92,67.72
2024-04-19,Latin America,Brazil,Clothing,Shoes,Corporate,4,1208.44,709.78,498.66
2023-02-25,Latin America,Argentina,Clothing,Pants,Corporate,4,1194.96,898.3,296.66
2024-06-28,North America,Mexico,Electronics,Phones,Corporate,2,988.58,444.15,544.43
2024-05-09,Europe,Germany,Electronics,Accessories,Home Office,2,301.68,140.46,161.22
2023-01-30,Europe,United Kingdom,Furniture,Tables,Home Office,5,2326.25,1165.2,1161.05
2024-02-16,North America,Canada,Electronics,Accessories,Home Office,3,1070.34,719.29,351.05
2022-01-05,Latin America,Chile,Furniture,Tables,Corporate,4,1093.88,608.98,484.9
2022-10-15,Asia Pacific,China,Furniture,Storage,Consumer,4,1442.2,604.89,837.31
2024-02-23,Asia Pacific,Australia,Office Supplies,Binders,Home Office,4,1568.56,841.15,727.41
2022-08-07,North America,Mexico,Electronics,Audio,Consumer,3,544.59,285.59,259.0
2022-10-21,North America,Canada,Furniture,Desks,Corporate,3,1456.83,795.52,661.31
2022-03-03,Latin America,Colombia,Clothing,Shoes,Consumer,2,61.2,42.16,19.04
2022-09-24,Europe,United Kingdom,Furniture,Chairs,Corporate,1,451.96,197.6,254.36
2023-10-30,Latin America,Colombia,Furniture,Tables,Home Office,4,1149.08,816.64,332.44
2022-11-23,Latin America,Argentina,Electronics,Audio,Consumer,3,864.06,621.16,242.9
2022-12-22,North America,Canada,Clothing,Outerwear,Corporate,1,219.28,108.28,111.0
2023-01-10,North America,Canada,Electronics,Phones,Corporate,1,353.78,166.81,186.97
2024-09-25,Asia Pacific,Australia,Electronics,Computers,Consumer,2,687.48,475.91,211.57
2022-01-08,North America,Mexico,Clothing,Outerwear,Corporate,3,1422.27,606.92,815.35
2023-07-19,Latin America,Argentina,Electronics,Phones,Corporate,4,853.52,639.95,213.57
2023-10-17,North America,United States,Office Supplies,Pens,Corporate,5,1145.95,584.79,561.16
2022-04-15,Europe,Spain,Electronics,Accessories,Home Office,3,459.75,283.73,176.02
2023-01-22,Europe,United Kingdom,Office Supplies,Labels,Consumer,2,695.02,338.1,356.92
2024-12-31,North America,Canada,Electronics,Phones,Corporate,3,684.78,436.73,248.05
2023-04-15,Europe,Spain,Clothing,Shirts,Corporate,5,888.5,605.49,283.01
2024-07-31,North America,United States,Office Supplies,Paper,Home Office,1,287.09,171.84,115.25
2024-09-16,Europe,United Kingdom,Furniture,Storage,Consumer,5,370.2,165.72,204.48
2022-11-13,Asia Pacific,Japan,Furniture,Tables,Home Office,2,970.14,562.67,407.47
2022-01-08,Asia Pacific,South Korea,Furniture,Desks,Home Office,3,773.13,492.76,280.37
2022-07-31,Asia Pacific,South Korea,Office Supplies,Binders,Consumer,1,220.38,106.75,113.63
2024-06-27,North America,Canada,Furniture,Chairs,Corporate,3,1250.82,730.22,520.6
2022-08-15,Asia Pacific,Japan,Office Supplies,Labels,Consumer,5,1059.5,587.17,472.33
2023-12-10,North America,Mexico,Furniture,Chairs,Consumer,3,990.12,773.27,216.85
2024-08-20,Latin America,Argentina,Clothing,Shoes,Corporate,2,884.24,444.91,439.33
2023-01-27,Asia Pacific,Japan,Office Supplies,Binders,Home Office,4,1057.04,492.49,564.55
2024-02-10,Asia Pacific,India,Electronics,Audio,Corporate,3,357.51,217.16,140.35
2022-03-30,Europe,Italy,Electronics,Computers,Corporate,5,1635.8,1073.55,562.25
2022-09-14,Asia Pacific,India,Clothing,Shirts,Home Office,1,363.29,227.8,135.49
2022-01-20,North America,Canada,Office Supplies,Labels,Consumer,4,853.8,439.87,413.93
2022-12-10,Latin America,Colombia,Furniture,Tables,Corporate,3,903.03,694.55,208.48
2023-03-29,Latin America,Argentina,Electronics,Phones,Home Office,3,1386.75,903.9,482.85
2022-05-01,North America,Mexico,Office Supplies,Pens,Corporate,2,126.56,86.6,39.96
2024-07-31,Europe,Germany,Clothing,Outerwear,Consumer,3,752.28,561.59,190.69
2024-05-12,North America,United States,Electronics,Audio,Consumer,5,2003.1,975.45,1027.65
2023-11-07,Asia Pacific,India,Office Supplies,Pens,Consumer,5,1369.8,680.71,689.09
2023-10-24,Latin America,Colombia,Clothing,Shoes,Consumer,3,396.33,252.88,143.45
2022-12-12,Europe,Spain,Furniture,Storage,Corporate,2,414.64,167.61,247.03
2023-02-20,Europe,Italy,Electronics,Phones,Home Office,1,221.84,163.49,58.35
2024-04-12,North America,Mexico,Office Supplies,Binders,Consumer,4,1026.36,512.94,513.42
2023-10-28,Asia Pacific,Australia,Electronics,Audio,Consumer,2,142.44,92.26,50.18
2022-10-22,North America,Mexico,Clothing,Shoes,Corporate,3,1420.74,695.95,724.79
2023-02-07,Asia Pacific,Japan,Clothing,Shirts,Corporate,3,1284.9,893.95,390.95
2023-01-11,Asia Pacific,Japan,Clothing,Pants,Corporate,4,428.32,313.06,115.26
2024-11-12,North America,United States,Furniture,Chairs,Corporate,2,291.68,145.67,146.01
2023-03-03,North America,United States,Furniture,Desks,Corporate,1,424.12,195.52,228.6
2024-09-01,Asia Pacific,China,Office Supplies,Pens,Home Office,4,348.28,172.99,175.29
2023-12-12,North America,Canada,Electronics,Accessories,Consumer,2,263.56,119.35,144.21
2022-07-16,North America,Canada,Electronics,Audio,Corporate,3,815.46,488.84,326.62
2023-07-01,North America,Canada,Furniture,Tables,Home Office,3,1421.07,791.97,629.1
2022-05-26,North America,Mexico,Furniture,Storage,Corporate,1,74.48,36.72,37.76
2022-03-14,Latin America,Brazil,Electronics,Computers,Home Office,3,1358.04,732.96,625.08
2023-04-03,Asia Pacific,South Korea,Office Supplies,Paper,Home Office,4,255.76,173.1,82.66
2023-10-06,Asia Pacific,India,Electronics,Accessories,Corporate,2,190.2,115.26,74.94
2022-09-27,Asia Pacific,India,Furniture,Chairs,Corporate,1,375.04,170.14,204.9
2022-06-02,Asia Pacific,India,Furniture,Storage,Consumer,1,438.26,175.44,262.82
2024-06-11,North America,Canada,Electronics,Audio,Consumer,1,164.05,102.52,61.53
2024-02-29,Asia Pacific,India,Clothing,Shoes,Consumer,3,309.09,150.31,158.78
2024-05-15,North America,Mexico,Electronics,Phones,Consumer,1,48.54,24.94,23.6
2024-05-05,North America,United States,Furniture,Tables,Corporate,5,1334.9,831.52,503.38
2023-03-01,North America,Canada,Clothing,Shirts,Corporate,2,563.76,251.18,312.58
2024-11-06,Latin America,Chile,Electronics,Audio,Corporate,5,162.1,87.57,74.53
2022-03-14,Latin America,Chile,Clothing,Pants,Corporate,4,385.16,159.34,225.82
2024-09-08,Europe,Spain,Furniture,Chairs,Home Office,5,325.05,216.97,108.08
2023-08-18,Latin America,Argentina,Furniture,Desks,Consumer,3,647.37,263.54,383.83
2024-11-22,Europe,United Kingdom,Furniture,Chairs,Corporate,5,1136.45,856.57,279.88
2024-01-31,North America,Mexico,Office Supplies,Binders,Corporate,5,1394.15,787.22,606.93
2022-06-12,Asia Pacific,India,Clothing,Outerwear,Home Office,1,472.47,260.6,211.87
2024-11-20,Latin America,Colombia,Office Supplies,Paper,Home Office,3,1151.4,871.94,279.46
2022-06-22,Latin America,Chile,Office Supplies,Labels,Consumer,3,1013.19,727.72,285.47
2024-04-03,Europe,France,Furniture,Chairs,Home Office,1,458.89,303.94,154.95
2023-03-06,Europe,United Kingdom,Electronics,Computers,Corporate,5,2095.5,1128.3,967.2
2023-11-10,Europe,Germany,Clothing,Shoes,Corporate,2,38.06,18.27,19.79
2024-02-15,Latin America,Colombia,Electronics,Computers,Corporate,1,191.88,118.77,73.11
2022-11-11,North America,United States,Furniture,Storage,Home Office,1,77.86,42.82,35.04
2023-08-18,Asia Pacific,Australia,Electronics,Phones,Corporate,3,897.09,370.09,527.0
2022-03-16,Europe,Italy,Clothing,Shoes,Home Office,4,504.32,304.61,199.71
2022-10-04,Asia Pacific,India,Electronics,Accessories,Consumer,1,109.08,78.26,30.82
2023-08-01,Europe,Italy,Furniture,Chairs,Consumer,1,294.33,152.0,142.33
2023-10-03,Europe,Italy,Office Supplies,Pens,Consumer,4,1395.6,956.75,438.85
2022-08-06,Latin America,Colombia,Office Supplies,Binders,Corporate,4,339.12,219.64,119.48
2023-02-03,Asia Pacific,China,Clothing,Pants,Consumer,3,258.15,183.6,74.55
2024-04-07,North America,United States,Furniture,Tables,Consumer,1,73.52,55.78,17.74
2023-08-11,North America,Canada,Clothing,Shoes,Corporate,1,100.38,43.32,57.06
2024-01-26,North America,Canada,Electronics,Computers,Home Office,1,175.04,98.92,76.12
2024-06-02,North America,Mexico,Electronics,Computers,Consumer,5,361.35,220.74,140.61
2023-08-25,Asia Pacific,India,Electronics,Accessories,Consumer,4,202.48,92.37,110.11
2024-03-11,Asia Pacific,South Korea,Office Supplies,Binders,Corporate,2,34.52,16.02,18.5
2023-06-16,Europe,France,Clothing,Pants,Home Office,1,129.72,75.83,53.89
2024-08-04,North America,Canada,Office Supplies,Paper,Consumer,1,420.42,314.72,105.7
2024-12-27,North America,Mexico,Furniture,Desks,Home Office,4,1277.36,925.92,351.44
2023-06-24,North America,Mexico,Furniture,Desks,Consumer,4,207.12,104.69,102.43
2022-07-09,North America,United States,Furniture,Storage,Corporate,5,400.4,208.81,191.59
2024-09-22,Latin America,Argentina,Office Supplies,Paper,Consumer,2,276.6,141.72,134.88
2023-02-10,North America,Mexico,Electronics,Phones,Home Office,1,162.9,126.98,35.92
2023-12-02,North America,Mexico,Furniture,Tables,Corporate,1,228.02,144.77,83.25
2022-01-05,Asia Pacific,Australia,Clothing,Shirts,Home Office,3,638.67,401.73,236.94
2023-07-17,North America,Canada,Clothing,Shirts,Corporate,5,1174.0,569.47,604.53
2022-02-14,Europe,United Kingdom,Office Supplies,Binders,Corporate,3,492.6,221.7,270.9
2022-11-09,Latin America,Chile,Clothing,Outerwear,Consumer,4,1462.28,600.89,861.39
2023-03-16,Latin America,Chile,Office Supplies,Labels,Consumer,5,2359.3,1176.75,1182.55
2022-08-07,Europe,Spain,Office Supplies,Paper,Consumer,4,1928.4,825.98,1102.42
2024-02-29,North America,United States,Furniture,Desks,Corporate,3,373.59,159.2,214.39
2022-04-04,Asia Pacific,India,Clothing,Pants,Consumer,1,49.79,39.76,10.03
2024-04-11,Asia Pacific,Australia,Clothing,Shirts,Consumer,3,362.01,150.23,211.78
2023-08-15,North America,United States,Office Supplies,Labels,Corporate,5,1030.0,658.97,371.03
2024-02-15,Asia Pacific,South Korea,Office Supplies,Paper,Corporate,1,450.11,224.42,225.69
2022-08-07,North America,United States,Clothing,Shoes,Consumer,1,227.81,177.66,50.15
2023-03-31,Latin America,Chile,Office Supplies,Pens,Consumer,1,227.63,100.45,127.18
2022-06-01,Latin America,Brazil,Clothing,Shirts,Consumer,3,935.64,437.96,497.68
2022-07-10,Asia Pacific,Australia,Office Supplies,Paper,Corporate,3,1278.33,727.56,550.77
2023-07-27,Europe,Germany,Furniture,Storage,Home Office,5,1839.5,1460.51,378.99
2023-12-03,Asia Pacific,Japan,Furniture,Chairs,Corporate,1,411.09,283.96,127.13
2024-01-08,Europe,United Kingdom,Electronics,Audio,Home Office,5,1479.85,819.68,660.17
2024-04-07,Asia Pacific,Japan,Clothing,Shirts,Home Office,5,1220.2,893.9,326.3
2023-04-28,North America,Canada,Furniture,Storage,Corporate,2,287.58,172.01,115.57
2022-11-08,Europe,Italy,Office Supplies,Labels,Corporate,2,838.88,387.04,451.84
2024-09-08,Latin America,Colombia,Electronics,Audio,Home Office,1,495.61,388.35,107.26
2023-07-15,Europe,United Kingdom,Clothing,Shoes,Corporate,1,220.91,120.64,100.27
2022-07-27,Latin America,Argentina,Office Supplies,Labels,Home Office,2,136.08,93.47,42.61
2024-03-06,Europe,France,Electronics,Accessories,Home Office,5,1415.35,672.56,742.79
2024-01-30,Asia Pacific,India,Office Supplies,Labels,Consumer,5,1361.05,868.88,492.17
2022-02-01,North America,Canada,Office Supplies,Binders,Corporate,1,425.01,209.24,215.77
2023-05-02,Asia Pacific,Japan,Clothing,Shirts,Home Office,5,2464.65,1377.77,1086.88
2022-11-06,Asia Pacific,Australia,Furniture,Chairs,Corporate,1,314.36,147.58,166.78
2022-04-20,North America,United States,Electronics,Phones,Home Office,1,50.75,26.93,23.82
2022-06-01,Latin America,Brazil,Clothing,Pants,Home Office,3,1188.03,935.19,252.84
2024-11-19,North America,United States,Electronics,Computers,Consumer,1,339.57,211.35,128.22
2022-10-14,Europe,Italy,Office Supplies,Labels,Home Office,5,175.5,117.96,57.54
2024-04-09,Latin America,Argentina,Furniture,Tables,Consumer,1,139.21,70.3,68.91
2022-09-13,Latin America,Colombia,Furniture,Desks,Corporate,3,1095.21,468.84,626.37
2022-10-11,Europe,United Kingdom,Furniture,Tables,Consumer,4,458.12,198.2,259.92
2024-03-25,Asia Pacific,China,Clothing,Shoes,Consumer,2,831.9,384.52,447.38
2024-04-26,Asia Pacific,China,Clothing,Pants,Corporate,5,513.7,393.1,120.6
2022-05-16,Latin America,Colombia,Clothing,Outerwear,Consumer,2,164.4,117.15,47.25
2022-05-19,Europe,Germany,Office Supplies,Pens,Home Office,2,887.8,580.64,307.16
2024-04-03,Latin America,Brazil,Furniture,Desks,Home Office,2,471.88,237.83,234.05
2023-10-20,Europe,Germany,Office Supplies,Pens,Home Office,4,1532.76,771.37,761.39
2024-12-01,Asia Pacific,Japan,Clothing,Shoes,Home Office,1,437.33,329.54,107.79
2022-06-02,Asia Pacific,Japan,Furniture,Chairs,Corporate,3,65.73,44.89,20.84
2022-02-20,Asia Pacific,South Korea,Clothing,Shoes,Consumer,3,496.38,267.59,228.79
2022-04-25,Latin America,Argentina,Clothing,Shoes,Home Office,1,94.15,51.08,43.07
2022-07-20,Europe,United Kingdom,Office Supplies,Labels,Consumer,4,369.88,208.98,160.9
2024-03-23,Latin America,Brazil,Furniture,Tables,Consumer,3,777.81,333.67,444.14
2022-01-14,Europe,Italy,Office Supplies,Binders,Home Office,5,1494.1,1166.23,327.87
2024-08-17,Europe,Spain,Furniture,Storage,Corporate,5,823.85,443.65,380.2
2022-10-27,Asia Pacific,India,Office Supplies,Paper,Consumer,1,244.95,119.2,125.75
2024-03-12,Latin America,Brazil,Furniture,Desks,Consumer,3,607.62,401.74,205.88
2024-06-01,North America,United States,Furniture,Storage,Home Office,3,1103.52,512.2,591.32
2023-03-02,North America,United States,Electronics,Audio,Corporate,2,51.44,40.08,11.36
2022-10-27,Europe,France,Furniture,Desks,Consumer,2,803.38,333.99,469.39
2024-08-24,Europe,United Kingdom,Furniture,Desks,Consumer,4,1963.92,1384.56,579.36
2023-08-19,Asia Pacific,Japan,Furniture,Chairs,Corporate,2,26.46,17.12,9.34
2022-02-16,Asia Pacific,Japan,Clothing,Outerwear,Home Office,1,224.06,153.84,70.22
2024-09-30,Latin America,Argentina,Clothing,Outerwear,Consumer,2,632.22,437.66,194.56
2023-12-25,Asia Pacific,China,Electronics,Phones,Corporate,1,25.86,11.53,14.33
2023-09-14,Asia Pacific,Japan,Furniture,Desks,Consumer,2,696.28,282.1,414.18
2024-05-06,North America,Canada,Furniture,Tables,Consumer,3,86.28,60.25,26.03
2024-12-19,Europe,United Kingdom,Furniture,Storage,Home Office,2,879.62,576.94,302.68
2023-02-09,Latin America,Chile,Furniture,Chairs,Corporate,5,396.8,310.57,86.23
2022-03-03,North America,Canada,Clothing,Pants,Consumer,4,1686.84,1204.11,482.73
2024-02-29,Latin America,Chile,Electronics,Computers,Consumer,1,134.58,68.82,65.76
2023-06-02,North America,United States,Clothing,Shirts,Corporate,4,557.24,326.39,230.85
2022-03-04,Asia Pacific,Australia,Office Supplies,Paper,Consumer,3,1101.45,482.43,619.02
2024-04-13,Asia Pacific,Japan,Clothing,Pants,Home Office,1,297.31,154.09,143.22
2022-09-01,Asia Pacific,China,Office Supplies,Paper,Home Office,5,2412.6,1358.72,1053.88
2024-05-01,North America,Mexico,Furniture,Chairs,Corporate,2,714.18,392.08,322.1
2023-05-16,Europe,Germany,Electronics,Audio,Home Office,5,523.1,304.66,218.44
2024-06-30,Asia Pacific,Japan,Office Supplies,Binders,Home Office,1,477.78,353.72,124.06
2023-09-19,Latin America,Colombia,Furniture,Storage,Home Office,2,603.9,252.85,351.05
2022-08-07,North America,United States,Office Supplies,Pens,Corporate,3,774.63,444.76,329.87
2023-01-07,Latin America,Colombia,Furniture,Desks,Consumer,2,100.8,58.27,42.53
2024-12-24,North America,United States,Electronics,Audio,Corporate,5,2232.7,1346.32,886.38
2024-08-22,North America,Mexico,Clothing,Shirts,Corporate,2,194.52,154.97,39.55
2023-03-27,Asia Pacific,Australia,Office Supplies,Binders,Home Office,2,64.3,44.66,19.64
2023-12-24,Latin America,Colombia,Office Supplies,Labels,Corporate,5,1537.8,1139.56,398.24
2022-08-08,Europe,Spain,Furniture,Chairs,Home Office,3,1145.13,672.3,472.83
2022-10-20,Latin America,Chile,Office Supplies,Paper,Consumer,4,41.12,25.82,15.3
2024-01-01,Latin America,Brazil,Electronics,Audio,Home Office,2,197.9,140.63,57.27
2023-02-17,Latin America,Colombia,Electronics,Phones,Home Office,2,286.84,164.37,122.47
2022-05-25,Europe,Italy,Furniture,Chairs,Home Office,4,590.28,449.2,141.08
2022-08-28,Europe,Italy,Clothing,Pants,Corporate,1,320.37,247.2,73.17
2024-03-17,North America,United States,Furniture,Desks,Home Office,5,2210.7,1482.61,728.09
2022-10-26,Asia Pacific,South Korea,Clothing,Shirts,Home Office,3,1170.63,922.06,248.57
2024-08-15,Latin America,Argentina,Electronics,Phones,Home Office,1,240.43,143.92,96.51
2023-08-06,Asia Pacific,Australia,Office Supplies,Labels,Home Office,3,1308.24,685.36,622.88
2022-08-14,North America,Canada,Clothing,Pants,Home Office,4,305.44,200.4,105.04
2023-12-05,Asia Pacific,Japan,Office Supplies,Labels,Corporate,5,317.35,176.57,140.78
2023-06-15,Europe,France,Furniture,Storage,Home Office,5,1864.9,1090.64,774.26
2024-05-28,Asia Pacific,South Korea,Office Supplies,Labels,Home Office,2,923.5,552.95,370.55
2024-05-03,North America,Canada,Clothing,Outerwear,Consumer,3,1025.46,610.68,414.78
2023-03-08,North America,Canada,Electronics,Accessories,Corporate,4,224.08,172.2,51.88
2023-01-31,Asia Pacific,China,Electronics,Accessories,Home Office,5,583.9,369.93,213.97
2022-11-01,Europe,Germany,Office Supplies,Binders,Consumer,2,906.1,510.61,395.49
2023-11-28,Europe,Italy,Office Supplies,Paper,Home Office,2,239.72,169.24,70.48
2022-10-11,Latin America,Chile,Furniture,Tables,Corporate,2,327.3,218.76,108.54
2023-11-09,North America,Canada,Clothing,Pants,Corporate,5,1740.45,827.32,913.13
2022-09-20,Europe,France,Clothing,Shoes,Consumer,3,653.1,421.22,231.88
2022-03-10,Europe,France,Office Supplies,Binders,Corporate,4,1973.92,822.65,1151.27
2022-11-01,North America,United States,Clothing,Shirts,Corporate,3,138.27,78.43,59.84
2023-09-26,Asia Pacific,Australia,Office Supplies,Labels,Corporate,1,385.33,170.74,214.59
2023-05-26,North America,Mexico,Furniture,Desks,Home Office,1,422.94,224.15,198.79
2024-06-15,Latin America,Brazil,Furniture,Tables,Consumer,5,1640.3,1086.68,553.62
2022-02-24,Asia Pacific,India,Office Supplies,Binders,Corporate,5,1752.7,875.18,877.52
2022-01-09,Asia Pacific,Australia,Office Supplies,Binders,Corporate,5,865.75,389.96,475.79
2024-04-15,Europe,France,Clothing,Shirts,Corporate,4,995.08,612.54,382.54
2023-10-01,Europe,Germany,Furniture,Desks,Corporate,2,585.02,374.55,210.47
2023-06-23,Latin America,Brazil,Electronics,Computers,Home Office,2,412.3,227.1,185.2
2022-10-19,Latin America,Brazil,Furniture,Tables,Consumer,1,286.47,157.5,128.97
2023-11-22,North America,Canada,Electronics,Accessories,Home Office,1,221.52,171.77,49.75
2024-08-04,North America,Mexico,Electronics,Audio,Home Office,1,94.6,39.95,54.65
2023-03-04,Asia Pacific,Australia,Electronics,Accessories,Corporate,5,1215.3,565.64,649.66
2022-08-23,Latin America,Argentina,Electronics,Computers,Home Office,2,759.82,552.51,207.31
2022-05-29,Europe,Italy,Clothing,Pants,Consumer,1,426.55,208.9,217.65
2024-09-10,North America,United States,Furniture,Desks,Consumer,1,449.88,202.61,247.27
2022-10-25,Europe,Spain,Clothing,Outerwear,Consumer,4,1567.64,824.93,742.71
2023-10-26,Latin America,Colombia,Furniture,Tables,Consumer,4,419.28,194.34,224.94
2024-11-27,North America,United States,Furniture,Desks,Home Office,5,179.9,92.91,86.99
2024-05-01,Latin America,Chile,Office Supplies,Pens,Home Office,3,751.86,304.7,447.16
2024-05-03,North America,Mexico,Clothing,Outerwear,Corporate,2,700.88,352.42,348.46
2023-12-03,Europe,France,Clothing,Pants,Corporate,5,1191.15,595.86,595.29
2024-10-10,Asia Pacific,China,Clothing,Shirts,Home Office,5,717.85,378.47,339.38
2024-08-16,Latin America,Brazil,Clothing,Shirts,Consumer,5,1309.2,841.38,467.82
2022-11-10,Asia Pacific,Japan,Clothing,Shirts,Home Office,2,522.4,415.6,106.8
2024-04-01,North America,Mexico,Clothing,Outerwear,Consumer,4,92.6,49.69,42.91
2024-10-06,North America,Mexico,Clothing,Shirts,Corporate,4,1468.12,820.86,647.26
2024-11-21,North America,United States,Electronics,Accessories,Corporate,3,1499.19,1181.01,318.18
2024-01-24,North America,United States,Clothing,Pants,Consumer,2,765.76,611.6,154.16
2022-10-01,Asia Pacific,Japan,Office Supplies,Binders,Consumer,4,1591.92,690.73,901.19
2022-06-25,Asia Pacific,South Korea,Electronics,Accessories,Consumer,1,240.93,163.07,77.86
2024-03-30,Latin America,Brazil,Office Supplies,Pens,Consumer,4,956.0,421.96,534.04
2022-04-23,Latin America,Chile,Electronics,Audio,Consumer,2,436.16,270.07,166.09
2024-02-03,Latin America,Colombia,Clothing,Pants,Home Office,3,636.06,424.81,211.25
2023-11-02,North America,United States,Electronics,Phones,Consumer,4,139.96,61.93,78.03
2024-01-12,North America,Mexico,Furniture,Chairs,Corporate,1,82.81,55.16,27.65
2024-08-27,Europe,Germany,Furniture,Chairs,Consumer,1,494.98,232.08,262.9
2024-08-21,Asia Pacific,South Korea,Clothing,Outerwear,Home Office,4,1361.92,901.02,460.9
2023-11-15,Europe,Italy,Clothing,Outerwear,Home Office,4,1506.4,755.85,750.55
2022-12-09,Asia Pacific,Japan,Clothing,Outerwear,Home Office,2,75.04,32.52,42.52
2023-08-06,North America,Canada,Furniture,Desks,Corporate,1,471.17,336.77,134.4
2024-01-21,North America,United States,Furniture,Desks,Home Office,2,871.04,623.46,247.58
2024-03-20,Latin America,Colombia,Electronics,Accessories,Consumer,5,834.55,499.53,335.02
2022-07-01,Latin America,Chile,Electronics,Audio,Home Office,3,934.59,520.0,414.59
2024-11-08,North America,Canada,Office Supplies,Paper,Home Office,1,113.61,82.68,30.93
2023-11-23,Latin America,Argentina,Office Supplies,Paper,Home Office,3,682.98,345.73,337.25
2022-02-24,Latin America,Argentina,Furniture,Storage,Corporate,2,331.0,261.36,69.64
2022-08-12,North America,United States,Electronics,Phones,Home Office,5,961.25,650.95,310.3
2022-05-26,Asia Pacific,India,Clothing,Outerwear,Home Office,2,822.14,353.97,468.17
2024-01-02,Latin America,Brazil,Furniture,Chairs,Home Office,4,1457.48,698.75,758.73
2023-07-18,North America,United States,Furniture,Tables,Home Office,4,558.8,300.89,257.91
2024-10-11,Europe,United Kingdom,Office Supplies,Binders,Corporate,5,2074.25,1512.24,562.01
2024-11-24,Latin America,Brazil,Furniture,Chairs,Corporate,4,1944.6,976.49,968.11
2023-07-28,Latin America,Chile,Clothing,Shirts,Corporate,2,592.2,458.48,133.72
2022-08-01,Latin America,Chile,Clothing,Pants,Consumer,3,661.77,385.95,275.82
2024-10-19,Asia Pacific,South Korea,Electronics,Audio,Corporate,2,629.06,477.34,151.72
2024-05-17,Latin America,Colombia,Clothing,Shoes,Corporate,3,461.01,245.14,215.87
2023-06-13,Latin America,Chile,Electronics,Computers,Corporate,1,66.62,42.91,23.71
2022-10-06,Europe,Spain,Electronics,Audio,Home Office,4,396.72,230.68,166.04
2022-05-12,Europe,France,Clothing,Pants,Home Office,5,116.7,53.83,62.87
2023-07-25,Asia Pacific,Australia,Clothing,Pants,Corporate,3,628.47,482.95,145.52
2022-05-24,Asia Pacific,India,Clothing,Pants,Home Office,2,707.2,350.77,356.43
2022-05-08,Latin America,Brazil,Clothing,Outerwear,Home Office,3,792.15,591.38,200.77
2023-04-21,North America,Canada,Electronics,Computers,Home Office,2,460.52,354.38,106.14
2023-05-10,Europe,United Kingdom,Furniture,Desks,Home Office,2,812.26,621.73,190.53
2024-10-04,North America,Mexico,Clothing,Pants,Corporate,3,701.16,525.68,175.48
2024-05-06,Europe,United Kingdom,Electronics,Computers,Home Office,1,112.76,76.61,36.15
2024-10-03,Europe,Italy,Clothing,Shirts,Corporate,4,192.04,130.35,61.69
2023-09-04,Asia Pacific,South Korea,Office Supplies,Labels,Corporate,2,366.56,194.44,172.12
2023-08-31,North America,Mexico,Electronics,Computers,Home Office,5,1717.6,807.97,909.63
2022-10-13,North America,United States,Clothing,Shoes,Home Office,1,456.55,240.35,216.2
2023-07-13,Latin America,Chile,Furniture,Tables,Home Office,5,2475.85,1435.01,1040.84
2022-03-15,Asia Pacific,Japan,Electronics,Computers,Consumer,2,842.94,393.67,449.27
2024-07-31,North America,Mexico,Furniture,Tables,Home Office,2,919.6,444.35,475.25
2024-06-04,Latin America,Colombia,Office Supplies,Pens,Corporate,4,1108.48,503.77,604.71
2023-11-24,Europe,Spain,Furniture,Desks,Home Office,4,1963.84,1352.99,610.85
2022-11-03,North America,Mexico,Clothing,Shoes,Home Office,2,834.54,479.9,354.64
2022-06-13,North America,Canada,Furniture,Tables,Consumer,3,967.47,521.26,446.21
2024-01-25,Latin America,Argentina,Office Supplies,Labels,Consumer,2,954.96,431.28,523.68
2024-07-16,Latin America,Brazil,Electronics,Audio,Corporate,2,352.86,191.46,161.4
2024-08-20,Europe,United Kingdom,Furniture,Desks,Consumer,2,186.82,100.46,86.36
2024-07-06,North America,Canada,Furniture,Storage,Consumer,2,344.44,184.31,160.13
2024-04-20,Europe,Italy,Clothing,Shoes,Home Office,1,153.65,67.85,85.8
2024-09-03,North America,Canada,Clothing,Outerwear,Corporate,4,496.36,276.17,220.19
2023-12-05,Latin America,Brazil,Office Supplies,Binders,Home Office,3,1126.8,645.09,481.71
2023-04-13,Europe,Germany,Furniture,Chairs,Home Office,2,297.76,190.84,106.92
2023-12-23,Latin America,Colombia,Electronics,Phones,Home Office,4,1786.68,885.59,901.09
2023-06-21,Asia Pacific,South Korea,Office Supplies,Pens,Corporate,3,76.71,43.34,33.37
2023-10-24,Europe,United Kingdom,Electronics,Computers,Home Office,1,120.44,94.19,26.25
2024-11-13,North America,Mexico,Electronics,Computers,Home Office,5,1272.05,950.04,322.01
2024-02-09,Europe,Italy,Furniture,Tables,Corporate,4,1117.44,470.82,646.62
2022-06-05,North America,Mexico,Electronics,Phones,Corporate,2,222.58,113.98,108.6
2023-02-09,Asia Pacific,India,Clothing,Shirts,Consumer,4,1002.36,606.02,396.34
2024-08-01,North America,Canada,Clothing,Outerwear,Home Office,4,1333.68,729.84,603.84
2023-08-29,Asia Pacific,India,Office Supplies,Binders,Home Office,5,958.6,524.49,434.11
2023-12-03,Asia Pacific,Japan,Clothing,Pants,Home Office,1,227.12,118.14,108.98
2024-01-17,Asia Pacific,China,Furniture,Storage,Consumer,3,222.54,164.97,57.57
2024-01-22,Europe,United Kingdom,Clothing,Pants,Consumer,4,1314.2,576.29,737.91
2022-05-18,Europe,United Kingdom,Office Supplies,Binders,Corporate,3,1074.48,567.18,507.3
2022-05-03,Europe,United Kingdom,Furniture,Desks,Home Office,4,1539.48,1158.74,380.74
2024-08-06,Europe,United Kingdom,Furniture,Storage,Consumer,2,826.08,450.17,375.91
2023-05-11,Europe,United Kingdom,Furniture,Storage,Corporate,1,371.02,174.06,196.96
2023-02-15,Latin America,Argentina,Office Supplies,Paper,Home Office,3,162.66,116.93,45.73
2022-07-01,North America,Canada,Furniture,Storage,Corporate,5,826.6,518.5,308.1
2022-02-25,Asia Pacific,India,Office Supplies,Paper,Consumer,2,906.16,480.23,425.93
2024-04-12,North America,United States,Electronics,Phones,Consumer,3,1119.3,774.49,344.81
2023-04-23,Asia Pacific,South Korea,Office Supplies,Labels,Consumer,2,230.06,162.62,67.44
2024-06-04,Europe,Spain,Clothing,Shoes,Consumer,2,503.7,259.98,243.72
2022-09-21,North America,United States,Furniture,Chairs,Consumer,5,261.45,177.35,84.1
2023-02-22,North America,United States,Electronics,Phones,Corporate,5,2155.3,1345.32,809.98
2022-11-30,North America,Mexico,Electronics,Accessories,Home Office,4,631.96,343.9,288.06
2023-01-21,North America,Mexico,Electronics,Phones,Home Office,2,88.7,43.18,45.52
2023-10-20,Latin America,Argentina,Electronics,Accessories,Consumer,2,765.16,575.71,189.45
2024-03-27,Latin America,Brazil,Office Supplies,Paper,Corporate,1,15.56,10.3,5.26
2022-07-08,North America,Mexico,Clothing,Outerwear,Consumer,3,1225.32,504.92,720.4
2023-05-05,Europe,Germany,Electronics,Computers,Corporate,3,900.87,515.25,385.62
2024-10-06,North America,Canada,Clothing,Shoes,Corporate,1,414.92,248.28,166.64
2023-12-12,Europe,France,Clothing,Pants,Consumer,1,414.5,291.13,123.37
2023-03-04,North America,Canada,Electronics,Computers,Home Office,4,1920.96,1155.52,765.44
2022-06-07,North America,Mexico,Electronics,Audio,Home Office,4,1954.04,1540.6,413.44
2023-01-20,Latin America,Argentina,Electronics,Accessories,Corporate,4,84.52,45.48,39.04
2023-07-30,Latin America,Colombia,Clothing,Pants,Home Office,2,987.08,492.68,494.4
2024-08-02,North America,United States,Clothing,Shirts,Home Office,3,798.69,322.32,476.37
2022-02-24,Latin America,Brazil,Office Supplies,Paper,Home Office,4,427.88,202.41,225.47
2023-09-03,Europe,United Kingdom,Clothing,Outerwear,Home Office,4,614.56,462.56,152.0
2024-12-13,Europe,Italy,Furniture,Tables,Corporate,3,911.67,366.57,545.1
2024-10-06,Europe,Germany,Office Supplies,Pens,Home Office,3,839.1,448.97,390.13
2023-07-16,Asia Pacific,Australia,Electronics,Computers,Home Office,1,448.14,350.41,97.73
2022-02-19,Europe,France,Furniture,Tables,Corporate,4,1103.6,842.65,260.95
2024-09-28,Europe,Spain,Furniture,Tables,Consumer,5,91.65,46.12,45.53
2023-04-28,Latin America,Chile,Clothing,Outerwear,Home Office,3,637.53,484.16,153.37
2023-07-15,Latin America,Colombia,Office Supplies,Paper,Corporate,2,501.28,218.22,283.06
2022-03-21,Latin America,Argentina,Electronics,Accessories,Corporate,3,1338.69,843.42,495.27
2024-09-11,Latin America,Brazil,Electronics,Audio,Corporate,5,789.7,477.89,311.81
2022-08-16,Asia Pacific,Australia,Electronics,Audio,Corporate,2,553.16,377.64,175.52
2023-03-15,Latin America,Brazil,Electronics,Accessories,Home Office,4,271.8,142.09,129.71
2022-03-05,Europe,Spain,Electronics,Phones,Home Office,5,457.65,320.08,137.57
2022-02-15,Asia Pacific,Australia,Office Supplies,Binders,Corporate,3,1367.37,642.91,724.46
2024-03-26,Europe,Spain,Office Supplies,Pens,Corporate,4,215.44,109.18,106.26
2022-02-25,Europe,France,Office Supplies,Binders,Corporate,3,1275.96,691.15,584.81
2024-04-20,Latin America,Brazil,Electronics,Computers,Consumer,1,55.43,43.35,12.08
2022-10-09,Europe,Spain,Furniture,Tables,Home Office,4,1607.72,946.35,661.37
2023-07-01,Europe,United Kingdom,Clothing,Pants,Corporate,5,617.8,337.97,279.83
2022-04-24,Asia Pacific,India,Electronics,Computers,Corporate,1,392.64,252.01,140.63
2022-06-24,Latin America,Chile,Electronics,Phones,Consumer,2,423.62,286.9,136.72
2023-06-16,North America,United States,Office Supplies,Binders,Home Office,3,307.56,214.74,92.82
2024-08-28,Latin America,Brazil,Electronics,Accessories,Consumer,4,1858.8,989.42,869.38
2023-11-18,North America,Canada,Furniture,Storage,Corporate,3,931.2,516.7,414.5
2023-11-06,Asia Pacific,Japan,Electronics,Accessories,Home Office,3,1271.76,575.05,696.71
2023-12-04,Europe,Italy,Electronics,Phones,Consumer,4,1935.0,1348.68,586.32
2022-05-17,Latin America,Argentina,Office Supplies,Binders,Corporate,5,1672.55,859.4,813.15
2023-10-16,Europe,Germany,Office Supplies,Paper,Corporate,2,559.78,408.26,151.52
2024-05-15,Asia Pacific,South Korea,Clothing,Shirts,Home Office,1,35.98,20.8,15.18
2024-08-10,North America,United States,Office Supplies,Binders,Corporate,4,1906.0,1324.8,581.2
2023-05-06,North America,Canada,Office Supplies,Binders,Consumer,3,285.39,194.71,90.68
2023-05-18,Asia Pacific,Australia,Furniture,Tables,Home Office,2,493.72,330.69,163.03
2024-08-24,Asia Pacific,India,Clothing,Shirts,Home Office,2,67.32,30.66,36.66
2023-10-30,Latin America,Chile,Clothing,Shoes,Consumer,1,177.41,110.73,66.68
2022-05-13,Latin America,Brazil,Office Supplies,Paper,Home Office,1,248.94,157.02,91.92
2022-08-26,Latin America,Brazil,Electronics,Audio,Corporate,3,404.22,276.9,127.32
2022-06-17,North America,Mexico,Furniture,Chairs,Home Office,4,751.96,392.05,359.91
2023-09-11,Latin America,Argentina,Office Supplies,Pens,Consumer,4,1999.96,1335.26,664.7
2023-08-22,Latin America,Colombia,Electronics,Phones,Corporate,5,1423.25,638.19,785.06
2022-10-29,Asia Pacific,Japan,Furniture,Storage,Consumer,2,104.82,69.17,35.65
2022-03-05,Europe,Germany,Clothing,Shoes,Home Office,5,198.0,111.6,86.4
2024-04-11,Latin America,Brazil,Furniture,Desks,Corporate,2,558.32,271.35,286.97
2024-01-10,Latin America,Brazil,Clothing,Outerwear,Corporate,5,377.3,167.28,210.02
2022-01-03,North America,United States,Clothing,Shirts,Home Office,5,2114.8,863.83,1250.97
2022-04-06,Europe,Spain,Electronics,Accessories,Home Office,4,1512.88,1173.52,339.36
2023-04-06,Europe,United Kingdom,Clothing,Shirts,Home Office,5,624.7,375.97,248.73
2022-11-13,Latin America,Colombia,Office Supplies,Labels,Corporate,2,623.38,336.03,287.35
2024-08-30,Asia Pacific,Australia,Office Supplies,Labels,Corporate,4,301.12,177.17,123.95
2024-01-09,Asia Pacific,China,Furniture,Chairs,Corporate,5,715.05,422.35,292.7
2023-12-18,North America,United States,Furniture,Storage,Corporate,2,759.7,322.42,437.28
2024-06-14,Europe,Spain,Furniture,Chairs,Consumer,2,848.26,471.27,376.99
2023-06-08,Asia Pacific,Japan,Office Supplies,Labels,Consumer,2,29.9,22.85,7.05
2022-03-09,Latin America,Chile,Electronics,Accessories,Consumer,3,157.23,95.28,61.95
2022-10-28,Europe,France,Clothing,Shoes,Home Office,4,761.48,342.71,418.77
2023-02-14,Latin America,Brazil,Electronics,Audio,Consumer,4,1457.72,1030.36,427.36
2023-03-04,Europe,Germany,Clothing,Shoes,Consumer,2,993.06,448.67,544.39
2024-12-27,Asia Pacific,India,Furniture,Tables,Corporate,2,897.3,657.86,239.44
2023-03-25,Latin America,Argentina,Furniture,Storage,Home Office,2,119.96,59.17,60.79
2023-04-15,Latin America,Brazil,Electronics,Audio,Consumer,2,265.96,201.72,64.24
2023-02-23,Latin America,Brazil,Office Supplies,Pens,Consumer,2,889.16,425.61,463.55
2022-09-11,Europe,Italy,Office Supplies,Binders,Corporate,1,72.66,47.83,24.83
2022-01-26,Asia Pacific,India,Furniture,Desks,Consumer,5,1333.2,912.37,420.83
2024-02-01,North America,Canada,Clothing,Shoes,Home Office,1,447.89,296.06,151.83
2024-03-01,Asia Pacific,Australia,Office Supplies,Binders,Corporate,2,113.94,67.88,46.06
2023-04-01,Latin America,Argentina,Clothing,Outerwear,Consumer,3,333.21,152.67,180.54
2024-07-11,Europe,Italy,Clothing,Outerwear,Home Office,2,277.82,217.98,59.84
2024-12-13,Europe,Italy,Electronics,Computers,Home Office,4,1242.68,798.89,443.79
2024-11-26,Europe,Germany,Electronics,Audio,Consumer,2,181.68,115.83,65.85
2024-02-06,Latin America,Chile,Office Supplies,Paper,Home Office,1,72.61,29.38,43.23
2024-06-11,Latin America,Colombia,Electronics,Accessories,Home Office,4,477.4,247.8,229.6
2024-05-05,Latin America,Brazil,Office Supplies,Labels,Consumer,2,568.32,308.8,259.52
2022-07-02,North America,United States,Office Supplies,Pens,Corporate,2,859.38,474.77,384.61
2022-11-09,North America,Canada,Office Supplies,Labels,Consumer,4,618.12,388.86,229.26
2024-04-29,Europe,Italy,Office Supplies,Binders,Home Office,3,40.62,25.29,15.33
2023-12-14,Asia Pacific,Australia,Clothing,Outerwear,Corporate,3,321.63,189.11,132.52
2024-11-17,Latin America,Argentina,Electronics,Phones,Consumer,1,17.69,8.11,9.58
2024-08-15,Europe,Spain,Clothing,Pants,Home Office,2,363.9,202.4,161.5
2024-08-02,Europe,Germany,Furniture,Tables,Corporate,5,1157.45,724.23,433.22
2022-05-14,Latin America,Colombia,Electronics,Phones,Home Office,1,26.36,10.65,15.71
2024-11-29,Latin America,Colombia,Electronics,Accessories,Consumer,2,425.08,221.76,203.32
2024-07-05,Europe,Spain,Office Supplies,Binders,Home Office,3,164.31,130.9,33.41
2022-04-30,North America,Mexico,Furniture,Desks,Consumer,4,613.56,475.56,138.0
2024-01-20,North America,United States,Office Supplies,Binders,Corporate,2,721.46,409.35,312.11
2023-09-07,Asia Pacific,India,Furniture,Tables,Home Office,4,1545.52,1163.58,381.94
2023-10-29,Europe,Italy,Electronics,Audio,Corporate,4,715.76,568.99,146.77
2023-01-27,Latin America,Chile,Clothing,Shoes,Consumer,5,1345.25,943.64,401.61
2024-10-26,Europe,Spain,Office Supplies,Pens,Corporate,3,93.78,68.25,25.53
2024-11-06,Asia Pacific,South Korea,Furniture,Chairs,Corporate,2,751.96,318.16,433.8
2023-05-06,North America,Mexico,Clothing,Outerwear,Corporate,5,2383.15,1110.93,1272.22
2023-04-01,Asia Pacific,Japan,Office Supplies,Binders,Home Office,4,1205.92,567.65,638.27
2022-08-18,Europe,United Kingdom,Office Supplies,Labels,Consumer,2,514.32,218.79,295.53
2024-12-03,North America,United States,Office Supplies,Binders,Corporate,5,762.3,435.17,327.13
2023-09-06,North America,United States,Clothing,Shoes,Corporate,4,581.36,332.61,248.75
2022-09-08,North America,Canada,Electronics,Computers,Consumer,1,408.12,170.48,237.64
2023-05-02,Latin America,Chile,Office Supplies,Labels,Home Office,5,1791.85,1219.83,572.02
2022-04-01,North America,Canada,Electronics,Audio,Home Office,5,592.95,288.57,304.38
2022-09-26,Latin America,Colombia,Electronics,Phones,Consumer,5,818.8,572.9,245.9
2022-02-23,Europe,Italy,Office Supplies,Labels,Consumer,5,78.35,62.41,15.94
2022-03-05,North America,United States,Office Supplies,Binders,Corporate,1,481.92,210.63,271.29
2024-02-07,North America,Canada,Electronics,Audio,Home Office,5,1938.3,865.21,1073.09
2024-04-01,Asia Pacific,China,Office Supplies,Binders,Consumer,5,282.5,204.87,77.63
2023-04-01,Latin America,Colombia,Electronics,Accessories,Home Office,4,190.52,76.8,113.72
2022-01-24,Asia Pacific,South Korea,Furniture,Tables,Home Office,2,756.18,589.13,167.05
2024-01-19,North America,Canada,Electronics,Accessories,Consumer,2,963.58,470.23,493.35
2022-10-15,North America,United States,Office Supplies,Binders,Consumer,2,61.24,45.85,15.39
2023-06-28,North America,Mexico,Electronics,Computers,Corporate,1,468.46,275.68,192.78
2024-01-14,Asia Pacific,India,Furniture,Desks,Corporate,5,66.9,37.45,29.45
2022-05-20,Europe,Spain,Furniture,Chairs,Home Office,2,918.52,732.86,185.66
2024-01-29,North America,Canada,Office Supplies,Labels,Home Office,1,92.33,41.29,51.04
2024-06-02,North America,Mexico,Electronics,Phones,Consumer,2,866.22,592.65,273.57
2023-04-17,Europe,Germany,Electronics,Computers,Corporate,3,888.06,620.06,268.0
2024-10-11,Europe,United Kingdom,Clothing,Pants,Consumer,1,397.45,288.71,108.74
2023-11-30,Latin America,Brazil,Electronics,Accessories,Home Office,1,289.65,162.73,126.92
2022-04-10,Asia Pacific,Australia,Electronics,Audio,Consumer,1,41.9,29.41,12.49
2023-03-21,Latin America,Brazil,Electronics,Accessories,Corporate,1,471.3,356.29,115.01
2022-01-28,Asia Pacific,Australia,Clothing,Shirts,Home Office,1,348.98,209.33,139.65
2022-07-29,Asia Pacific,China,Furniture,Storage,Corporate,5,847.9,434.29,413.61
2023-12-23,North America,Canada,Electronics,Audio,Home Office,1,212.85,96.35,116.5
2024-07-24,Asia Pacific,Australia,Clothing,Shoes,Home Office,5,590.05,381.94,208.11
2023-12-15,North America,Canada,Office Supplies,Pens,Home Office,3,144.93,66.27,78.66
2022-02-02,Asia Pacific,South Korea,Office Supplies,Labels,Home Office,4,1819.08,857.98,961.1
2023-01-26,Asia Pacific,India,Clothing,Shoes,Home Office,1,440.29,318.14,122.15
2023-02-04,North America,United States,Clothing,Outerwear,Corporate,2,533.94,348.13,185.81
2022-09-10,Latin America,Chile,Clothing,Outerwear,Home Office,1,76.03,54.2,21.83
2024-03-04,Europe,Italy,Clothing,Shoes,Consumer,1,381.69,211.75,169.94
2024-03-28,Latin America,Brazil,Furniture,Storage,Home Office,5,362.3,262.0,100.3
2024-03-30,Latin America,Colombia,Electronics,Phones,Corporate,3,586.35,431.36,154.99
2024-10-02,Asia Pacific,China,Furniture,Chairs,Corporate,4,1905.6,919.48,986.12
2022-10-30,Asia Pacific,Japan,Office Supplies,Pens,Consumer,3,252.51,184.62,67.89
2024-03-10,North America,United States,Office Supplies,Binders,Home Office,4,1762.0,1023.8,738.2
2022-08-10,Asia Pacific,China,Office Supplies,Pens,Consumer,3,1365.03,1035.84,329.19
2023-11-08,Europe,United Kingdom,Furniture,Chairs,Home Office,3,576.06,325.75,250.31
2023-11-06,Europe,France,Furniture,Tables,Consumer,2,731.08,500.38,230.7
2022-01-14,North America,United States,Office Supplies,Binders,Home Office,2,731.02,524.24,206.78
2023-07-22,North America,Canada,Electronics,Accessories,Home Office,2,279.94,213.53,66.41
2023-02-08,Latin America,Colombia,Furniture,Storage,Consumer,2,114.74,51.16,63.58
2024-12-23,Europe,Germany,Electronics,Computers,Corporate,5,2353.8,1756.4,597.4
2024-11-24,North America,Mexico,Electronics,Phones,Consumer,5,988.0,735.67,252.33
2022-11-30,Latin America,Chile,Clothing,Shoes,Consumer,3,561.57,330.98,230.59
2023-08-02,Asia Pacific,Japan,Clothing,Pants,Home Office,3,768.33,599.41,168.92
2022-10-22,Europe,Spain,Furniture,Storage,Corporate,3,1129.35,509.68,619.67
2023-10-22,Europe,France,Electronics,Phones,Corporate,5,1714.95,1205.42,509.53
2022-02-21,Asia Pacific,China,Furniture,Storage,Corporate,3,368.7,256.06,112.64
2023-01-18,Latin America,Argentina,Electronics,Audio,Corporate,4,966.72,533.51,433.21
2024-02-15,North America,Mexico,Furniture,Desks,Corporate,3,1068.96,781.54,287.42
2024-07-03,North America,Mexico,Furniture,Chairs,Home Office,4,654.28,280.62,373.66
2023-03-17,Latin America,Chile,Furniture,Chairs,Corporate,2,408.2,178.84,229.36
2022-03-12,Latin America,Chile,Electronics,Audio,Corporate,2,23.72,17.26,6.46
2022-02-01,Latin America,Brazil,Office Supplies,Binders,Corporate,2,599.06,447.44,151.62
2024-02-22,Asia Pacific,Australia,Clothing,Outerwear,Corporate,2,229.26,146.28,82.98
2024-09-07,North America,United States,Office Supplies,Pens,Consumer,2,889.42,635.22,254.2
2024-07-12,Europe,Italy,Clothing,Shoes,Consumer,1,22.32,9.34,12.98
2023-02-26,Asia Pacific,Japan,Office Supplies,Binders,Home Office,5,1266.0,880.58,385.42
2023-12-30,Latin America,Brazil,Electronics,Accessories,Home Office,4,145.24,99.38,45.86
2022-09-25,North America,Canada,Furniture,Desks,Home Office,3,349.5,200.91,148.59
2023-03-26,Europe,Spain,Office Supplies,Paper,Consumer,2,135.18,63.12,72.06
2023-04-15,Asia Pacific,Australia,Electronics,Accessories,Consumer,3,692.19,466.75,225.44
2023-10-02,Europe,Spain,Clothing,Outerwear,Corporate,4,1457.2,872.2,585.0
2022-01-14,Latin America,Brazil,Furniture,Desks,Corporate,4,1724.88,1367.5,357.38
2023-12-25,Latin America,Brazil,Electronics,Accessories,Corporate,2,178.82,142.52,36.3
2022-11-13,North America,United States,Furniture,Chairs,Home Office,2,861.54,518.11,343.43
2022-12-04,Latin America,Chile,Clothing,Pants,Corporate,3,1071.21,520.82,550.39
2023-02-26,Europe,United Kingdom,Office Supplies,Binders,Home Office,5,2495.85,1428.51,1067.34
2022-12-07,North America,Canada,Clothing,Shoes,Consumer,3,828.33,658.87,169.46
2022-07-13,Europe,Germany,Office Supplies,Binders,Consumer,3,795.96,549.85,246.11
2022-07-07,North America,Mexico,Office Supplies,Labels,Corporate,1,85.47,43.12,42.35
2022-08-31,North America,Canada,Furniture,Desks,Home Office,1,242.18,165.41,76.77
2023-09-21,Europe,Spain,Office Supplies,Paper,Consumer,4,1464.16,924.99,539.17
2024-01-11,Asia Pacific,South Korea,Office Supplies,Pens,Consumer,5,654.5,412.02,242.48
2023-02-09,North America,United States,Clothing,Pants,Home Office,4,699.44,418.7,280.74
2024-09-28,Latin America,Colombia,Clothing,Shoes,Corporate,4,757.56,366.54,391.02
2024-05-20,North America,United States,Office Supplies,Paper,Corporate,3,1497.69,642.79,854.9
2023-12-10,Europe,Italy,Electronics,Audio,Consumer,4,1581.8,1173.67,408.13
2023-01-29,Europe,Italy,Electronics,Accessories,Corporate,1,188.03,77.29,110.74
2022-07-12,North America,United States,Furniture,Chairs,Corporate,3,802.77,321.18,481.59
2023-08-03,Europe,Germany,Clothing,Outerwear,Corporate,5,432.9,186.08,246.82
2022-01-27,North America,United States,Clothing,Shirts,Corporate,3,1243.5,847.59,395.91
2022-02-07,Asia Pacific,South Korea,Electronics,Audio,Corporate,2,539.7,414.95,124.75
2024-02-21,Latin America,Colombia,Clothing,Pants,Corporate,4,395.76,164.09,231.67
2024-03-18,North America,United States,Furniture,Tables,Corporate,2,443.7,217.19,226.51
2022-12-22,North America,Canada,Clothing,Shoes,Consumer,3,1369.41,887.62,481.79
2024-08-18,North America,Mexico,Office Supplies,Binders,Home Office,4,1251.4,579.13,672.27
2024-09-28,Latin America,Brazil,Electronics,Phones,Home Office,3,483.12,312.79,170.33
2024-08-13,Latin America,Argentina,Furniture,Desks,Consumer,5,1088.85,583.77,505.08
2024-11-07,Latin America,Brazil,Electronics,Audio,Home Office,5,1212.0,941.37,270.63
2024-10-22,Latin America,Colombia,Office Supplies,Pens,Home Office,2,993.0,560.34,432.66
2023-07-11,Latin America,Brazil,Furniture,Desks,Consumer,2,500.2,368.08,132.12
2024-05-18,Asia Pacific,South Korea,Clothing,Outerwear,Home Office,3,791.82,524.45,267.37
2024-03-04,Latin America,Chile,Office Supplies,Labels,Home Office,1,180.95,133.32,47.63
2023-05-04,Asia Pacific,India,Office Supplies,Binders,Home Office,1,361.28,163.26,198.02
2022-02-18,Asia Pacific,Japan,Clothing,Shoes,Consumer,5,1636.25,1020.47,615.78
2023-07-13,Latin America,Chile,Furniture,Storage,Corporate,1,126.14,91.06,35.08
2023-12-17,Asia Pacific,South Korea,Electronics,Accessories,Home Office,1,193.55,118.61,74.94
2023-02-11,Asia Pacific,India,Furniture,Tables,Home Office,5,346.1,194.8,151.3
2024-02-17,Asia Pacific,South Korea,Electronics,Audio,Consumer,4,473.96,229.21,244.75
2023-07-17,North America,Canada,Electronics,Accessories,Consumer,2,814.58,556.04,258.54
2022-03-02,Asia Pacific,China,Electronics,Computers,Corporate,3,789.3,590.19,199.11
2024-07-14,Latin America,Argentina,Furniture,Storage,Corporate,4,591.04,337.38,253.66
2024-03-18,Latin America,Brazil,Furniture,Tables,Consumer,4,425.28,303.44,121.84
2024-08-29,Asia Pacific,China,Office Supplies,Pens,Consumer,5,745.0,541.08,203.92
2022-04-20,North America,United States,Furniture,Desks,Corporate,1,246.64,151.27,95.37
2023-11-03,North America,Canada,Office Supplies,Binders,Home Office,4,972.52,635.58,336.94
2023-02-19,Europe,Germany,Electronics,Accessories,Consumer,3,399.87,302.21,97.66
2024-07-04,Asia Pacific,Australia,Clothing,Pants,Corporate,1,473.46,361.97,111.49
2023-01-11,Latin America,Brazil,Furniture,Desks,Consumer,4,1727.0,1015.73,711.27
2024-06-05,Latin America,Brazil,Clothing,Shirts,Home Office,5,1716.5,768.82,947.68
2022-11-24,Europe,Germany,Clothing,Shirts,Consumer,5,319.0,151.54,167.46
2024-08-03,Asia Pacific,Australia,Office Supplies,Paper,Home Office,2,911.04,454.96,456.08
2024-04-22,Latin America,Brazil,Office Supplies,Paper,Corporate,5,212.05,88.63,123.42
2024-04-08,Asia Pacific,China,Electronics,Accessories,Corporate,1,253.02,198.94,54.08
2024-12-16,Europe,Italy,Office Supplies,Labels,Home Office,3,783.06,374.7,408.36
2022-01-22,Europe,France,Office Supplies,Labels,Consumer,4,1862.2,989.62,872.58
2023-08-07,North America,Canada,Office Supplies,Pens,Corporate,2,523.8,338.24,185.56
2023-01-23,North America,Canada,Furniture,Desks,Corporate,2,744.56,322.46,422.1
2024-10-05,Asia Pacific,South Korea,Office Supplies,Binders,Corporate,1,279.9,185.74,94.16
2023-10-09,Europe,United Kingdom,Furniture,Tables,Home Office,1,235.97,178.15,57.82
2024-06-11,North America,Mexico,Office Supplies,Pens,Corporate,5,1581.25,666.71,914.54
2024-01-11,Europe,Germany,Electronics,Computers,Home Office,5,1663.05,932.78,730.27
2023-02-06,Europe,United Kingdom,Furniture,Tables,Corporate,4,731.16,575.88,155.28
2023-05-17,North America,Canada,Electronics,Audio,Corporate,1,404.11,271.98,132.13
2023-03-03,Europe,United Kingdom,Electronics,Computers,Home Office,5,925.35,404.72,520.63
2023-10-31,North America,United States,Office Supplies,Pens,Consumer,1,335.51,205.56,129.95
2022-03-21,Latin America,Argentina,Electronics,Audio,Home Office,1,393.06,162.34,230.72
2023-05-02,North America,Canada,Office Supplies,Binders,Home Office,4,466.32,282.81,183.51
2024-06-27,Latin America,Colombia,Furniture,Tables,Corporate,3,967.98,513.97,454.01
2024-12-13,North America,Canada,Electronics,Computers,Corporate,2,862.38,409.73,452.65
2024-11-21,Europe,Spain,Office Supplies,Pens,Home Office,3,1306.08,573.87,732.21
2023-12-05,Europe,France,Office Supplies,Labels,Home Office,4,1557.04,1110.76,446.28
2022-06-12,Asia Pacific,Australia,Electronics,Computers,Consumer,5,353.65,201.33,152.32
2023-11-04,Asia Pacific,Australia,Clothing,Shoes,Consumer,3,51.9,35.47,16.43
2023-08-26,Asia Pacific,South Korea,Electronics,Audio,Home Office,1,260.11,118.22,141.89
2023-06-07,Asia Pacific,India,Office Supplies,Paper,Consumer,3,69.33,53.6,15.73
2024-04-25,Asia Pacific,Australia,Office Supplies,Pens,Corporate,3,777.21,335.07,442.14
2022-05-07,Europe,Germany,Clothing,Shoes,Corporate,3,687.12,504.72,182.4
2024-10-14,Latin America,Chile,Office Supplies,Pens,Corporate,3,1322.7,591.23,731.47
2023-03-21,Latin America,Argentina,Office Supplies,Pens,Corporate,5,1201.35,499.06,702.29
2024-10-07,North America,Mexico,Office Supplies,Binders,Corporate,5,2459.0,1522.04,936.96
2023-09-28,Latin America,Colombia,Office Supplies,Paper,Corporate,4,299.84,201.22,98.62
2023-11-30,Latin America,Colombia,Electronics,Computers,Corporate,3,891.6,479.15,412.45
2022-03-03,Europe,Spain,Clothing,Shoes,Corporate,5,1848.9,754.96,1093.94
2023-09-09,North America,United States,Furniture,Desks,Consumer,4,818.72,392.12,426.6
2022-05-09,Asia Pacific,Australia,Electronics,Computers,Corporate,1,253.25,195.4,57.85
2022-04-12,North America,Canada,Office Supplies,Binders,Corporate,5,639.6,329.98,309.62
2023-12-30,Asia Pacific,Australia,Clothing,Pants,Consumer,4,1984.52,1552.94,431.58
2023-03-16,Europe,France,Clothing,Shoes,Corporate,5,182.2,132.67,49.53
2023-12-31,North America,Canada,Electronics,Phones,Home Office,4,1527.88,642.21,885.67
2023-02-16,North America,Canada,Electronics,Audio,Corporate,4,1135.96,802.42,333.54
2022-07-11,Latin America,Argentina,Furniture,Desks,Home Office,4,1778.84,1265.42,513.42
2023-05-12,North America,Mexico,Clothing,Shirts,Home Office,5,2391.4,1801.54,589.86
2024-11-02,Asia Pacific,China,Electronics,Phones,Corporate,3,1191.39,739.55,451.84
2022-06-10,North America,United States,Office Supplies,Pens,Consumer,1,89.26,45.88,43.38
2022-03-09,Europe,Germany,Furniture,Desks,Consumer,4,1191.36,564.68,626.68
2022-01-05,Europe,Italy,Clothing,Pants,Home Office,1,284.2,183.59,100.61
2024-12-17,Asia Pacific,Australia,Clothing,Shirts,Corporate,4,887.28,443.1,444.18
2023-07-14,Europe,United Kingdom,Furniture,Storage,Home Office,1,100.94,47.9,53.04
2024-04-08,Latin America,Chile,Clothing,Outerwear,Consumer,4,641.64,474.36,167.28
2023-06-12,Latin America,Argentina,Furniture,Desks,Home Office,4,836.68,482.71,353.97
2023-11-02,North America,Mexico,Clothing,Shoes,Corporate,3,925.8,432.82,492.98
2024-03-05,Latin America,Brazil,Office Supplies,Binders,Corporate,5,582.2,417.59,164.61
2023-11-17,Europe,United Kingdom,Office Supplies,Binders,Corporate,4,649.48,297.25,352.23
2023-07-26,North America,United States,Clothing,Shirts,Home Office,5,2022.75,1026.16,996.59
2024-03-06,Latin America,Colombia,Electronics,Phones,Home Office,5,496.05,226.02,270.03
2022-10-26,Europe,Germany,Office Supplies,Labels,Home Office,4,309.24,235.43,73.81
2023-04-09,Latin America,Argentina,Furniture,Desks,Home Office,5,1945.15,819.48,1125.67
2024-03-03,North America,United States,Clothing,Shoes,Corporate,5,2410.95,1442.49,968.46
2023-05-16,North America,Canada,Office Supplies,Binders,Home Office,4,1385.52,1060.4,325.12
2023-10-29,Latin America,Colombia,Office Supplies,Labels,Home Office,4,1140.8,457.29,683.51
2023-12-24,Asia Pacific,China,Furniture,Desks,Home Office,4,1317.24,664.49,652.75
2023-06-08,Asia Pacific,Japan,Clothing,Pants,Consumer,4,111.4,62.88,48.52
2023-06-07,Latin America,Chile,Furniture,Storage,Corporate,2,61.46,31.76,29.7
2022-06-29,Latin America,Colombia,Office Supplies,Labels,Home Office,1,434.07,197.47,236.6
2023-05-27,Asia Pacific,China,Electronics,Audio,Home Office,1,404.19,227.78,176.41
2022-07-27,Europe,Germany,Office Supplies,Binders,Consumer,5,264.6,133.69,130.91
2023-01-20,Europe,Germany,Clothing,Shoes,Corporate,2,202.44,120.65,81.79
2022-04-08,Asia Pacific,Japan,Furniture,Tables,Home Office,1,10.77,4.48,6.29
2024-11-01,North America,Mexico,Clothing,Shirts,Consumer,3,252.12,161.67,90.45
2024-12-18,Asia Pacific,Australia,Clothing,Outerwear,Home Office,4,749.24,479.09,270.15
2023-11-15,Europe,Spain,Electronics,Computers,Corporate,5,1570.05,688.11,881.94
2022-08-20,Asia Pacific,Japan,Office Supplies,Pens,Consumer,3,1415.01,569.54,845.47
2024-09-18,Latin America,Chile,Electronics,Computers,Consumer,4,190.56,121.6,68.96
2022-11-10,Europe,United Kingdom,Clothing,Shoes,Corporate,3,1211.25,581.97,629.28
2024-07-30,North America,Canada,Clothing,Pants,Consumer,1,148.88,64.48,84.4
2022-09-16,Latin America,Chile,Furniture,Chairs,Consumer,4,872.96,471.88,401.08
2022-03-30,Europe,Germany,Furniture,Desks,Consumer,4,1937.32,1038.21,899.11
2022-02-15,Latin America,Argentina,Office Supplies,Labels,Corporate,3,527.4,299.77,227.63
2022-10-12,North America,Mexico,Furniture,Desks,Home Office,4,1504.88,688.62,816.26
2023-10-06,North America,United States,Electronics,Audio,Home Office,4,1117.72,465.72,652.0
2022-01-06,Asia Pacific,India,Electronics,Phones,Consumer,1,351.93,153.63,198.3
2024-02-24,Latin America,Argentina,Furniture,Tables,Corporate,2,582.86,286.68,296.18
2023-04-19,North America,Mexico,Office Supplies,Binders,Home Office,3,1109.1,754.57,354.53
2022-06-17,Latin America,Chile,Clothing,Shirts,Corporate,5,777.15,356.02,421.13
2022-08-10,Europe,United Kingdom,Furniture,Storage,Consumer,4,1379.48,779.28,600.2
2024-12-18,Asia Pacific,Australia,Electronics,Phones,Consumer,1,159.25,118.24,41.01
2022-05-13,Asia Pacific,Australia,Electronics,Audio,Consumer,1,307.33,146.33,161.0
2024-03-12,Asia Pacific,Japan,Furniture,Desks,Consumer,2,26.38,15.64,10.74
2024-01-25,Asia Pacific,Japan,Clothing,Shirts,Consumer,5,2058.1,1563.92,494.18
2022-09-02,Latin America,Chile,Furniture,Desks,Corporate,1,323.5,148.39,175.11
2024-08-05,North America,Mexico,Office Supplies,Labels,Consumer,1,411.27,220.61,190.66
2022-12-14,Europe,Germany,Clothing,Shirts,Corporate,5,966.55,591.21,375.34
2024-07-18,Latin America,Colombia,Office Supplies,Paper,Corporate,5,281.25,219.58,61.67
2023-04-30,Europe,United Kingdom,Electronics,Phones,Home Office,3,1090.02,825.14,264.88
2022-06-21,Latin America,Argentina,Furniture,Chairs,Corporate,5,569.1,430.09,139.01
2023-08-12,Latin America,Brazil,Office Supplies,Binders,Consumer,4,726.76,499.25,227.51
2023-08-30,Asia Pacific,Japan,Office Supplies,Pens,Corporate,4,82.04,49.14,32.9
2024-02-22,Asia Pacific,China,Office Supplies,Labels,Consumer,1,239.8,180.4,59.4
2023-10-19,Latin America,Argentina,Furniture,Desks,Consumer,5,1671.0,775.42,895.58
2022-02-23,Europe,Spain,Electronics,Phones,Home Office,4,1044.56,779.29,265.27
2022-08-29,North America,Mexico,Furniture,Desks,Consumer,5,1640.9,1043.33,597.57
2022-01-08,North America,Mexico,Clothing,Shirts,Consumer,2,994.78,596.71,398.07
2024-04-11,Europe,Italy,Electronics,Audio,Home Office,5,1181.5,861.68,319.82
2024-10-12,North America,United States,Office Supplies,Labels,Consumer,4,1032.8,777.05,255.75
2022-07-25,North America,Mexico,Office Supplies,Labels,Home Office,5,2276.45,1189.13,1087.32
2022-02-27,Latin America,Colombia,Furniture,Storage,Home Office,3,603.81,434.3,169.51
2022-08-18,Europe,Germany,Electronics,Audio,Consumer,2,381.02,189.01,192.01
2024-07-30,Asia Pacific,South Korea,Furniture,Storage,Consumer,1,253.03,111.92,141.11
2024-08-14,Asia Pacific,South Korea,Clothing,Shoes,Consumer,3,825.78,512.31,313.47
2022-08-20,Latin America,Colombia,Office Supplies,Labels,Corporate,4,924.2,457.94,466.26
2023-11-14,Asia Pacific,Japan,Furniture,Storage,Corporate,5,1467.8,862.88,604.92
2022-09-12,Europe,France,Furniture,Chairs,Consumer,5,540.35,366.8,173.55
2023-06-05,Latin America,Brazil,Furniture,Desks,Corporate,1,292.89,183.77,109.12
2023-01-23,Europe,France,Furniture,Chairs,Consumer,1,130.2,80.99,49.21
2023-03-20,North America,Canada,Clothing,Pants,Home Office,4,772.88,381.93,390.95
2023-11-10,Europe,Spain,Furniture,Chairs,Consumer,5,1705.05,1210.96,494.09
2024-10-02,Asia Pacific,India,Electronics,Phones,Consumer,5,436.25,277.61,158.64
2023-02-08,Asia Pacific,Australia,Electronics,Accessories,Consumer,5,2435.2,1753.97,681.23
2022-10-09,Europe,United Kingdom,Clothing,Shoes,Home Office,4,697.88,539.52,158.36
2023-05-16,Asia Pacific,India,Office Supplies,Paper,Corporate,3,1449.18,981.22,467.96
2024-10-10,Latin America,Brazil,Clothing,Outerwear,Consumer,1,458.17,305.93,152.24
2023-03-10,Asia Pacific,Australia,Furniture,Storage,Consumer,5,2316.25,997.37,1318.88
2023-11-08,Latin America,Chile,Electronics,Computers,Corporate,2,69.16,35.18,33.98
2022-03-12,Europe,Spain,Office Supplies,Labels,Home Office,3,1487.97,706.16,781.81
2023-06-10,Europe,Germany,Electronics,Accessories,Home Office,4,1784.24,1278.22,506.02
2022-01-10,Asia Pacific,Australia,Electronics,Accessories,Home Office,3,364.92,280.66,84.26
2023-07-13,Asia Pacific,China,Electronics,Phones,Consumer,3,244.47,145.39,99.08
2024-08-28,Asia Pacific,South Korea,Furniture,Storage,Corporate,5,418.1,321.24,96.86
2022-01-03,North America,Mexico,Electronics,Accessories,Home Office,5,1621.7,787.58,834.12
2022-11-15,Europe,France,Clothing,Outerwear,Consumer,5,801.4,481.74,319.66
2022-06-08,North America,United States,Office Supplies,Labels,Consumer,2,313.58,171.77,141.81
2022-04-19,North America,Canada,Office Supplies,Pens,Corporate,2,315.86,245.21,70.65
2023-10-25,Asia Pacific,India,Furniture,Chairs,Consumer,1,416.96,223.77,193.19
2023-05-29,Latin America,Argentina,Furniture,Tables,Home Office,3,35.82,26.31,9.51
2022-06-20,Latin America,Argentina,Office Supplies,Pens,Corporate,4,790.72,335.92,454.8
2023-11-29,Asia Pacific,India,Electronics,Phones,Corporate,1,400.09,200.02,200.07
2024-12-12,North America,United States,Clothing,Outerwear,Consumer,4,412.16,186.87,225.29
2023-06-16,North America,Mexico,Furniture,Chairs,Consumer,2,305.24,135.12,170.12
2023-11-24,Latin America,Brazil,Clothing,Shirts,Home Office,3,671.1,446.81,224.29
2022-06-25,Asia Pacific,Australia,Electronics,Computers,Consumer,2,446.06,242.6,203.46
2022-01-26,Europe,Italy,Office Supplies,Paper,Corporate,4,1405.4,1056.45,348.95
2022-08-27,Latin America,Brazil,Office Supplies,Labels,Home Office,2,574.5,391.55,182.95
2022-12-30,Asia Pacific,South Korea,Furniture,Tables,Consumer,5,2163.85,1422.19,741.66
2022-07-30,Asia Pacific,Japan,Office Supplies,Paper,Corporate,1,149.28,104.56,44.72
2023-03-20,Asia Pacific,India,Furniture,Chairs,Corporate,2,423.94,195.66,228.28
2022-09-05,Europe,United Kingdom,Electronics,Accessories,Corporate,1,84.55,54.76,29.79
2024-11-02,Asia Pacific,Australia,Clothing,Shoes,Corporate,3,947.64,585.17,362.47
2022-10-28,Latin America,Argentina,Electronics,Computers,Home Office,4,935.84,624.4,311.44
2022-07-28,Latin America,Chile,Office Supplies,Paper,Corporate,2,799.98,550.17,249.81
2022-02-22,North America,United States,Furniture,Chairs,Home Office,3,1327.53,646.63,680.9
2024-01-06,Latin America,Argentina,Furniture,Storage,Consumer,5,664.25,455.75,208.5
2022-01-26,Europe,Germany,Office Supplies,Labels,Consumer,4,974.16,421.49,552.67
2023-05-13,Europe,United Kingdom,Furniture,Storage,Consumer,3,263.61,162.06,101.55
2024-06-22,North America,Canada,Clothing,Shoes,Consumer,3,1165.95,755.11,410.84
2023-02-10,Latin America,Colombia,Clothing,Shoes,Corporate,1,485.96,330.61,155.35
2024-10-19,Latin America,Argentina,Electronics,Phones,Corporate,3,292.35,151.1,141.25
2022-04-17,North America,United States,Furniture,Chairs,Corporate,1,19.15,12.82,6.33
2024-10-06,Europe,France,Clothing,Pants,Corporate,3,298.77,160.9,137.87
2022-05-13,Latin America,Argentina,Furniture,Desks,Corporate,2,589.32,310.94,278.38
2023-01-15,Europe,Italy,Electronics,Computers,Home Office,5,517.25,285.8,231.45
2023-01-28,Europe,Spain,Clothing,Shirts,Corporate,1,144.36,95.32,49.04
2023-04-21,Asia Pacific,India,Furniture,Chairs,Home Office,5,1525.1,963.14,561.96
2022-05-25,North America,Mexico,Clothing,Pants,Home Office,1,328.89,173.49,155.4
2023-10-02,Latin America,Brazil,Office Supplies,Paper,Corporate,1,252.85,139.06,113.79
2023-09-02,Asia Pacific,South Korea,Clothing,Pants,Corporate,4,780.64,442.2,338.44
2024-04-29,Europe,United Kingdom,Furniture,Chairs,Corporate,5,928.1,598.03,330.07
2023-06-11,Asia Pacific,Australia,Office Supplies,Pens,Consumer,3,886.56,474.01,412.55
2023-02-06,Europe,United Kingdom,Office Supplies,Paper,Corporate,3,171.51,96.97,74.54
2023-12-27,North America,Mexico,Electronics,Phones,Home Office,4,1015.84,545.56,470.28
2023-04-17,Latin America,Argentina,Clothing,Outerwear,Home Office,5,74.05,54.9,19.15
2022-03-04,Asia Pacific,China,Clothing,Pants,Corporate,2,157.86,79.61,78.25
2024-05-09,Latin America,Colombia,Electronics,Computers,Home Office,2,232.14,169.51,62.63
2022-08-18,Europe,Italy,Electronics,Accessories,Consumer,5,2049.2,1355.62,693.58
2023-04-17,Asia Pacific,Australia,Clothing,Outerwear,Consumer,1,44.6,20.72,23.88
2023-10-12,Latin America,Argentina,Clothing,Pants,Consumer,1,159.85,117.73,42.12
2023-02-26,Europe,United Kingdom,Electronics,Accessories,Consumer,2,72.76,41.68,31.08
2023-11-16,Asia Pacific,China,Electronics,Computers,Home Office,1,259.62,105.79,153.83
2024-05-05,Asia Pacific,South Korea,Office Supplies,Paper,Home Office,1,459.67,207.58,252.09
2024-10-22,Europe,France,Electronics,Audio,Consumer,5,263.75,110.3,153.45
2024-11-26,Asia Pacific,India,Electronics,Accessories,Home Office,5,1202.95,695.6,507.35
2023-01-28,Europe,United Kingdom,Office Supplies,Labels,Consumer,2,671.44,527.12,144.32
2023-07-28,Europe,France,Clothing,Outerwear,Consumer,2,320.66,144.9,175.76
2022-03-30,Latin America,Chile,Electronics,Phones,Consumer,3,1269.87,508.94,760.93
2022-01-25,Asia Pacific,China,Furniture,Chairs,Consumer,3,568.59,445.78,122.81
2024-07-21,Asia Pacific,Japan,Electronics,Accessories,Consumer,2,685.44,437.8,247.64
2024-01-02,Latin America,Colombia,Furniture,Chairs,Corporate,4,1598.04,688.28,909.76
2024-12-06,Latin America,Colombia,Clothing,Shoes,Corporate,4,1838.92,1371.66,467.26
2023-03-22,Latin America,Colombia,Electronics,Computers,Consumer,5,1365.75,837.49,528.26
2023-04-03,Latin America,Argentina,Electronics,Audio,Home Office,4,480.64,245.11,235.53
2022-08-28,Asia Pacific,Australia,Office Supplies,Labels,Home Office,1,326.15,233.57,92.58
2023-04-03,Asia Pacific,China,Electronics,Accessories,Home Office,4,1566.56,1082.75,483.81
2022-03-24,Europe,United Kingdom,Office Supplies,Labels,Corporate,5,862.05,411.27,450.78
2022-08-06,Asia Pacific,Japan,Clothing,Pants,Consumer,3,1353.78,989.47,364.31
2023-01-27,Europe,Italy,Furniture,Desks,Consumer,5,824.7,340.14,484.56
2024-04-20,Europe,Italy,Office Supplies,Labels,Corporate,1,78.73,33.21,45.52
2024-08-16,North America,Canada,Furniture,Desks,Home Office,3,303.3,204.64,98.66
2023-12-11,Asia Pacific,Australia,Office Supplies,Pens,Home Office,3,422.46,327.32,95.14
2022-03-15,Latin America,Colombia,Clothing,Shoes,Home Office,5,2192.6,1348.93,843.67
2022-12-04,Europe,United Kingdom,Electronics,Phones,Corporate,2,685.56,276.73,408.83
2023-07-22,North America,Mexico,Office Supplies,Labels,Consumer,1,393.32,203.75,189.57
2022-08-05,Latin America,Chile,Clothing,Shirts,Corporate,1,471.88,193.09,278.79
2023-09-29,Latin America,Colombia,Clothing,Shirts,Home Office,4,543.92,277.06,266.86
2024-06-06,Europe,France,Office Supplies,Labels,Consumer,3,857.55,485.18,372.37
2022-06-18,North America,United States,Electronics,Accessories,Corporate,1,123.16,57.0,66.16
2024-08-06,North America,Mexico,Office Supplies,Binders,Consumer,1,237.15,107.63,129.52
2024-02-10,Latin America,Colombia,Office Supplies,Paper,Consumer,1,137.78,108.05,29.73
2024-11-17,North America,Canada,Clothing,Pants,Corporate,4,1689.32,784.41,904.91
2024-08-14,North America,Canada,Electronics,Phones,Home Office,2,78.0,47.16,30.84
2023-08-14,Europe,Germany,Furniture,Chairs,Corporate,3,1043.34,757.71,285.63
2022-07-18,North America,United States,Clothing,Outerwear,Home Office,1,449.79,265.31,184.48
2022-02-14,Europe,France,Furniture,Desks,Corporate,2,734.26,339.1,395.16
2024-02-20,Latin America,Chile,Electronics,Audio,Consumer,4,310.64,135.61,175.03
2022-11-14,Europe,United Kingdom,Electronics,Audio,Corporate,1,322.12,143.48,178.64
2022-02-25,Europe,United Kingdom,Clothing,Shirts,Corporate,1,131.44,73.71,57.73
2023-02-22,North America,United States,Office Supplies,Pens,Consumer,1,489.11,256.16,232.95
2022-12-02,Latin America,Colombia,Furniture,Storage,Consumer,5,700.5,318.33,382.17
2024-05-19,North America,United States,Clothing,Shirts,Home Office,3,1012.08,656.3,355.78
2023-09-30,Asia Pacific,Japan,Clothing,Shirts,Home Office,3,1281.0,681.21,599.79
2023-03-06,Latin America,Chile,Furniture,Desks,Home Office,2,725.44,471.5,253.94
2022-05-03,North America,Canada,Office Supplies,Paper,Consumer,2,150.9,81.33,69.57
2024-01-29,Europe,France,Electronics,Computers,Home Office,3,1317.57,617.36,700.21
2024-11-26,North America,Canada,Electronics,Accessories,Corporate,1,437.7,300.45,137.25
2024-11-07,North America,Mexico,Clothing,Pants,Corporate,3,1188.9,866.68,322.22
2022-09-27,Asia Pacific,Japan,Office Supplies,Labels,Corporate,4,985.56,506.69,478.87
2023-07-15,Latin America,Chile,Furniture,Chairs,Corporate,4,593.32,249.88,343.44
2024-06-09,North America,Canada,Furniture,Desks,Corporate,5,1114.25,873.7,240.55
2024-07-25,Asia Pacific,Australia,Furniture,Desks,Corporate,5,608.3,458.89,149.41
2023-12-22,Asia Pacific,India,Electronics,Phones,Consumer,1,20.85,15.4,5.45
2022-02-19,Latin America,Argentina,Office Supplies,Binders,Corporate,2,611.0,255.04,355.96
2024-06-08,North America,Mexico,Furniture,Tables,Home Office,3,719.04,414.27,304.77
2022-10-21,Latin America,Argentina,Office Supplies,Paper,Home Office,4,621.44,279.49,341.95
2024-03-18,North America,United States,Furniture,Storage,Consumer,2,754.52,597.14,157.38
2023-09-01,Europe,Italy,Office Supplies,Binders,Consumer,4,1131.36,614.32,517.04
2023-05-13,Latin America,Brazil,Clothing,Outerwear,Home Office,4,1462.8,781.79,681.01
2023-09-20,Asia Pacific,South Korea,Office Supplies,Labels,Home Office,5,2195.8,1030.53,1165.27
2023-01-31,North America,Canada,Office Supplies,Pens,Corporate,1,269.25,121.99,147.26
2022-10-25,Asia Pacific,China,Furniture,Tables,Home Office,2,406.26,270.68,135.58
2022-09-22,Latin America,Colombia,Electronics,Accessories,Corporate,3,1074.42,759.16,315.26
2023-07-21,North America,Canada,Clothing,Outerwear,Home Office,3,175.98,81.89,94.09
2024-02-13,Europe,Italy,Electronics,Phones,Consumer,3,39.63,18.01,21.62
2022-09-26,Europe,United Kingdom,Clothing,Outerwear,Home Office,3,893.85,418.22,475.63
2024-12-13,Europe,Spain,Clothing,Shoes,Corporate,3,298.35,193.92,104.43
2023-10-14,Asia Pacific,Japan,Furniture,Desks,Consumer,2,721.14,438.46,282.68
2023-03-19,Latin America,Argentina,Electronics,Audio,Consumer,1,15.84,8.74,7.1
2024-09-29,Latin America,Argentina,Electronics,Audio,Consumer,3,1432.02,972.0,460.02
2024-02-29,Latin America,Chile,Furniture,Desks,Consumer,3,1356.84,801.3,555.54
2022-08-17,North America,Canada,Furniture,Chairs,Home Office,5,1420.6,605.46,815.14
2024-07-17,Europe,United Kingdom,Office Supplies,Paper,Corporate,5,563.5,277.9,285.6
2024-07-09,Europe,United Kingdom,Furniture,Desks,Consumer,3,1413.78,985.17,428.61
2024-11-25,Asia Pacific,China,Furniture,Desks,Home Office,3,921.6,674.41,247.19
2022-02-24,Europe,Spain,Electronics,Phones,Home Office,1,241.31,113.21,128.1
2024-09-05,North America,United States,Electronics,Audio,Corporate,2,260.4,207.9,52.5
2023-10-25,Latin America,Brazil,Furniture,Tables,Consumer,1,408.3,295.72,112.58
2024-11-22,Latin America,Chile,Electronics,Accessories,Corporate,4,1587.52,653.78,933.74
2022-12-09,Europe,United Kingdom,Electronics,Accessories,Consumer,5,743.35,317.27,426.08
2023-11-20,North America,United States,Office Supplies,Paper,Consumer,1,33.07,20.02,13.05
2024-05-16,Latin America,Chile,Clothing,Outerwear,Corporate,5,878.3,699.44,178.86
2023-11-25,North America,Canada,Office Supplies,Paper,Corporate,5,2080.65,1196.57,884.08
2023-05-24,Latin America,Colombia,Office Supplies,Labels,Consumer,4,388.84,222.3,166.54
2023-11-26,North America,Mexico,Electronics,Audio,Home Office,2,58.58,42.02,16.56
2023-04-08,Asia Pacific,Australia,Electronics,Audio,Corporate,2,123.92,93.03,30.89
2023-06-19,Europe,France,Furniture,Storage,Consumer,4,1576.84,1211.93,364.91
2024-02-13,Latin America,Chile,Electronics,Accessories,Home Office,5,1696.45,1150.18,546.27
2024-11-12,Asia Pacific,South Korea,Office Supplies,Labels,Corporate,5,234.65,164.39,70.26
2022-04-22,Latin America,Colombia,Clothing,Pants,Corporate,3,1425.93,857.84,568.09
2023-04-29,Latin America,Chile,Furniture,Desks,Corporate,1,45.51,21.12,24.39
2023-03-12,North America,Canada,Office Supplies,Binders,Home Office,5,1327.75,609.29,718.46
2023-06-14,Europe,Spain,Electronics,Audio,Corporate,1,153.44,90.99,62.45
2023-02-16,Latin America,Chile,Electronics,Accessories,Corporate,4,1581.28,745.37,835.91
2024-06-03,Europe,United Kingdom,Furniture,Tables,Corporate,2,964.62,685.39,279.23
2022-08-30,Europe,France,Clothing,Shoes,Consumer,1,85.61,42.78,42.83
2022-02-25,Asia Pacific,India,Office Supplies,Paper,Corporate,2,159.02,83.0,76.02
2023-11-29,Latin America,Colombia,Electronics,Phones,Home Office,5,1972.0,1462.49,509.51
2023-11-15,Latin America,Argentina,Clothing,Shirts,Home Office,2,50.2,38.19,12.01
2023-07-05,North America,United States,Clothing,Outerwear,Home Office,2,142.5,86.39,56.11
2024-06-07,Asia Pacific,South Korea,Clothing,Shoes,Consumer,4,1610.48,918.74,691.74
2022-02-20,Latin America,Chile,Clothing,Shirts,Corporate,2,262.58,151.79,110.79
2022-04-15,Asia Pacific,South Korea,Electronics,Accessories,Corporate,3,319.56,199.38,120.18
2022-06-18,Latin America,Argentina,Clothing,Shoes,Consumer,1,454.21,343.75,110.46
2024-09-30,Asia Pacific,China,Office Supplies,Binders,Corporate,5,1120.95,503.06,617.89
2022-11-02,Asia Pacific,South Korea,Clothing,Outerwear,Consumer,3,280.41,168.91,111.5
2023-04-24,North America,Canada,Electronics,Accessories,Consumer,4,446.2,224.57,221.63
2022-12-19,North America,Mexico,Furniture,Tables,Consumer,2,584.72,370.77,213.95
2024-12-09,Europe,United Kingdom,Office Supplies,Paper,Consumer,4,1409.4,633.06,776.34
2022-10-11,North America,Canada,Office Supplies,Binders,Corporate,4,928.64,666.79,261.85
2022-05-26,Asia Pacific,Australia,Electronics,Accessories,Home Office,4,805.56,417.83,387.73
2024-05-05,Europe,Italy,Electronics,Phones,Corporate,3,574.77,380.02,194.75
2024-10-03,Latin America,Colombia,Office Supplies,Labels,Home Office,4,794.32,591.4,202.92
2024-09-11,Latin America,Brazil,Office Supplies,Pens,Consumer,5,1694.45,1306.98,387.47
2022-10-14,Latin America,Chile,Office Supplies,Binders,Consumer,1,250.6,106.46,144.14
2024-11-29,Latin America,Argentina,Clothing,Pants,Corporate,3,469.65,239.69,229.96
2022-12-08,North America,Canada,Electronics,Audio,Home Office,1,212.94,136.91,76.03
2024-08-15,Europe,Italy,Clothing,Outerwear,Consumer,1,196.15,116.04,80.11
2023-09-18,Latin America,Colombia,Furniture,Chairs,Consumer,2,804.1,349.85,454.25
2023-05-22,North America,United States,Electronics,Computers,Home Office,2,256.98,104.83,152.15
2022-06-11,North America,United States,Office Supplies,Paper,Corporate,3,399.84,244.99,154.85
2023-12-04,Latin America,Chile,Office Supplies,Pens,Home Office,3,552.54,346.89,205.65
2022-08-02,Asia Pacific,China,Office Supplies,Pens,Corporate,5,1170.75,586.76,583.99
2024-07-20,Europe,France,Electronics,Accessories,Home Office,5,539.3,323.94,215.36
2022-07-02,Europe,France,Office Supplies,Labels,Corporate,5,1108.45,832.12,276.33
2023-02-21,Asia Pacific,South Korea,Clothing,Outerwear,Consumer,4,1320.52,1015.97,304.55
2023-11-01,Latin America,Brazil,Electronics,Phones,Home Office,4,292.68,217.84,74.84
2023-09-20,Latin America,Colombia,Furniture,Tables,Corporate,5,745.7,427.02,318.68
2024-01-12,North America,Canada,Clothing,Pants,Corporate,4,1146.6,843.19,303.41
2022-04-10,North America,United States,Furniture,Desks,Consumer,5,1909.55,1282.97,626.58
2023-10-03,Europe,United Kingdom,Furniture,Desks,Consumer,1,458.4,206.13,252.27
2024-01-19,North America,Mexico,Electronics,Audio,Corporate,4,376.2,196.34,179.86
2023-07-09,Latin America,Argentina,Furniture,Chairs,Consumer,4,699.72,394.09,305.63
2023-04-28,Europe,France,Electronics,Computers,Corporate,2,737.16,407.87,329.29
2023-10-24,Europe,Italy,Electronics,Audio,Consumer,2,72.58,43.39,29.19
2023-10-04,Asia Pacific,China,Office Supplies,Pens,Consumer,2,886.46,542.24,344.22
2023-01-24,Asia Pacific,China,Clothing,Outerwear,Corporate,1,382.38,267.0,115.38
2023-03-11,Europe,Germany,Electronics,Accessories,Consumer,2,279.7,112.32,167.38
2023-02-19,North America,United States,Electronics,Accessories,Corporate,1,337.94,158.68,179.26
2023-11-04,Europe,Germany,Clothing,Shoes,Home Office,2,499.72,270.77,228.95
2023-06-11,Latin America,Colombia,Electronics,Accessories,Consumer,4,739.64,576.04,163.6
2023-11-23,Asia Pacific,Australia,Electronics,Audio,Corporate,1,98.06,54.51,43.55
2024-05-26,North America,Canada,Furniture,Tables,Home Office,2,615.08,290.13,324.95
2022-04-15,Europe,United Kingdom,Office Supplies,Paper,Home Office,1,111.77,56.09,55.68
2023-04-01,Europe,Italy,Electronics,Accessories,Consumer,4,1252.72,872.32,380.4
2023-11-08,Europe,France,Clothing,Shoes,Consumer,2,710.76,520.91,189.85
2022-05-24,Europe,Italy,Electronics,Computers,Corporate,1,347.44,154.21,193.23
2024-06-23,Asia Pacific,South Korea,Furniture,Storage,Corporate,4,1349.2,586.92,762.28
2023-08-13,Europe,United Kingdom,Electronics,Accessories,Home Office,2,983.36,406.56,576.8
2024-03-12,Asia Pacific,South Korea,Electronics,Phones,Consumer,3,1256.22,597.75,658.47
2023-05-30,Europe,Spain,Office Supplies,Binders,Corporate,2,827.24,578.65,248.59
2024-05-06,North America,Canada,Furniture,Tables,Home Office,1,319.45,186.99,132.46
2022-11-04,Europe,Spain,Clothing,Pants,Corporate,2,472.58,197.91,274.67
2024-11-04,Latin America,Chile,Clothing,Shirts,Consumer,5,2294.2,1090.53,1203.67
2024-02-02,Europe,United Kingdom,Electronics,Phones,Home Office,1,450.76,300.31,150.45
2023-03-10,Europe,France,Clothing,Shoes,Corporate,3,447.03,244.91,202.12
2024-04-26,North America,Canada,Furniture,Storage,Corporate,1,128.25,65.37,62.88
2024-05-12,Europe,Germany,Furniture,Storage,Corporate,3,983.31,775.69,207.62
2024-04-26,Asia Pacific,China,Office Supplies,Binders,Home Office,4,1480.32,789.25,691.07
2024-08-11,Asia Pacific,India,Furniture,Storage,Consumer,5,947.8,677.72,270.08
2024-10-20,Latin America,Colombia,Office Supplies,Binders,Home Office,4,681.32,384.77,296.55
2022-03-27,Europe,Germany,Clothing,Outerwear,Consumer,2,577.98,322.55,255.43
2023-07-12,Asia Pacific,Japan,Electronics,Phones,Home Office,2,200.34,151.24,49.1
2023-10-30,North America,Mexico,Office Supplies,Binders,Corporate,4,1838.92,1201.84,637.08
2023-02-10,Latin America,Argentina,Furniture,Desks,Corporate,4,128.36,54.94,73.42
2022-10-22,Latin America,Chile,Furniture,Chairs,Consumer,5,2123.3,888.59,1234.71
2022-06-08,Europe,Spain,Furniture,Tables,Home Office,5,399.7,162.46,237.24
2023-02-15,Asia Pacific,Japan,Office Supplies,Pens,Home Office,2,182.88,119.82,63.06
2022-03-09,North America,Mexico,Office Supplies,Labels,Consumer,5,687.75,401.88,285.87
2024-06-04,Asia Pacific,Japan,Electronics,Accessories,Home Office,2,666.04,441.26,224.78
2024-10-18,Latin America,Colombia,Electronics,Phones,Corporate,5,431.8,225.13,206.67
2024-06-01,Latin America,Colombia,Office Supplies,Pens,Corporate,1,343.2,214.85,128.35
2023-09-26,Europe,Italy,Clothing,Pants,Home Office,3,1360.98,553.32,807.66
2023-11-01,Asia Pacific,South Korea,Furniture,Storage,Home Office,4,363.72,214.85,148.87
2023-01-13,Latin America,Colombia,Furniture,Tables,Consumer,3,688.44,499.7,188.74
2024-09-26,Europe,France,Clothing,Pants,Corporate,1,366.55,186.28,180.27
2022-12-29,Europe,Germany,Office Supplies,Binders,Corporate,4,819.6,342.91,476.69
2022-07-25,Asia Pacific,South Korea,Clothing,Shirts,Home Office,1,490.36,366.81,123.55
2024-03-21,Europe,Italy,Clothing,Shoes,Home Office,2,286.4,143.27,143.13
2023-06-06,North America,United States,Office Supplies,Paper,Home Office,4,1258.32,666.41,591.91
2022-06-27,Europe,France,Office Supplies,Paper,Home Office,5,608.25,402.85,205.4
2022-07-27,Europe,Italy,Electronics,Phones,Corporate,5,1865.95,946.3,919.65
2024-05-11,North America,United States,Furniture,Desks,Corporate,5,2425.15,1210.35,1214.8
2022-01-05,North America,Mexico,Furniture,Tables,Consumer,1,198.92,87.19,111.73
2024-01-22,Europe,United Kingdom,Electronics,Computers,Consumer,5,293.55,135.26,158.29
2022-05-30,Europe,Germany,Clothing,Pants,Home Office,1,152.63,61.35,91.28
2022-12-30,North America,United States,Clothing,Shirts,Consumer,2,139.74,89.14,50.6
2024-05-23,Latin America,Argentina,Electronics,Phones,Consumer,5,901.85,367.29,534.56
2023-05-17,North America,Mexico,Clothing,Shoes,Home Office,3,616.32,388.35,227.97
2022-01-29,North America,Mexico,Electronics,Phones,Home Office,5,1615.2,1131.81,483.39
2022-06-12,Latin America,Colombia,Office Supplies,Pens,Consumer,3,1279.41,782.79,496.62
2023-06-11,Europe,Italy,Clothing,Shirts,Corporate,1,163.18,112.19,50.99
2023-09-16,Latin America,Brazil,Electronics,Accessories,Home Office,1,449.98,304.18,145.8
2024-07-15,North America,United States,Clothing,Pants,Home Office,2,908.0,669.66,238.34
2022-04-20,North America,Mexico,Furniture,Chairs,Home Office,2,297.38,203.81,93.57
2022-08-22,Europe,Germany,Furniture,Chairs,Corporate,1,22.25,16.56,5.69
2023-03-16,Europe,France,Electronics,Computers,Consumer,3,304.74,176.86,127.88
2022-11-25,Asia Pacific,Japan,Electronics,Computers,Consumer,2,129.46,74.4,55.06
2023-12-11,Asia Pacific,Japan,Furniture,Tables,Corporate,4,1372.08,604.55,767.53
2022-06-20,Latin America,Colombia,Electronics,Phones,Corporate,4,1597.56,1113.16,484.4
2024-04-22,Europe,Italy,Electronics,Computers,Corporate,1,173.22,104.43,68.79
2023-06-10,Europe,Spain,Clothing,Pants,Consumer,2,187.7,121.24,66.46
2023-09-05,North America,Canada,Office Supplies,Pens,Home Office,1,148.63,99.51,49.12
2024-01-10,Europe,United Kingdom,Office Supplies,Paper,Consumer,3,70.38,37.23,33.15
2023-10-17,North America,Mexico,Office Supplies,Binders,Consumer,5,763.45,589.1,174.35
2024-07-03,North America,United States,Clothing,Outerwear,Corporate,4,1235.56,518.69,716.87
2022-01-15,Europe,United Kingdom,Clothing,Shoes,Corporate,3,1251.24,670.54,580.7
2024-11-10,Europe,France,Office Supplies,Paper,Consumer,4,1809.44,1043.59,765.85
2024-07-19,Latin America,Argentina,Furniture,Tables,Home Office,1,67.72,45.77,21.95
2023-04-29,Europe,United Kingdom,Office Supplies,Paper,Consumer,2,81.94,39.11,42.83
2022-02-26,Latin America,Argentina,Clothing,Shirts,Consumer,5,1511.5,824.6,686.9
2023-01-02,Asia Pacific,China,Clothing,Outerwear,Consumer,1,340.46,223.07,117.39
2023-07-14,Latin America,Brazil,Electronics,Accessories,Consumer,4,572.16,309.34,262.82
2024-06-19,Latin America,Colombia,Furniture,Chairs,Consumer,3,1249.29,723.5,525.79
2022-02-21,Asia Pacific,Australia,Electronics,Computers,Home Office,5,345.15,146.68,198.47
2022-09-12,North America,Canada,Office Supplies,Labels,Corporate,4,950.84,538.59,412.25
2022-05-26,Asia Pacific,Japan,Office Supplies,Labels,Home Office,1,57.25,23.79,33.46
2022-11-10,North America,Canada,Clothing,Outerwear,Corporate,1,466.67,276.86,189.81
2024-08-13,North America,United States,Furniture,Tables,Home Office,1,133.28,105.83,27.45
2023-04-17,Asia Pacific,India,Furniture,Desks,Corporate,2,336.14,159.95,176.19
2022-11-01,North America,Mexico,Office Supplies,Pens,Home Office,3,800.49,498.11,302.38
2023-04-28,Asia Pacific,South Korea,Clothing,Pants,Corporate,2,627.02,470.62,156.4
2023-01-25,Europe,France,Clothing,Shirts,Consumer,3,74.13,53.84,20.29
2023-05-13,Latin America,Colombia,Furniture,Storage,Corporate,3,814.56,412.68,401.88
2024-07-20,Europe,Italy,Furniture,Storage,Home Office,4,1600.28,862.11,738.17
2023-05-07,North America,Mexico,Clothing,Shoes,Corporate,2,793.26,366.65,426.61
2023-05-25,Asia Pacific,Japan,Furniture,Storage,Consumer,4,1276.32,539.38,736.94
2022-08-02,Latin America,Colombia,Furniture,Tables,Corporate,1,67.18,45.44,21.74
2022-09-30,North America,Canada,Clothing,Pants,Corporate,3,290.28,217.56,72.72
2023-03-10,Latin America,Argentina,Clothing,Pants,Consumer,2,377.14,155.71,221.43
2023-07-20,Asia Pacific,Australia,Office Supplies,Paper,Home Office,3,328.98,246.24,82.74
2022-10-29,North America,United States,Electronics,Accessories,Corporate,3,1337.43,676.73,660.7
2023-11-12,Latin America,Chile,Furniture,Chairs,Home Office,5,1352.1,702.7,649.4
2023-09-07,Latin America,Argentina,Electronics,Audio,Consumer,2,631.56,283.7,347.86
2024-04-15,Asia Pacific,India,Furniture,Storage,Home Office,4,605.0,383.97,221.03
2024-10-23,Latin America,Argentina,Office Supplies,Labels,Home Office,2,336.74,222.49,114.25
2024-12-17,Latin America,Chile,Electronics,Audio,Consumer,1,39.97,21.04,18.93
2022-09-02,Asia Pacific,Australia,Electronics,Computers,Corporate,4,1771.56,834.35,937.21
2023-04-26,North America,Canada,Clothing,Pants,Corporate,3,1118.01,893.35,224.66
2022-02-22,North America,United States,Office Supplies,Labels,Corporate,2,747.94,459.26,288.68
2024-02-26,Europe,France,Furniture,Chairs,Home Office,1,461.25,301.09,160.16
2022-01-28,Latin America,Colombia,Clothing,Shirts,Home Office,1,195.03,145.49,49.54
2024-04-26,Europe,Spain,Office Supplies,Paper,Consumer,1,264.25,157.61,106.64
2022-03-17,Latin America,Chile,Electronics,Accessories,Consumer,3,673.53,363.71,309.82
2022-01-19,North America,United States,Furniture,Storage,Consumer,2,732.6,349.01,383.59
2024-04-30,North America,United States,Office Supplies,Paper,Consumer,4,363.52,280.4,83.12
2024-05-01,Europe,Germany,Electronics,Computers,Consumer,5,1008.2,435.52,572.68
2023-08-28,Europe,France,Electronics,Accessories,Home Office,4,1535.2,993.51,541.69
2024-07-16,Asia Pacific,Japan,Electronics,Phones,Home Office,1,150.1,76.75,73.35
2023-07-07,Europe,France,Clothing,Shirts,Home Office,4,476.76,283.83,192.93
2023-05-21,Latin America,Brazil,Office Supplies,Binders,Consumer,5,1776.35,1309.57,466.78
2023-07-14,Latin America,Chile,Clothing,Shoes,Consumer,4,1416.56,911.59,504.97
2022-12-16,Europe,United Kingdom,Office Supplies,Binders,Corporate,4,1166.56,774.63,391.93
2024-12-30,Europe,Spain,Clothing,Shoes,Consumer,4,651.28,423.52,227.76
2022-03-24,Asia Pacific,South Korea,Furniture,Storage,Home Office,5,303.25,121.84,181.41
2023-07-29,Europe,Italy,Electronics,Computers,Corporate,4,1494.48,1120.6,373.88
2024-12-22,Asia Pacific,South Korea,Clothing,Shoes,Corporate,1,428.75,243.38,185.37
2024-01-02,Asia Pacific,India,Clothing,Shirts,Corporate,3,1272.54,914.8,357.74
2022-06-28,North America,United States,Office Supplies,Pens,Corporate,2,670.02,369.77,300.25
2023-08-09,North America,Mexico,Electronics,Computers,Corporate,3,886.17,376.05,510.12
2023-12-16,Europe,France,Clothing,Outerwear,Consumer,3,261.48,133.5,127.98
2023-05-16,Latin America,Colombia,Office Supplies,Paper,Corporate,4,1845.44,1422.12,423.32
2023-10-23,Latin America,Argentina,Clothing,Outerwear,Home Office,3,1099.32,769.49,329.83
2023-11-08,North America,United States,Furniture,Storage,Home Office,5,2082.15,1182.09,900.06
2022-04-16,North America,Mexico,Clothing,Outerwear,Consumer,2,854.88,543.36,311.52
2022-12-25,Asia Pacific,South Korea,Clothing,Outerwear,Consumer,2,790.8,442.03,348.77
2023-06-06,North America,United States,Electronics,Computers,Home Office,5,881.6,366.06,515.54
2022-01-02,North America,Mexico,Office Supplies,Paper,Corporate,5,1800.5,1398.16,402.34
2023-08-03,Europe,Spain,Office Supplies,Labels,Corporate,2,840.42,518.83,321.59
2022-05-22,Europe,Italy,Clothing,Shoes,Home Office,2,347.04,224.19,122.85
2024-05-04,North America,Canada,Furniture,Desks,Home Office,2,41.34,17.52,23.82
2023-12-27,Europe,United Kingdom,Clothing,Pants,Consumer,3,1331.16,573.05,758.11
2024-12-15,Latin America,Colombia,Furniture,Desks,Consumer,5,489.9,270.89,219.01
2023-12-17,Europe,Germany,Electronics,Audio,Consumer,5,211.6,91.84,119.76
2024-02-27,North America,United States,Furniture,Tables,Consumer,5,2047.25,1057.92,989.33
2022-06-27,Asia Pacific,Japan,Clothing,Shoes,Consumer,2,683.44,445.73,237.71
2023-02-12,North America,United States,Clothing,Shirts,Home Office,2,690.48,294.65,395.83
2023-05-08,Latin America,Colombia,Clothing,Shoes,Corporate,4,931.64,690.65,240.99
2023-12-02,Latin America,Colombia,Office Supplies,Binders,Corporate,3,516.3,389.42,126.88
2023-03-03,Asia Pacific,South Korea,Electronics,Audio,Home Office,3,327.0,231.71,95.29
2022-08-16,North America,United States,Furniture,Desks,Home Office,2,582.72,319.67,263.05
2023-04-27,North America,Mexico,Furniture,Tables,Home Office,2,204.82,159.45,45.37
2022-06-18,Europe,France,Electronics,Audio,Home Office,5,821.5,573.97,247.53
2022-02-28,Latin America,Brazil,Furniture,Desks,Corporate,1,221.76,159.69,62.07
2024-05-15,North America,Canada,Clothing,Outerwear,Home Office,1,166.71,133.31,33.4
2023-09-01,Asia Pacific,South Korea,Clothing,Shoes,Consumer,1,466.95,355.72,111.23
2024-05-10,Asia Pacific,South Korea,Furniture,Storage,Home Office,2,464.1,348.77,115.33
2024-07-17,Europe,United Kingdom,Furniture,Storage,Consumer,4,1150.88,840.17,310.71
2022-12-12,Asia Pacific,Japan,Electronics,Computers,Consumer,3,775.65,374.25,401.4
2024-08-04,North America,United States,Office Supplies,Pens,Home Office,3,810.15,572.46,237.69
2022-06-23,Asia Pacific,South Korea,Office Supplies,Paper,Corporate,3,948.66,404.97,543.69
2023-07-20,Asia Pacific,India,Office Supplies,Binders,Corporate,3,1158.15,530.15,628.0
2022-01-13,North America,Canada,Electronics,Audio,Consumer,3,1313.34,1039.27,274.07
2024-12-13,Latin America,Colombia,Office Supplies,Binders,Corporate,4,1785.52,1276.62,508.9
2024-10-25,Latin America,Colombia,Office Supplies,Paper,Consumer,3,582.36,451.65,130.71
2023-04-13,Latin America,Colombia,Furniture,Storage,Consumer,2,909.44,617.57,291.87
2022-04-28,Asia Pacific,China,Clothing,Shoes,Home Office,1,416.04,248.84,167.2
2023-07-07,Latin America,Brazil,Furniture,Chairs,Corporate,1,118.56,61.56,57.0
2024-09-25,Europe,United Kingdom,Clothing,Outerwear,Corporate,4,674.28,317.58,356.7
2023-12-09,Asia Pacific,Japan,Furniture,Tables,Home Office,4,1000.16,759.77,240.39
2023-11-25,North America,Canada,Electronics,Accessories,Corporate,5,2342.05,1002.62,1339.43
2024-01-05,Latin America,Brazil,Office Supplies,Binders,Corporate,4,198.68,112.96,85.72
2023-09-10,North America,Mexico,Furniture,Desks,Home Office,2,400.24,225.31,174.93
2022-01-29,Asia Pacific,South Korea,Office Supplies,Binders,Consumer,4,268.48,204.74,63.74
2023-03-25,Europe,Italy,Office Supplies,Labels,Consumer,2,149.06,113.66,35.4
2022-06-02,Europe,France,Clothing,Shoes,Consumer,5,365.2,284.68,80.52
2024-05-29,Latin America,Chile,Clothing,Shoes,Home Office,3,802.62,504.39,298.23
2024-11-05,Latin America,Argentina,Electronics,Accessories,Consumer,1,180.28,107.78,72.5
2022-04-15,Asia Pacific,Japan,Clothing,Pants,Consumer,3,1226.13,849.35,376.78
2024-05-14,Asia Pacific,Japan,Furniture,Chairs,Consumer,2,493.02,277.15,215.87
2022-01-21,North America,Canada,Clothing,Pants,Consumer,5,271.65,198.36,73.29
2024-05-20,Europe,Spain,Electronics,Audio,Home Office,3,362.55,201.33,161.22
2024-05-10,Europe,Germany,Furniture,Chairs,Corporate,2,361.34,212.53,148.81
2023-12-24,Latin America,Colombia,Office Supplies,Labels,Home Office,3,274.32,176.44,97.88
2023-09-26,North America,United States,Office Supplies,Paper,Home Office,1,116.37,81.2,35.17
2024-08-18,Europe,United Kingdom,Furniture,Tables,Corporate,5,476.6,275.38,201.22
2024-02-20,Europe,France,Furniture,Tables,Corporate,4,198.48,123.6,74.88
2022-11-06,North America,United States,Electronics,Accessories,Home Office,5,857.3,571.37,285.93
2024-04-25,Europe,United Kingdom,Office Supplies,Pens,Home Office,1,357.98,156.64,201.34
2022-12-02,North America,Canada,Clothing,Shirts,Consumer,4,870.84,485.32,385.52
2024-03-14,Asia Pacific,India,Furniture,Chairs,Home Office,2,175.2,136.77,38.43
2023-10-31,Asia Pacific,Australia,Electronics,Computers,Consumer,4,1237.76,850.16,387.6
2023-07-24,North America,United States,Clothing,Outerwear,Consumer,3,960.42,460.21,500.21
2022-08-09,Europe,Germany,Office Supplies,Binders,Consumer,4,1907.6,1014.86,892.74
2024-07-13,North America,Mexico,Office Supplies,Paper,Home Office,2,73.42,41.2,32.22
2024-07-20,North America,Canada,Electronics,Computers,Home Office,4,686.32,352.5,333.82
2023-08-22,North America,Mexico,Office Supplies,Pens,Home Office,5,2392.7,1184.83,1207.87
2024-10-26,Europe,United Kingdom,Electronics,Audio,Consumer,3,893.04,515.0,378.04
2024-04-27,Asia Pacific,South Korea,Electronics,Computers,Corporate,1,210.02,113.58,96.44
2024-04-27,Asia Pacific,Japan,Furniture,Tables,Home Office,4,252.72,158.46,94.26
2023-11-03,Asia Pacific,South Korea,Electronics,Computers,Home Office,3,855.99,432.63,423.36
2023-08-31,Europe,France,Office Supplies,Labels,Corporate,4,1732.36,746.18,986.18
2023-05-02,Latin America,Chile,Office Supplies,Paper,Home Office,1,356.45,225.65,130.8
2022-07-05,Asia Pacific,South Korea,Office Supplies,Labels,Home Office,4,1050.52,479.73,570.79
2023-03-03,Asia Pacific,South Korea,Furniture,Desks,Consumer,1,293.79,150.98,142.81
2022-11-12,Latin America,Brazil,Clothing,Shoes,Consumer,5,1948.75,1302.82,645.93
2024-04-19,North America,Mexico,Clothing,Shirts,Corporate,2,20.7,9.44,11.26
2023-04-03,Europe,Italy,Electronics,Phones,Consumer,1,381.59,240.84,140.75
2024-05-24,Latin America,Colombia,Clothing,Pants,Corporate,2,945.38,453.53,491.85
2024-06-27,Europe,France,Office Supplies,Pens,Corporate,3,648.18,259.52,388.66
2022-07-26,North America,Canada,Clothing,Outerwear,Corporate,3,1263.33,933.1,330.23
2024-04-15,Latin America,Colombia,Electronics,Audio,Corporate,4,1644.64,790.23,854.41
2023-05-15,North America,Canada,Office Supplies,Paper,Home Office,3,427.71,243.92,183.79
2024-12-26,Latin America,Argentina,Electronics,Audio,Home Office,5,1100.45,494.99,605.46
2022-11-26,Asia Pacific,Japan,Electronics,Computers,Home Office,2,433.98,326.73,107.25
2022-09-19,Asia Pacific,Australia,Clothing,Shirts,Home Office,1,286.14,173.48,112.66
2023-09-19,North America,United States,Office Supplies,Labels,Consumer,3,924.33,542.34,381.99
2022-01-27,North America,United States,Electronics,Phones,Consumer,4,450.88,271.69,179.19
2023-10-18,Asia Pacific,India,Clothing,Pants,Home Office,3,1100.85,564.98,535.87
2024-04-03,Europe,Italy,Electronics,Audio,Consumer,2,125.16,76.65,48.51
2024-02-14,Latin America,Brazil,Furniture,Tables,Consumer,2,959.88,518.39,441.49
2022-09-15,Asia Pacific,Japan,Office Supplies,Paper,Consumer,1,483.57,306.18,177.39
2022-03-27,Europe,France,Office Supplies,Paper,Home Office,3,274.11,172.95,101.16
2022-05-10,Europe,France,Clothing,Shirts,Home Office,2,765.12,348.75,416.37
2024-07-05,Latin America,Colombia,Clothing,Shoes,Consumer,4,1669.52,1229.8,439.72
2024-12-08,Asia Pacific,China,Furniture,Storage,Consumer,2,572.9,416.64,156.26
2024-08-21,Europe,Italy,Clothing,Outerwear,Corporate,2,40.92,18.0,22.92
2023-02-07,Latin America,Argentina,Furniture,Tables,Home Office,5,2187.85,1591.83,596.02
2022-01-18,Europe,Spain,Clothing,Pants,Home Office,2,879.9,518.06,361.84
2023-12-15,Asia Pacific,South Korea,Electronics,Audio,Consumer,2,238.8,178.35,60.45
2022-06-09,Latin America,Colombia,Electronics,Audio,Corporate,4,835.76,485.52,350.24
2022-05-27,Europe,Italy,Furniture,Chairs,Consumer,1,461.72,282.7,179.02
2024-06-28,Asia Pacific,India,Office Supplies,Paper,Corporate,5,1579.4,1205.49,373.91
2023-05-03,North America,United States,Clothing,Shirts,Corporate,4,998.04,591.71,406.33
2022-12-14,Asia Pacific,South Korea,Clothing,Pants,Corporate,3,532.17,400.29,131.88
2022-05-12,Europe,Spain,Office Supplies,Labels,Corporate,3,1056.09,462.46,593.63
2023-09-26,Asia Pacific,Japan,Clothing,Outerwear,Consumer,3,681.81,354.66,327.15
2023-09-01,Europe,France,Furniture,Desks,Home Office,5,1454.95,610.22,844.73
2022-08-19,Asia Pacific,China,Electronics,Phones,Corporate,4,973.6,486.67,486.93
2023-04-21,Asia Pacific,China,Office Supplies,Labels,Corporate,3,1111.95,664.7,447.25
2022-03-17,Asia Pacific,China,Clothing,Shirts,Home Office,5,545.55,378.66,166.89
2022-05-19,Europe,France,Clothing,Outerwear,Home Office,1,96.96,57.59,39.37
2024-11-08,Latin America,Brazil,Furniture,Storage,Home Office,3,583.92,394.3,189.62
2023-02-28,Europe,Germany,Office Supplies,Binders,Consumer,3,1160.88,674.27,486.61
2023-11-26,North America,Canada,Office Supplies,Labels,Home Office,2,414.38,254.5,159.88
2022-01-16,Europe,Germany,Office Supplies,Pens,Corporate,1,194.99,129.87,65.12
2024-03-09,Europe,Italy,Clothing,Shoes,Home Office,3,737.67,508.5,229.17
2023-01-04,Europe,Spain,Electronics,Computers,Home Office,5,894.15,713.02,181.13
2024-08-19,Latin America,Argentina,Clothing,Shirts,Home Office,2,919.64,660.86,258.78
2022-11-14,Europe,Italy,Office Supplies,Paper,Home Office,2,934.5,636.09,298.41
2022-10-13,North America,Canada,Furniture,Storage,Consumer,5,664.25,460.28,203.97
2024-10-24,Asia Pacific,Australia,Office Supplies,Binders,Corporate,1,423.22,273.05,150.17
2023-10-14,Europe,United Kingdom,Office Supplies,Paper,Consumer,2,360.22,176.46,183.76
2023-02-20,Europe,Italy,Furniture,Desks,Corporate,2,339.86,177.1,162.76
2022-01-19,Asia Pacific,India,Clothing,Outerwear,Corporate,1,219.05,157.12,61.93
2024-06-13,Europe,United Kingdom,Furniture,Tables,Home Office,3,117.72,66.76,50.96
2024-04-15,Asia Pacific,India,Office Supplies,Pens,Corporate,4,797.72,537.73,259.99
2024-12-08,Europe,Germany,Electronics,Computers,Corporate,5,1126.45,685.18,441.27
2023-08-16,Latin America,Colombia,Furniture,Desks,Consumer,1,204.35,101.69,102.66
2023-08-25,Latin America,Brazil,Electronics,Accessories,Consumer,4,1936.2,892.39,1043.81
2022-01-30,Europe,Germany,Clothing,Outerwear,Home Office,1,262.63,190.14,72.49
2024-10-20,Asia Pacific,South Korea,Electronics,Phones,Corporate,2,269.04,177.78,91.26
2023-04-01,North America,United States,Electronics,Phones,Home Office,1,200.21,98.89,101.32
2024-02-08,Latin America,Argentina,Furniture,Storage,Corporate,3,479.85,247.62,232.23
2022-01-06,Asia Pacific,India,Clothing,Pants,Consumer,5,912.4,643.72,268.68
2022-08-02,North America,Mexico,Office Supplies,Labels,Consumer,1,197.5,156.61,40.89
2024-04-29,North America,Mexico,Electronics,Computers,Corporate,1,155.14,98.74,56.4
2022-08-01,Latin America,Chile,Office Supplies,Pens,Home Office,5,309.6,225.74,83.86
2024-02-17,Europe,France,Office Supplies,Paper,Consumer,4,802.16,478.6,323.56
2023-08-13,Asia Pacific,India,Furniture,Tables,Consumer,4,724.32,543.2,181.12
2023-07-15,Europe,Germany,Furniture,Storage,Corporate,3,1275.3,517.25,758.05
2022-06-06,North America,Mexico,Electronics,Accessories,Consumer,5,1313.75,538.1,775.65
2023-05-15,North America,Canada,Electronics,Accessories,Corporate,4,224.8,138.56,86.24
2023-04-25,Europe,Germany,Electronics,Accessories,Consumer,3,698.97,492.17,206.8
2024-01-01,Asia Pacific,China,Furniture,Tables,Corporate,5,485.55,195.34,290.21
2023-01-04,North America,Canada,Furniture,Chairs,Home Office,5,2155.85,1448.79,707.06
2022-10-12,North America,Canada,Clothing,Shirts,Consumer,2,428.72,245.25,183.47
2023-11-16,North America,Canada,Electronics,Accessories,Home Office,2,987.12,448.5,538.62
2022-05-10,Europe,Italy,Office Supplies,Pens,Consumer,2,821.96,554.99,266.97
2022-12-12,Asia Pacific,China,Furniture,Desks,Corporate,5,1023.7,471.7,552.0
2023-05-06,Europe,Italy,Office Supplies,Binders,Consumer,2,492.2,274.25,217.95
2023-06-11,Europe,Italy,Office Supplies,Pens,Home Office,5,1905.9,1324.51,581.39
2022-02-09,Europe,Germany,Electronics,Accessories,Home Office,3,1237.05,637.07,599.98
2024-04-22,Europe,Germany,Electronics,Audio,Consumer,3,1462.65,1026.17,436.48
2023-07-12,Latin America,Brazil,Office Supplies,Paper,Corporate,1,282.98,216.34,66.64
2024-08-13,Latin America,Argentina,Electronics,Phones,Home Office,1,246.82,127.25,119.57
2024-08-21,Europe,Italy,Electronics,Phones,Corporate,1,247.37,123.83,123.54
2022-01-21,North America,United States,Office Supplies,Binders,Corporate,5,1715.0,1031.83,683.17
2023-07-22,Latin America,Chile,Clothing,Pants,Corporate,3,1177.68,753.19,424.49
2024-04-09,Latin America,Brazil,Clothing,Pants,Consumer,4,781.76,330.86,450.9
2023-08-22,Latin America,Chile,Electronics,Computers,Consumer,5,308.8,123.71,185.09
2024-06-12,Europe,Italy,Furniture,Storage,Consumer,5,1712.05,1085.87,626.18
2023-08-01,North America,Canada,Furniture,Tables,Corporate,1,207.06,94.15,112.91
2023-11-04,Latin America,Colombia,Office Supplies,Pens,Home Office,4,860.72,444.02,416.7
2022-04-16,Europe,United Kingdom,Clothing,Pants,Corporate,4,1065.56,622.26,443.3
2022-11-03,Asia Pacific,South Korea,Electronics,Computers,Corporate,2,497.74,375.58,122.16
2022-11-17,Europe,Italy,Furniture,Chairs,Consumer,5,1919.05,1042.35,876.7
2024-01-21,Europe,Spain,Electronics,Audio,Consumer,2,608.08,379.16,228.92
2024-08-16,Europe,France,Electronics,Phones,Consumer,3,940.53,602.85,337.68
2023-09-16,Latin America,Chile,Office Supplies,Labels,Consumer,4,1718.16,712.65,1005.51
2022-03-23,Latin America,Colombia,Electronics,Audio,Corporate,4,1954.24,1044.65,909.59
2024-09-08,Latin America,Argentina,Clothing,Shirts,Consumer,2,777.84,389.17,388.67
2023-12-04,Latin America,Argentina,Clothing,Shirts,Consumer,5,2169.85,885.45,1284.4
2022-08-13,Latin America,Chile,Clothing,Outerwear,Consumer,1,242.16,165.97,76.19
2022-11-27,North America,Mexico,Clothing,Shoes,Consumer,4,1907.64,1202.71,704.93
2022-07-26,Latin America,Chile,Clothing,Pants,Consumer,4,524.6,369.99,154.61
2022-09-01,North America,Canada,Office Supplies,Labels,Home Office,4,920.52,704.35,216.17
2022-10-25,Latin America,Chile,Clothing,Pants,Home Office,1,281.08,128.57,152.51
2022-08-29,Europe,Spain,Office Supplies,Pens,Corporate,5,2390.45,1513.15,877.3
2024-04-08,North America,Mexico,Office Supplies,Paper,Home Office,3,1025.76,640.18,385.58
2023-11-17,Asia Pacific,Japan,Clothing,Pants,Consumer,3,345.33,262.34,82.99
2023-02-21,North America,Mexico,Office Supplies,Binders,Home Office,4,1943.04,794.16,1148.88
2022-09-10,Latin America,Chile,Office Supplies,Paper,Corporate,3,33.33,14.12,19.21
2023-07-11,North America,Canada,Office Supplies,Labels,Consumer,2,253.68,188.89,64.79
2022-09-09,North America,Mexico,Clothing,Outerwear,Consumer,4,1546.72,994.4,552.32
2022-11-22,Latin America,Argentina,Furniture,Storage,Home Office,3,256.2,197.16,59.04
2023-07-02,Asia Pacific,South Korea,Clothing,Pants,Corporate,1,400.51,263.07,137.44
2024-09-10,Europe,Spain,Clothing,Outerwear,Corporate,4,1476.2,806.73,669.47
2024-08-03,Europe,Spain,Electronics,Phones,Home Office,3,305.64,194.02,111.62
2022-10-20,Asia Pacific,South Korea,Electronics,Accessories,Home Office,4,940.8,586.4,354.4
2023-02-04,Latin America,Brazil,Electronics,Accessories,Corporate,2,706.62,355.34,351.28
2022-11-20,Asia Pacific,India,Electronics,Phones,Corporate,1,108.48,47.71,60.77
2024-03-23,Latin America,Colombia,Office Supplies,Pens,Corporate,1,224.53,178.78,45.75
2024-07-06,Latin America,Brazil,Clothing,Shoes,Consumer,3,43.62,32.69,10.93
2023-08-29,Europe,Spain,Furniture,Chairs,Home Office,3,339.66,210.28,129.38
2022-07-26,Latin America,Colombia,Clothing,Shoes,Consumer,2,851.22,489.76,361.46
2022-10-22,Asia Pacific,Australia,Furniture,Chairs,Corporate,2,583.06,307.52,275.54
2023-09-25,Latin America,Chile,Clothing,Pants,Corporate,4,146.2,75.02,71.18
2024-08-15,Europe,United Kingdom,Furniture,Desks,Home Office,1,201.48,153.77,47.71
2023-10-18,Asia Pacific,China,Furniture,Desks,Consumer,2,272.22,185.28,86.94
2024-08-23,Europe,United Kingdom,Furniture,Tables,Home Office,1,409.61,280.54,129.07
2024-02-26,Latin America,Colombia,Clothing,Outerwear,Corporate,1,168.92,117.29,51.63
2023-01-02,Asia Pacific,Japan,Electronics,Accessories,Home Office,3,355.23,173.87,181.36
2022-12-08,Latin America,Brazil,Clothing,Shirts,Corporate,5,2229.2,1105.47,1123.73
2024-11-29,North America,Canada,Clothing,Pants,Consumer,1,119.55,84.92,34.63
2024-06-27,Latin America,Chile,Office Supplies,Binders,Corporate,2,420.58,221.28,199.3
2022-03-03,Latin America,Brazil,Office Supplies,Binders,Corporate,1,188.44,147.51,40.93
2024-02-04,North America,Mexico,Clothing,Shoes,Corporate,3,166.14,117.79,48.35
2023-12-05,Latin America,Argentina,Office Supplies,Labels,Home Office,2,876.78,437.17,439.61
2024-06-01,North America,United States,Clothing,Pants,Corporate,3,122.49,53.28,69.21
2024-07-03,Asia Pacific,China,Furniture,Desks,Home Office,3,894.3,435.66,458.64
2022-12-20,Latin America,Argentina,Office Supplies,Binders,Corporate,5,1633.6,1090.62,542.98
2024-10-05,Latin America,Argentina,Electronics,Computers,Corporate,4,1536.04,858.16,677.88
2024-02-11,North America,Canada,Furniture,Desks,Corporate,2,168.14,76.75,91.39
2023-06-20,Latin America,Brazil,Electronics,Phones,Consumer,3,806.19,357.35,448.84
2024-06-25,North America,Mexico,Office Supplies,Paper,Home Office,5,2205.3,1462.82,742.48
2023-05-20,Latin America,Chile,Electronics,Computers,Corporate,5,319.4,224.1,95.3
2023-05-27,North America,Mexico,Electronics,Phones,Corporate,5,1377.5,877.62,499.88
2022-01-25,Asia Pacific,South Korea,Electronics,Phones,Corporate,1,104.37,53.55,50.82
2022-02-21,Asia Pacific,China,Electronics,Phones,Corporate,4,1962.6,1342.58,620.02
2023-11-30,Latin America,Brazil,Furniture,Chairs,Consumer,1,57.63,39.23,18.4
2023-09-14,Latin America,Brazil,Furniture,Chairs,Consumer,3,1361.4,1068.86,292.54
2024-05-14,Asia Pacific,Japan,Electronics,Computers,Home Office,3,861.99,642.68,219.31
2024-03-23,Europe,United Kingdom,Clothing,Outerwear,Home Office,5,2067.8,1475.1,592.7
2023-06-24,Asia Pacific,South Korea,Electronics,Computers,Corporate,1,432.37,198.65,233.72
2023-05-17,Europe,United Kingdom,Office Supplies,Labels,Corporate,4,1938.48,1049.84,888.64
2022-09-03,Latin America,Colombia,Office Supplies,Labels,Home Office,1,113.43,58.32,55.11
2023-12-09,North America,Canada,Furniture,Desks,Corporate,1,204.99,110.83,94.16
2024-12-18,Latin America,Argentina,Office Supplies,Pens,Consumer,2,850.08,347.84,502.24
2022-10-30,Asia Pacific,South Korea,Clothing,Shoes,Corporate,1,459.26,259.61,199.65
2023-03-22,Asia Pacific,Australia,Clothing,Outerwear,Corporate,5,1022.3,615.01,407.29
2022-01-28,Asia Pacific,South Korea,Furniture,Tables,Corporate,1,263.86,144.49,119.37
2023-07-26,Europe,Spain,Office Supplies,Paper,Home Office,2,34.88,22.49,12.39
2024-02-03,Latin America,Argentina,Furniture,Storage,Home Office,5,1066.25,487.09,579.16
2024-07-27,Latin America,Argentina,Furniture,Tables,Corporate,5,628.1,453.79,174.31
2024-08-20,Asia Pacific,Japan,Office Supplies,Paper,Home Office,2,620.76,399.11,221.65
2023-12-07,Asia Pacific,India,Electronics,Computers,Consumer,5,93.5,69.6,23.9
2024-10-15,North America,Mexico,Electronics,Accessories,Consumer,5,775.7,579.46,196.24
2022-02-06,Europe,Spain,Office Supplies,Binders,Corporate,2,781.4,521.02,260.38
2023-07-23,North America,Mexico,Office Supplies,Pens,Home Office,1,25.02,12.18,12.84
2023-05-04,North America,Mexico,Clothing,Shoes,Corporate,5,1611.0,1216.91,394.09
2024-05-14,Latin America,Chile,Clothing,Shoes,Home Office,2,756.14,517.93,238.21
2022-07-19,North America,Mexico,Electronics,Audio,Consumer,5,614.65,307.4,307.25
2024-08-17,Europe,Spain,Electronics,Phones,Home Office,5,1145.05,783.93,361.12
2023-12-10,Europe,Germany,Office Supplies,Pens,Consumer,3,341.25,167.35,173.9
2022-09-23,Europe,France,Furniture,Storage,Corporate,4,924.0,436.67,487.33
2024-07-23,Asia Pacific,Australia,Clothing,Outerwear,Consumer,2,995.22,660.18,335.04
2024-12-03,Asia Pacific,Japan,Electronics,Phones,Corporate,5,807.1,644.16,162.94
2023-04-11,Latin America,Argentina,Furniture,Desks,Home Office,5,1248.5,914.99,333.51
2023-09-02,Europe,United Kingdom,Office Supplies,Labels,Corporate,5,1941.05,967.87,973.18
2024-10-27,Asia Pacific,India,Clothing,Shirts,Corporate,5,1768.85,1218.57,550.28
2023-05-16,Europe,Italy,Office Supplies,Pens,Consumer,1,83.6,65.99,17.61
2023-10-12,Asia Pacific,India,Electronics,Accessories,Home Office,4,1200.44,619.34,581.1
2024-06-30,Latin America,Brazil,Clothing,Pants,Home Office,4,1502.72,648.23,854.49
2023-04-06,Asia Pacific,South Korea,Office Supplies,Binders,Home Office,2,710.18,302.44,407.74
2023-11-18,Latin America,Argentina,Furniture,Storage,Home Office,1,52.82,27.06,25.76
2023-03-14,Latin America,Colombia,Clothing,Pants,Corporate,2,515.08,367.14,147.94
2024-02-16,Asia Pacific,Australia,Clothing,Shoes,Home Office,1,356.92,221.86,135.06
2022-11-11,Europe,United Kingdom,Electronics,Phones,Consumer,1,57.73,28.99,28.74
2024-10-30,Latin America,Colombia,Electronics,Accessories,Consumer,3,156.15,92.97,63.18
2023-11-28,North America,Canada,Electronics,Accessories,Corporate,1,319.91,228.35,91.56
2022-01-29,North America,United States,Office Supplies,Binders,Home Office,4,1804.4,918.73,885.67
2022-12-24,Latin America,Chile,Clothing,Shoes,Corporate,2,626.78,455.32,171.46
2023-02-11,North America,Canada,Electronics,Accessories,Consumer,5,1188.65,828.7,359.95
2022-05-11,Europe,Germany,Office Supplies,Pens,Consumer,3,371.07,212.55,158.52
2024-02-04,Latin America,Colombia,Clothing,Shoes,Consumer,3,1357.71,970.5,387.21
2022-09-24,Latin America,Chile,Clothing,Outerwear,Consumer,2,672.3,271.36,400.94
2024-06-15,North America,Canada,Electronics,Accessories,Corporate,1,318.48,214.75,103.73
2023-01-09,North America,Canada,Electronics,Phones,Corporate,3,1494.78,832.91,661.87
2024-04-24,Latin America,Chile,Clothing,Pants,Home Office,1,235.14,164.66,70.48
2022-12-15,Asia Pacific,Japan,Office Supplies,Labels,Corporate,5,1658.25,825.8,832.45
2022-04-14,Europe,Germany,Office Supplies,Pens,Corporate,5,960.7,439.77,520.93
2024-01-13,Asia Pacific,South Korea,Clothing,Shoes,Corporate,2,333.78,134.92,198.86
2022-07-11,North America,Mexico,Clothing,Pants,Home Office,2,659.4,342.24,317.16
2024-08-02,Latin America,Chile,Clothing,Shirts,Consumer,4,212.8,136.99,75.81
2023-02-24,Latin America,Argentina,Electronics,Accessories,Consumer,4,694.16,471.48,222.68
2023-06-08,Europe,Italy,Electronics,Audio,Consumer,5,2100.25,1170.47,929.78
2024-04-01,Europe,United Kingdom,Electronics,Accessories,Consumer,4,324.4,249.86,74.54
2022-04-21,Asia Pacific,China,Clothing,Outerwear,Consumer,4,1040.4,778.27,262.13
2022-04-24,Asia Pacific,South Korea,Electronics,Phones,Consumer,3,1154.76,873.92,280.84
2023-02-05,Latin America,Argentina,Clothing,Outerwear,Consumer,4,1846.96,1393.97,452.99
2023-10-12,Latin America,Colombia,Clothing,Shoes,Home Office,1,173.97,90.34,83.63
2022-03-17,Latin America,Brazil,Furniture,Desks,Home Office,5,2329.6,1235.3,1094.3
2023-01-10,Latin America,Brazil,Electronics,Computers,Home Office,2,232.56,157.71,74.85
2022-08-03,Europe,Germany,Clothing,Pants,Corporate,3,648.42,299.99,348.43
2023-05-27,Latin America,Chile,Electronics,Audio,Corporate,4,203.84,92.58,111.26
2022-05-19,Asia Pacific,Japan,Office Supplies,Paper,Home Office,5,915.3,517.58,397.72
2022-06-24,Latin America,Colombia,Office Supplies,Binders,Home Office,5,433.45,211.54,221.91
2024-01-25,Asia Pacific,Japan,Office Supplies,Labels,Home Office,1,436.12,331.15,104.97
2023-02-04,North America,Mexico,Furniture,Tables,Home Office,2,616.18,301.39,314.79
2023-04-28,Asia Pacific,Japan,Clothing,Shoes,Consumer,3,1097.52,524.13,573.39
2024-04-19,Asia Pacific,India,Furniture,Desks,Home Office,3,1280.22,767.54,512.68
2024-04-24,Asia Pacific,Australia,Office Supplies,Paper,Corporate,2,898.92,447.8,451.12
2022-01-21,North America,Mexico,Office Supplies,Paper,Home Office,5,170.35,104.92,65.43
2023-10-10,Latin America,Chile,Office Supplies,Paper,Home Office,3,828.12,546.73,281.39
2023-10-18,North America,United States,Electronics,Accessories,Corporate,5,1254.95,986.99,267.96
2023-06-04,Latin America,Colombia,Electronics,Computers,Corporate,5,2037.75,1410.02,627.73
2024-05-24,Latin America,Argentina,Clothing,Outerwear,Corporate,3,386.1,188.3,197.8
2023-09-08,Latin America,Colombia,Office Supplies,Labels,Consumer,2,953.62,601.6,352.02
2022-10-30,Europe,Spain,Furniture,Chairs,Home Office,1,179.01,84.59,94.42
2024-09-20,Asia Pacific,Japan,Clothing,Pants,Corporate,3,103.92,81.62,22.3
2022-08-25,Asia Pacific,China,Office Supplies,Paper,Corporate,4,295.92,167.69,128.23
2024-09-06,Latin America,Argentina,Electronics,Audio,Corporate,5,1242.7,614.51,628.19
2024-04-19,Latin America,Brazil,Office Supplies,Paper,Home Office,5,278.2,194.89,83.31
2024-09-19,Europe,Spain,Clothing,Outerwear,Consumer,5,1131.0,691.59,439.41
2023-12-18,Latin America,Chile,Office Supplies,Binders,Corporate,1,129.92,93.53,36.39
2023-06-03,Asia Pacific,Australia,Clothing,Shirts,Corporate,2,847.36,447.45,399.91
2023-11-26,Latin America,Chile,Clothing,Shoes,Corporate,3,378.39,248.26,130.13
2022-06-12,Europe,Germany,Office Supplies,Labels,Corporate,3,593.73,431.01,162.72
2022-06-16,Latin America,Chile,Office Supplies,Labels,Home Office,5,2128.45,1039.49,1088.96
2023-01-19,North America,Mexico,Electronics,Phones,Corporate,5,80.1,41.22,38.88
2022-08-21,Latin America,Argentina,Clothing,Outerwear,Home Office,3,448.05,237.02,211.03
2022-05-18,Europe,France,Office Supplies,Pens,Corporate,4,286.36,189.88,96.48
2024-08-19,North America,United States,Furniture,Tables,Consumer,1,389.64,274.77,114.87
2023-11-20,Europe,Germany,Office Supplies,Pens,Home Office,3,930.42,547.94,382.48
2022-02-11,Latin America,Argentina,Furniture,Chairs,Home Office,4,1835.8,1120.09,715.71
2024-09-28,Asia Pacific,India,Furniture,Desks,Consumer,4,1709.8,974.53,735.27
2022-04-08,Latin America,Colombia,Furniture,Tables,Corporate,4,847.36,531.88,315.48
2024-10-18,Asia Pacific,Australia,Electronics,Phones,Home Office,3,437.85,238.86,198.99
2022-04-05,Latin America,Argentina,Clothing,Pants,Home Office,1,346.27,140.89,205.38
2024-06-23,Europe,Germany,Furniture,Desks,Corporate,2,459.66,212.98,246.68
2023-08-17,Latin America,Argentina,Electronics,Audio,Home Office,3,1015.95,706.22,309.73
2024-05-21,Latin America,Brazil,Electronics,Accessories,Corporate,3,328.86,204.04,124.82
2024-06-24,Europe,France,Office Supplies,Paper,Home Office,5,1977.0,1460.96,516.04
2024-07-31,North America,Mexico,Office Supplies,Paper,Corporate,3,1076.4,759.86,316.54
2022-01-05,Asia Pacific,Japan,Clothing,Outerwear,Home Office,4,318.2,193.67,124.53
2024-01-30,North America,Canada,Electronics,Audio,Consumer,2,855.02,481.8,373.22
2024-04-30,Latin America,Argentina,Electronics,Computers,Home Office,1,165.61,102.51,63.1
2024-07-10,North America,United States,Clothing,Outerwear,Consumer,4,1155.56,838.58,316.98
2022-11-15,North America,Canada,Furniture,Storage,Consumer,2,483.68,286.23,197.45
2022-01-06,Latin America,Argentina,Electronics,Audio,Home Office,2,52.68,32.86,19.82
2024-10-24,Europe,Spain,Electronics,Accessories,Corporate,2,214.98,119.93,95.05
2023-11-20,Latin America,Brazil,Clothing,Shoes,Corporate,3,1493.64,806.5,687.14
2023-12-30,Latin America,Argentina,Office Supplies,Binders,Consumer,1,166.04,115.9,50.14
2024-06-24,Latin America,Argentina,Office Supplies,Paper,Corporate,1,97.63,65.94,31.69
2024-12-27,North America,United States,Office Supplies,Binders,Home Office,4,336.44,180.68,155.76
2024-10-28,Asia Pacific,Australia,Clothing,Pants,Consumer,5,102.15,52.63,49.52
2022-08-22,North America,Canada,Electronics,Audio,Consumer,4,1480.88,1146.98,333.9
2023-09-13,Europe,United Kingdom,Clothing,Shoes,Consumer,5,1694.25,967.84,726.41
2022-08-23,North America,Canada,Office Supplies,Labels,Corporate,1,123.17,63.29,59.88
2023-07-19,Latin America,Chile,Electronics,Phones,Consumer,3,523.5,272.4,251.1
2022-10-10,Europe,Spain,Electronics,Accessories,Home Office,5,1720.35,1325.94,394.41
2024-02-27,Asia Pacific,South Korea,Office Supplies,Pens,Corporate,4,1312.28,912.88,399.4
2024-11-02,North America,Mexico,Furniture,Desks,Consumer,5,582.95,301.47,281.48
2022-10-14,Europe,France,Office Supplies,Binders,Home Office,1,247.41,150.82,96.59
2023-03-29,Europe,France,Electronics,Audio,Home Office,2,275.42,181.44,93.98
2024-04-13,Latin America,Argentina,Electronics,Phones,Home Office,1,137.33,66.56,70.77
2022-02-07,Asia Pacific,South Korea,Clothing,Shoes,Home Office,2,845.32,373.46,471.86
2022-01-21,Latin America,Brazil,Clothing,Shirts,Home Office,5,1279.8,741.17,538.63
2022-05-31,Latin America,Brazil,Electronics,Accessories,Corporate,5,2282.0,1006.5,1275.5
2022-02-06,Europe,Italy,Office Supplies,Labels,Home Office,1,342.89,212.53,130.36
2024-01-18,North America,United States,Clothing,Outerwear,Corporate,3,1393.41,771.98,621.43
2022-11-11,Asia Pacific,India,Furniture,Chairs,Consumer,3,351.99,156.0,195.99
2024-06-22,Latin America,Colombia,Clothing,Pants,Consumer,5,918.9,550.67,368.23
2023-09-25,Latin America,Chile,Office Supplies,Paper,Home Office,1,319.13,210.31,108.82
2024-07-13,North America,Canada,Furniture,Tables,Consumer,3,1167.78,511.04,656.74
2024-05-18,North America,Canada,Furniture,Desks,Consumer,3,1256.4,889.53,366.87
2024-07-06,North America,Canada,Office Supplies,Paper,Corporate,3,1156.11,633.54,522.57
2024-05-30,Asia Pacific,Australia,Office Supplies,Pens,Home Office,4,1487.52,765.07,722.45
2024-01-26,Asia Pacific,China,Electronics,Computers,Home Office,4,1133.12,568.5,564.62
2024-11-02,Latin America,Colombia,Furniture,Chairs,Home Office,2,814.38,588.95,225.43
2024-06-28,Europe,Italy,Clothing,Outerwear,Home Office,2,326.2,153.13,173.07
2024-08-31,Latin America,Brazil,Clothing,Outerwear,Home Office,1,162.39,81.94,80.45
2023-07-08,North America,United States,Clothing,Shirts,Consumer,3,311.19,143.76,167.43
2023-12-25,Asia Pacific,India,Electronics,Computers,Consumer,4,1450.96,1062.75,388.21
2023-03-02,Asia Pacific,China,Office Supplies,Binders,Consumer,1,292.06,157.9,134.16
2022-09-29,Asia Pacific,Japan,Clothing,Outerwear,Consumer,3,620.88,382.75,238.13
2022-05-07,Asia Pacific,South Korea,Furniture,Chairs,Corporate,2,481.4,221.69,259.71
2023-01-21,Europe,France,Electronics,Computers,Home Office,5,569.15,348.21,220.94
2022-08-04,Europe,Germany,Clothing,Shoes,Consumer,4,525.0,242.48,282.52
2024-04-18,Europe,Spain,Clothing,Shoes,Corporate,3,668.58,431.74,236.84
2024-11-03,North America,Mexico,Office Supplies,Labels,Home Office,4,1294.72,754.98,539.74
2023-08-26,Europe,Italy,Office Supplies,Binders,Home Office,5,525.0,225.31,299.69
2024-05-04,Latin America,Chile,Clothing,Pants,Home Office,4,841.4,424.28,417.12
2022-01-10,Asia Pacific,Japan,Clothing,Shoes,Corporate,5,562.65,267.08,295.57
2023-01-27,North America,Canada,Electronics,Computers,Consumer,4,922.36,374.41,547.95
2023-05-14,Asia Pacific,China,Furniture,Tables,Consumer,2,119.78,63.19,56.59
2022-07-16,North America,United States,Clothing,Shoes,Corporate,5,2053.6,950.83,1102.77
2024-05-17,Europe,Italy,Electronics,Phones,Home Office,2,510.72,375.18,135.54
2024-01-19,Europe,United Kingdom,Electronics,Audio,Corporate,2,572.1,353.37,218.73
2022-07-13,Asia Pacific,India,Furniture,Storage,Consumer,3,882.3,382.73,499.57
2024-02-13,Latin America,Brazil,Clothing,Pants,Consumer,4,732.32,377.79,354.53
2022-03-19,Europe,Spain,Furniture,Tables,Corporate,4,1122.32,720.59,401.73
2022-10-24,Asia Pacific,China,Furniture,Desks,Home Office,1,471.95,335.34,136.61
2023-11-22,North America,Canada,Furniture,Chairs,Consumer,5,758.25,326.77,431.48
2024-09-10,Latin America,Brazil,Clothing,Pants,Home Office,5,2216.45,943.58,1272.87
2024-09-05,Asia Pacific,Japan,Clothing,Shoes,Corporate,3,102.93,63.13,39.8
2024-05-07,North America,Canada,Furniture,Chairs,Corporate,1,226.84,111.25,115.59
2023-02-06,North America,Mexico,Clothing,Shirts,Corporate,2,587.0,280.59,306.41
2022-01-21,Europe,United Kingdom,Electronics,Audio,Home Office,4,387.08,278.09,108.99
2024-09-14,North America,Mexico,Furniture,Storage,Corporate,3,785.1,416.53,368.57
2024-07-08,Europe,United Kingdom,Furniture,Tables,Corporate,2,542.3,409.93,132.37
2022-12-23,Europe,Italy,Furniture,Tables,Consumer,5,1161.1,779.8,381.3
2023-11-03,Asia Pacific,China,Electronics,Audio,Home Office,2,559.66,436.7,122.96
2023-08-29,Latin America,Chile,Office Supplies,Pens,Home Office,1,257.87,144.59,113.28
2023-09-30,Asia Pacific,South Korea,Office Supplies,Labels,Home Office,1,38.14,27.67,10.47
2022-12-22,Asia Pacific,India,Furniture,Desks,Corporate,5,2097.8,1042.34,1055.46
2023-12-19,Asia Pacific,Australia,Electronics,Audio,Corporate,5,647.8,386.82,260.98
2022-03-21,North America,Mexico,Clothing,Shoes,Consumer,5,1473.6,1020.76,452.84
2022-08-25,Latin America,Argentina,Electronics,Phones,Consumer,3,1487.31,1015.31,472.0
2022-01-05,Asia Pacific,Japan,Furniture,Tables,Consumer,3,1019.79,644.79,375.0
2023-06-26,North America,United States,Electronics,Phones,Corporate,4,100.76,76.04,24.72
2023-02-14,Europe,France,Furniture,Chairs,Corporate,2,986.5,714.01,272.49
2024-02-24,North America,Mexico,Furniture,Chairs,Corporate,3,221.76,122.97,98.79
2023-04-10,Europe,United Kingdom,Clothing,Shirts,Corporate,1,453.03,353.99,99.04
2023-01-25,North America,United States,Electronics,Accessories,Consumer,4,277.32,199.0,78.32
2023-08-28,Asia Pacific,India,Office Supplies,Paper,Corporate,1,305.82,200.23,105.59
2024-01-12,North America,Mexico,Electronics,Phones,Consumer,3,637.2,367.28,269.92
2023-04-22,Asia Pacific,Japan,Clothing,Pants,Corporate,5,954.25,561.8,392.45
2024-06-04,Europe,France,Furniture,Storage,Consumer,2,659.12,271.06,388.06
2023-01-16,Latin America,Colombia,Electronics,Phones,Corporate,4,680.0,387.17,292.83
2022-12-12,Asia Pacific,South Korea,Furniture,Tables,Corporate,4,903.0,465.06,437.94
2023-09-09,North America,Canada,Clothing,Shirts,Corporate,3,311.73,140.72,171.01
2024-10-12,Latin America,Chile,Furniture,Desks,Consumer,3,804.57,625.59,178.98
2024-12-06,North America,Canada,Furniture,Chairs,Corporate,1,165.45,129.52,35.93
2022-07-11,North America,Canada,Furniture,Storage,Consumer,2,306.9,221.7,85.2
2023-10-01,Asia Pacific,Australia,Clothing,Shoes,Consumer,1,458.5,354.92,103.58
2024-06-27,North America,Mexico,Clothing,Outerwear,Consumer,5,2233.8,894.01,1339.79
2024-04-19,Latin America,Chile,Office Supplies,Binders,Home Office,1,275.95,162.88,113.07
2022-01-11,Europe,France,Electronics,Phones,Home Office,1,467.24,262.27,204.97
2022-07-02,Latin America,Brazil,Clothing,Shirts,Consumer,1,65.54,43.84,21.7
2024-07-14,Europe,Italy,Furniture,Chairs,Home Office,5,1597.1,1054.07,543.03
2024-07-20,Europe,United Kingdom,Furniture,Storage,Corporate,5,982.65,768.44,214.21
2024-05-14,Asia Pacific,China,Electronics,Phones,Home Office,1,336.19,249.06,87.13
2023-10-12,Asia Pacific,Japan,Clothing,Shirts,Home Office,4,1123.8,880.73,243.07
2023-08-19,North America,United States,Clothing,Outerwear,Consumer,3,1150.59,539.64,610.95
2022-05-23,North America,Canada,Clothing,Outerwear,Corporate,4,1887.56,864.12,1023.44
2024-12-17,Europe,Germany,Furniture,Chairs,Home Office,4,1793.32,1350.23,443.09
2022-09-16,North America,United States,Clothing,Outerwear,Corporate,1,119.91,86.66,33.25
2023-12-14,North America,Mexico,Office Supplies,Pens,Consumer,3,1381.44,786.08,595.36
2023-10-15,Europe,United Kingdom,Clothing,Outerwear,Corporate,3,507.39,357.46,149.93
2023-04-24,North America,Canada,Office Supplies,Binders,Consumer,4,106.12,56.18,49.94
2023-08-13,North America,United States,Furniture,Desks,Home Office,1,466.36,306.28,160.08
2023-08-19,Latin America,Argentina,Electronics,Phones,Corporate,5,1516.6,1021.55,495.05
2024-09-17,Latin America,Chile,Clothing,Shoes,Consumer,1,283.14,200.01,83.13
2023-04-11,North America,Canada,Electronics,Audio,Home Office,3,968.94,576.89,392.05
2024-10-17,Europe,Germany,Office Supplies,Pens,Corporate,5,1198.55,686.54,512.01
2024-09-05,North America,United States,Clothing,Outerwear,Consumer,3,1259.91,542.52,717.39
2024-09-17,Asia Pacific,China,Office Supplies,Paper,Home Office,2,484.3,209.72,274.58
2022-08-25,Asia Pacific,South Korea,Clothing,Shoes,Corporate,1,371.5,201.87,169.63
2022-02-13,Asia Pacific,Australia,Electronics,Audio,Corporate,5,425.25,181.57,243.68
2023-07-01,Latin America,Argentina,Clothing,Shoes,Home Office,1,204.4,98.56,105.84
2022-12-19,Asia Pacific,China,Clothing,Shirts,Consumer,5,898.5,456.23,442.27
2024-02-20,Europe,Spain,Electronics,Phones,Corporate,5,2007.7,874.58,1133.12
2022-09-09,Europe,United Kingdom,Clothing,Outerwear,Home Office,2,880.64,404.57,476.07
2022-11-25,Europe,Germany,Electronics,Computers,Corporate,4,992.64,451.45,541.19
2022-01-05,Europe,Italy,Office Supplies,Labels,Consumer,4,382.72,223.58,159.14
2022-08-26,Asia Pacific,China,Furniture,Storage,Consumer,4,1319.32,788.72,530.6
2022-10-22,Europe,France,Clothing,Pants,Home Office,4,1731.32,817.11,914.21
2022-07-27,Asia Pacific,Japan,Electronics,Audio,Consumer,1,225.25,111.59,113.66
2024-09-12,Asia Pacific,China,Office Supplies,Labels,Consumer,5,1786.85,920.22,866.63
2023-12-03,North America,Mexico,Office Supplies,Pens,Home Office,3,362.55,271.17,91.38
2022-01-05,Asia Pacific,Australia,Clothing,Shoes,Home Office,5,598.15,309.93,288.22
2023-01-09,Latin America,Argentina,Clothing,Outerwear,Corporate,2,238.08,163.96,74.12
2022-07-23,Latin America,Brazil,Furniture,Tables,Consumer,2,334.2,147.31,186.89
2022-05-31,Europe,Germany,Electronics,Phones,Consumer,4,683.2,375.2,308.0
2022-04-01,Europe,France,Clothing,Outerwear,Home Office,3,1075.86,807.69,268.17
2022-12-16,Europe,Germany,Furniture,Tables,Consumer,2,908.22,565.9,342.32
2023-05-26,Asia Pacific,India,Electronics,Audio,Consumer,5,2085.85,921.8,1164.05
2024-09-10,North America,Mexico,Office Supplies,Labels,Home Office,2,490.14,229.28,260.86
2023-04-07,North America,Canada,Furniture,Tables,Corporate,1,262.77,169.99,92.78
2023-03-05,Latin America,Brazil,Office Supplies,Paper,Home Office,2,93.02,53.92,39.1
2023-09-10,Asia Pacific,South Korea,Furniture,Chairs,Consumer,4,1290.4,1024.37,266.03
2024-06-15,Europe,Italy,Electronics,Phones,Consumer,2,456.48,305.14,151.34
2023-06-30,Latin America,Argentina,Office Supplies,Binders,Corporate,3,75.84,56.31,19.53
2022-02-01,North America,Canada,Furniture,Storage,Corporate,5,1321.0,979.68,341.32
2023-06-25,North America,Mexico,Electronics,Phones,Home Office,5,2037.25,1275.03,762.22
2023-04-21,Asia Pacific,China,Furniture,Storage,Corporate,4,1199.44,745.25,454.19
2022-12-06,Asia Pacific,South Korea,Clothing,Outerwear,Consumer,4,177.48,97.34,80.14
2023-08-27,North America,Canada,Furniture,Tables,Home Office,1,228.66,92.94,135.72
2024-04-21,Latin America,Colombia,Electronics,Accessories,Consumer,2,108.8,68.46,40.34
2022-05-22,Latin America,Brazil,Electronics,Audio,Corporate,2,45.06,22.44,22.62
2023-02-25,North America,United States,Office Supplies,Paper,Consumer,4,1006.08,433.49,572.59
2024-08-13,North America,United States,Clothing,Pants,Consumer,4,231.16,142.25,88.91
2022-10-08,North America,United States,Office Supplies,Binders,Home Office,2,64.18,29.37,34.81
2022-07-17,Latin America,Argentina,Office Supplies,Labels,Home Office,3,216.66,124.07,92.59
2023-07-07,Latin America,Argentina,Furniture,Storage,Corporate,1,386.21,300.48,85.73
2022-10-03,North America,Canada,Furniture,Desks,Corporate,5,1607.55,726.22,881.33
2024-07-11,Europe,United Kingdom,Office Supplies,Labels,Home Office,5,105.6,52.13,53.47
2023-10-20,North America,Mexico,Electronics,Accessories,Home Office,3,438.18,251.59,186.59
2024-07-03,North America,Mexico,Clothing,Outerwear,Corporate,2,52.94,27.84,25.1
2022-04-24,Asia Pacific,China,Office Supplies,Binders,Corporate,4,1603.24,821.25,781.99
2022-12-23,North America,United States,Clothing,Shoes,Corporate,5,1854.0,1245.56,608.44
2022-03-14,North America,United States,Furniture,Storage,Home Office,1,158.58,65.54,93.04
2022-04-17,Latin America,Colombia,Electronics,Phones,Corporate,3,1431.54,778.39,653.15
2024-11-29,Asia Pacific,China,Electronics,Phones,Consumer,3,84.99,43.95,41.04
2024-04-24,Asia Pacific,Australia,Office Supplies,Labels,Corporate,5,1990.25,1031.5,958.75
2024-06-21,Asia Pacific,Japan,Office Supplies,Labels,Consumer,3,1490.49,925.06,565.43
2022-10-18,Asia Pacific,India,Clothing,Pants,Corporate,4,867.24,375.74,491.5
2023-01-30,North America,Mexico,Clothing,Outerwear,Home Office,1,53.7,32.37,21.33
2022-12-16,North America,Canada,Office Supplies,Pens,Home Office,3,118.02,79.08,38.94
2024-01-24,Asia Pacific,South Korea,Electronics,Audio,Consumer,1,175.72,71.8,103.92
2022-05-25,Latin America,Chile,Electronics,Accessories,Home Office,3,737.1,531.88,205.22
2024-03-04,Europe,United Kingdom,Electronics,Computers,Consumer,2,139.2,81.21,57.99
2024-08-24,North America,United States,Office Supplies,Binders,Corporate,1,212.51,106.59,105.92
2023-08-23,Asia Pacific,India,Clothing,Outerwear,Corporate,5,1537.0,1081.5,455.5
2023-05-30,Asia Pacific,China,Furniture,Tables,Home Office,1,434.74,322.78,111.96
2023-05-11,Latin America,Argentina,Office Supplies,Binders,Corporate,5,2051.7,949.62,1102.08
2024-07-26,Asia Pacific,South Korea,Electronics,Audio,Corporate,5,2278.25,1435.53,842.72
2023-09-19,North America,United States,Office Supplies,Labels,Corporate,5,674.9,379.34,295.56
2022-11-13,Asia Pacific,South Korea,Clothing,Shirts,Home Office,4,1513.8,895.21,618.59
2024-09-04,Latin America,Chile,Clothing,Pants,Corporate,5,160.95,80.36,80.59
2022-10-31,Asia Pacific,China,Electronics,Accessories,Consumer,4,288.52,177.52,111.0
2024-07-03,Asia Pacific,India,Clothing,Shoes,Corporate,4,1400.64,784.51,616.13
2022-04-28,North America,Mexico,Electronics,Computers,Corporate,2,392.94,196.96,195.98
2023-12-03,Europe,United Kingdom,Clothing,Shoes,Home Office,4,1697.12,1253.72,443.4
2024-12-23,Asia Pacific,India,Clothing,Outerwear,Home Office,1,22.82,12.55,10.27
2024-06-12,Europe,Italy,Clothing,Shoes,Consumer,3,1287.9,919.61,368.29
2024-09-04,Latin America,Brazil,Office Supplies,Paper,Corporate,4,1697.92,997.07,700.85
2022-04-24,Europe,France,Electronics,Phones,Corporate,3,1445.19,726.09,719.1
2023-08-01,North America,Mexico,Office Supplies,Labels,Corporate,2,382.8,305.22,77.58
2023-03-20,Latin America,Chile,Office Supplies,Binders,Corporate,3,1106.88,756.89,349.99
2024-08-27,Latin America,Colombia,Furniture,Tables,Corporate,3,1458.18,585.15,873.03
2023-11-15,North America,Mexico,Office Supplies,Pens,Consumer,4,354.68,273.61,81.07
2024-08-20,Europe,Italy,Furniture,Desks,Corporate,5,851.1,513.22,337.88
2024-10-16,North America,Mexico,Office Supplies,Pens,Home Office,4,1641.12,671.45,969.67
2024-04-19,Latin America,Brazil,Furniture,Desks,Corporate,3,418.38,196.22,222.16
2023-08-08,Europe,France,Electronics,Phones,Corporate,5,2086.05,1503.6,582.45
2024-06-04,Asia Pacific,Japan,Clothing,Shoes,Corporate,5,677.3,346.29,331.01
2022-08-06,Latin America,Chile,Electronics,Phones,Corporate,2,945.94,540.44,405.5
2023-11-15,North America,Mexico,Clothing,Pants,Corporate,5,481.05,199.36,281.69
2024-03-06,North America,Canada,Clothing,Shoes,Home Office,1,245.38,148.17,97.21
2023-03-03,North America,Canada,Electronics,Phones,Home Office,1,106.37,74.64,31.73
2023-09-23,North America,United States,Furniture,Desks,Corporate,2,194.3,154.45,39.85
2022-12-26,Asia Pacific,South Korea,Office Supplies,Paper,Home Office,1,54.24,29.93,24.31
2023-12-23,North America,United States,Furniture,Storage,Corporate,3,87.96,37.58,50.38
2022-08-08,Europe,Italy,Clothing,Shirts,Corporate,4,1833.08,1165.93,667.15
2022-07-16,North America,Mexico,Furniture,Chairs,Consumer,2,571.62,435.79,135.83
2022-05-02,Asia Pacific,South Korea,Clothing,Shoes,Home Office,4,1306.76,655.37,651.39
2023-03-21,Asia Pacific,Japan,Furniture,Desks,Corporate,3,1333.32,815.94,517.38
2023-09-07,Latin America,Argentina,Clothing,Shoes,Consumer,3,952.89,621.25,331.64
2023-10-27,North America,Mexico,Furniture,Chairs,Home Office,2,876.72,517.23,359.49
2022-10-07,North America,Canada,Furniture,Chairs,Corporate,2,370.6,288.89,81.71
2023-11-07,Asia Pacific,Japan,Furniture,Desks,Corporate,5,1535.5,784.9,750.6
2023-09-18,Europe,Spain,Furniture,Desks,Home Office,4,1534.12,912.75,621.37
2023-05-08,Asia Pacific,South Korea,Electronics,Computers,Home Office,4,907.2,546.65,360.55
2024-09-10,Asia Pacific,India,Clothing,Shirts,Consumer,3,56.49,31.17,25.32
2022-12-05,Latin America,Colombia,Office Supplies,Pens,Home Office,3,177.48,93.48,84.0
2023-03-28,North America,Mexico,Electronics,Computers,Consumer,3,59.67,25.72,33.95
2022-01-17,Latin America,Brazil,Electronics,Computers,Home Office,3,396.54,267.82,128.72
2024-07-23,North America,United States,Clothing,Outerwear,Corporate,5,2311.75,1193.89,1117.86
2024-03-21,Europe,France,Office Supplies,Paper,Consumer,5,563.3,272.42,290.88
2022-05-10,North America,United States,Electronics,Audio,Home Office,3,573.0,330.72,242.28
2023-04-07,North America,United States,Clothing,Shirts,Home Office,1,364.71,250.31,114.4
2024-08-02,Asia Pacific,South Korea,Furniture,Chairs,Corporate,3,639.84,263.04,376.8
2024-10-20,Europe,United Kingdom,Furniture,Chairs,Home Office,4,457.68,222.08,235.6
2024-09-12,North America,United States,Electronics,Phones,Home Office,3,861.54,487.19,374.35
2022-06-07,Europe,Germany,Office Supplies,Paper,Consumer,4,191.6,116.82,74.78
2023-11-17,Asia Pacific,South Korea,Clothing,Shoes,Consumer,2,917.24,481.77,435.47
2022-06-24,Asia Pacific,Japan,Office Supplies,Paper,Corporate,4,203.6,149.04,54.56
2022-03-05,North America,Canada,Office Supplies,Paper,Consumer,3,1127.16,866.89,260.27
2022-08-19,Asia Pacific,South Korea,Clothing,Shirts,Consumer,4,836.2,595.53,240.67
2023-07-16,Latin America,Colombia,Clothing,Shoes,Consumer,3,407.31,244.78,162.53
2023-11-12,Latin America,Argentina,Office Supplies,Labels,Corporate,1,420.32,196.57,223.75
2023-09-27,Latin America,Chile,Electronics,Accessories,Home Office,3,1004.49,679.94,324.55
2024-04-29,North America,Mexico,Clothing,Outerwear,Corporate,1,371.98,172.5,199.48
2024-10-18,North America,United States,Office Supplies,Paper,Corporate,1,190.86,118.82,72.04
2022-06-04,Latin America,Chile,Office Supplies,Labels,Consumer,5,467.5,278.99,188.51
2024-02-21,Asia Pacific,China,Office Supplies,Binders,Home Office,3,164.37,85.41,78.96
2023-07-26,Europe,Italy,Office Supplies,Pens,Home Office,4,1007.64,656.64,351.0
2024-12-21,North America,Mexico,Office Supplies,Paper,Consumer,3,1234.14,605.88,628.26
2024-11-14,Latin America,Argentina,Clothing,Outerwear,Home Office,4,124.28,56.82,67.46
2022-05-09,Latin America,Brazil,Office Supplies,Pens,Consumer,4,1952.68,1296.16,656.52
2022-06-10,Latin America,Brazil,Electronics,Accessories,Home Office,1,451.82,220.48,231.34
2024-01-08,Latin America,Argentina,Furniture,Desks,Corporate,4,1484.92,999.75,485.17
2023-10-03,Asia Pacific,China,Clothing,Shirts,Corporate,1,24.36,14.56,9.8
2022-01-29,North America,Mexico,Clothing,Outerwear,Consumer,5,2207.4,887.77,1319.63
2024-07-08,Latin America,Chile,Furniture,Storage,Corporate,3,701.13,309.24,391.89
2024-05-26,Latin America,Colombia,Electronics,Accessories,Corporate,4,297.2,129.86,167.34
2022-11-23,Europe,Italy,Furniture,Storage,Home Office,1,136.88,55.34,81.54
2022-11-06,North America,Canada,Furniture,Desks,Consumer,3,944.58,579.87,364.71
2023-02-06,Latin America,Colombia,Office Supplies,Paper,Home Office,5,300.55,202.81,97.74
2022-04-03,Asia Pacific,South Korea,Office Supplies,Binders,Home Office,4,1270.96,901.49,369.47
2024-12-28,North America,United States,Furniture,Tables,Corporate,4,1603.28,680.32,922.96
2023-03-19,Latin America,Brazil,Electronics,Phones,Consumer,3,751.62,498.53,253.09
2022-05-24,Latin America,Argentina,Electronics,Accessories,Home Office,2,468.52,229.85,238.67
2024-02-01,Asia Pacific,South Korea,Office Supplies,Paper,Corporate,1,201.8,153.29,48.51
2022-06-07,Latin America,Colombia,Furniture,Desks,Corporate,5,2156.15,1659.11,497.04
2023-01-30,Latin America,Brazil,Furniture,Storage,Consumer,4,1046.32,497.21,549.11
2022-10-23,North America,Mexico,Furniture,Tables,Corporate,3,558.6,403.33,155.27
2022-02-10,Latin America,Chile,Electronics,Accessories,Home Office,4,1646.0,1199.84,446.16
2024-10-16,North America,Mexico,Furniture,Storage,Consumer,1,491.3,322.24,169.06
2024-06-14,Latin America,Chile,Office Supplies,Binders,Consumer,5,617.0,253.54,363.46
2022-01-12,Asia Pacific,India,Electronics,Computers,Home Office,3,1259.73,863.96,395.77
2022-01-03,Latin America,Brazil,Clothing,Outerwear,Home Office,2,480.9,312.36,168.54
2022-01-11,Asia Pacific,Australia,Clothing,Shirts,Home Office,3,1128.93,822.51,306.42
2022-04-29,Asia Pacific,India,Electronics,Computers,Corporate,5,1463.55,678.97,784.58
2024-07-21,Latin America,Chile,Office Supplies,Paper,Consumer,1,345.96,244.65,101.31
2023-10-19,North America,United States,Office Supplies,Labels,Corporate,3,738.84,562.38,176.46
2024-11-06,North America,Mexico,Office Supplies,Pens,Corporate,3,65.82,30.54,35.28
2022-12-04,Asia Pacific,China,Clothing,Pants,Corporate,3,358.83,145.42,213.41
2022-10-14,Asia Pacific,China,Office Supplies,Binders,Consumer,1,102.38,47.38,55.0
2024-08-16,North America,United States,Clothing,Shoes,Home Office,3,49.77,27.1,22.67
2023-03-03,North America,Mexico,Office Supplies,Paper,Home Office,1,185.84,81.22,104.62
2023-08-16,North America,United States,Electronics,Phones,Corporate,3,958.98,399.59,559.39
2023-07-17,Asia Pacific,China,Office Supplies,Labels,Home Office,5,2289.8,1110.87,1178.93
2022-11-12,Latin America,Colombia,Furniture,Desks,Home Office,5,2238.55,1418.27,820.28
2024-07-06,Europe,Italy,Clothing,Pants,Consumer,5,2342.4,1568.83,773.57
2022-12-31,Europe,Italy,Electronics,Accessories,Consumer,3,636.78,359.52,277.26
2022-04-03,Latin America,Brazil,Furniture,Storage,Consumer,2,487.64,313.99,173.65
2023-09-01,North America,United States,Office Supplies,Paper,Home Office,2,895.72,497.8,397.92
2023-08-12,Europe,Spain,Office Supplies,Pens,Corporate,3,1026.63,490.71,535.92
2023-09-20,Asia Pacific,South Korea,Office Supplies,Binders,Corporate,5,1913.55,1047.22,866.33
2023-10-17,North America,Canada,Clothing,Pants,Home Office,1,271.71,175.78,95.93
2024-09-07,Latin America,Argentina,Furniture,Chairs,Consumer,2,27.68,12.8,14.88
2023-03-07,Europe,Germany,Furniture,Chairs,Home Office,5,997.15,705.39,291.76
2023-10-27,North America,Mexico,Furniture,Desks,Consumer,3,38.49,27.38,11.11
2023-05-18,Latin America,Colombia,Clothing,Outerwear,Corporate,1,407.77,269.51,138.26
2024-03-07,North America,Mexico,Furniture,Desks,Corporate,4,1478.04,949.48,528.56
2024-05-23,Europe,Spain,Electronics,Audio,Consumer,4,419.32,177.44,241.88
2024-12-12,Europe,Germany,Furniture,Chairs,Home Office,4,97.92,63.01,34.91
2022-12-14,Asia Pacific,India,Clothing,Shirts,Home Office,4,749.4,456.73,292.67
2024-03-22,Europe,United Kingdom,Electronics,Accessories,Consumer,4,942.36,729.2,213.16
2022-12-23,North America,Canada,Clothing,Shirts,Consumer,4,1559.08,1184.1,374.98
2024-10-29,North America,United States,Clothing,Shirts,Corporate,2,382.1,236.03,146.07
2023-06-30,Latin America,Chile,Electronics,Accessories,Home Office,1,342.03,218.46,123.57
2022-11-18,Asia Pacific,China,Clothing,Shoes,Consumer,2,140.84,87.75,53.09
2024-12-23,Europe,France,Electronics,Audio,Home Office,3,408.39,250.05,158.34
2024-07-22,North America,Canada,Furniture,Tables,Corporate,4,1804.12,951.36,852.76
2024-02-12,Latin America,Argentina,Clothing,Shirts,Consumer,1,116.11,77.56,38.55
2024-10-29,North America,Canada,Clothing,Shoes,Corporate,1,166.89,109.48,57.41
2024-09-02,Asia Pacific,Japan,Electronics,Accessories,Home Office,5,71.1,48.43,22.67
2024-06-30,Europe,France,Furniture,Desks,Consumer,2,429.9,322.74,107.16
2024-12-13,Latin America,Brazil,Office Supplies,Paper,Corporate,3,745.32,581.49,163.83
2022-07-21,Europe,Spain,Furniture,Chairs,Corporate,2,973.62,435.96,537.66
2024-09-05,Asia Pacific,India,Furniture,Storage,Corporate,5,1525.6,1199.41,326.19
2023-06-01,Europe,Germany,Electronics,Accessories,Home Office,2,460.6,317.34,143.26
2022-03-21,Asia Pacific,South Korea,Clothing,Shoes,Corporate,2,51.38,26.9,24.48
2022-01-29,Latin America,Chile,Clothing,Outerwear,Consumer,1,172.71,100.1,72.61
2024-04-12,Latin America,Argentina,Electronics,Accessories,Home Office,3,1268.46,681.39,587.07
2022-09-14,Asia Pacific,Australia,Office Supplies,Pens,Corporate,3,856.47,487.13,369.34
2024-07-19,Europe,Italy,Furniture,Chairs,Corporate,2,152.56,104.88,47.68
2024-08-25,Asia Pacific,China,Clothing,Shirts,Consumer,3,1483.92,747.77,736.15
2023-04-12,Europe,Spain,Furniture,Desks,Home Office,5,1337.75,1064.33,273.42
2022-10-04,Europe,Italy,Clothing,Pants,Consumer,3,980.94,491.6,489.34
2024-10-23,Latin America,Argentina,Clothing,Shoes,Consumer,1,121.06,67.86,53.2
2024-10-15,Asia Pacific,South Korea,Electronics,Audio,Consumer,4,1317.56,568.77,748.79
2023-09-18,Europe,Spain,Furniture,Desks,Consumer,3,35.97,20.13,15.84
2022-04-18,North America,United States,Clothing,Shoes,Corporate,4,1287.92,533.91,754.01
2024-06-07,North America,Canada,Electronics,Phones,Consumer,1,302.67,173.09,129.58
2023-12-30,Asia Pacific,Australia,Office Supplies,Binders,Home Office,2,57.96,25.41,32.55
2024-11-28,Asia Pacific,India,Furniture,Desks,Home Office,3,1297.44,856.73,440.71
2022-11-17,North America,Mexico,Office Supplies,Pens,Home Office,2,353.08,236.53,116.55
2024-11-03,Latin America,Argentina,Electronics,Accessories,Consumer,2,126.82,101.04,25.78
2024-02-04,Latin America,Brazil,Electronics,Accessories,Consumer,5,1712.95,962.0,750.95
2022-05-15,North America,Canada,Electronics,Computers,Home Office,3,31.38,14.39,16.99
2022-03-10,North America,Canada,Office Supplies,Pens,Consumer,4,1988.12,1517.46,470.66
2023-06-11,Europe,France,Office Supplies,Labels,Corporate,2,919.26,615.43,303.83
2023-12-31,North America,Canada,Furniture,Storage,Corporate,4,1356.96,685.74,671.22
2022-06-17,Latin America,Brazil,Furniture,Storage,Home Office,5,2199.2,1048.79,1150.41
2024-10-17,Asia Pacific,Australia,Clothing,Outerwear,Home Office,2,78.14,53.87,24.27
2023-12-07,Asia Pacific,Japan,Furniture,Tables,Consumer,1,205.69,159.73,45.96
2023-04-19,North America,Mexico,Furniture,Tables,Home Office,4,937.64,479.79,457.85
2023-08-12,Europe,Germany,Furniture,Storage,Corporate,4,1069.6,833.73,235.87
2024-10-18,Asia Pacific,China,Office Supplies,Labels,Corporate,2,276.6,181.06,95.54
2024-03-16,Asia Pacific,South Korea,Clothing,Pants,Home Office,5,567.15,402.35,164.8
2022-07-30,North America,Canada,Clothing,Shirts,Consumer,1,302.25,174.37,127.88
2023-08-21,Asia Pacific,Japan,Furniture,Tables,Consumer,4,1286.68,582.16,704.52
2022-09-21,Europe,Spain,Office Supplies,Binders,Home Office,4,1940.44,815.23,1125.21
2023-01-04,Asia Pacific,South Korea,Electronics,Phones,Corporate,3,720.27,453.19,267.08
2022-07-01,Asia Pacific,South Korea,Office Supplies,Pens,Corporate,3,1341.6,724.61,616.99
2022-08-28,Europe,Germany,Office Supplies,Pens,Corporate,3,112.14,83.84,28.3
2022-02-24,North America,Canada,Furniture,Chairs,Home Office,2,599.1,385.9,213.2
2023-08-22,Europe,France,Clothing,Outerwear,Corporate,5,100.35,59.11,41.24
2022-09-10,Europe,Italy,Furniture,Chairs,Home Office,1,399.13,188.79,210.34
2023-09-24,Europe,United Kingdom,Electronics,Audio,Corporate,3,1159.2,915.62,243.58
2024-10-31,Europe,Spain,Clothing,Shirts,Corporate,1,191.26,78.67,112.59
2022-02-21,Asia Pacific,China,Clothing,Pants,Corporate,2,201.8,113.38,88.42
2023-06-07,Europe,Germany,Clothing,Outerwear,Corporate,2,23.26,16.46,6.8
2024-12-11,North America,Canada,Clothing,Shirts,Corporate,5,1572.7,1126.77,445.93
2023-05-10,Latin America,Colombia,Clothing,Outerwear,Consumer,2,627.92,407.32,220.6
2023-02-04,Latin America,Brazil,Office Supplies,Binders,Corporate,3,188.22,126.4,61.82
2023-04-05,Asia Pacific,India,Furniture,Tables,Corporate,2,747.52,304.35,443.17
2024-05-08,Asia Pacific,China,Office Supplies,Binders,Consumer,4,1859.88,1076.0,783.88
2024-10-08,North America,Canada,Office Supplies,Pens,Consumer,2,89.26,58.83,30.43
2023-04-12,North America,Mexico,Furniture,Storage,Corporate,3,1348.2,1013.77,334.43
2024-05-16,North America,Canada,Clothing,Outerwear,Home Office,1,79.82,57.55,22.27
2022-02-11,North America,United States,Clothing,Shoes,Corporate,5,1939.2,1052.42,886.78
2024-12-04,Latin America,Brazil,Electronics,Audio,Consumer,2,943.46,463.17,480.29
2022-04-20,Latin America,Argentina,Electronics,Phones,Corporate,2,889.38,652.69,236.69
2024-02-24,Europe,Germany,Clothing,Pants,Home Office,4,602.48,444.04,158.44
2024-02-28,Europe,Germany,Clothing,Shoes,Corporate,2,107.08,74.82,32.26
2023-12-14,Europe,France,Furniture,Desks,Consumer,1,227.79,131.76,96.03
2023-01-30,North America,Canada,Office Supplies,Binders,Home Office,5,705.75,503.34,202.41
2022-08-24,Latin America,Chile,Office Supplies,Labels,Consumer,3,1013.61,629.6,384.01
2022-01-13,Europe,Spain,Clothing,Shirts,Corporate,4,1713.28,841.92,871.36
2024-04-27,Asia Pacific,China,Clothing,Shirts,Corporate,1,448.89,207.58,241.31
2022-07-01,North America,United States,Furniture,Chairs,Home Office,5,1114.7,504.1,610.6
2022-02-08,Latin America,Chile,Electronics,Audio,Corporate,3,638.94,498.7,140.24
2022-06-08,Latin America,Colombia,Clothing,Shoes,Consumer,1,362.76,153.03,209.73
2023-07-08,Europe,France,Electronics,Phones,Consumer,2,404.36,221.92,182.44
2024-07-17,Latin America,Chile,Clothing,Outerwear,Corporate,4,751.0,437.98,313.02
2023-01-30,Europe,Italy,Clothing,Shoes,Corporate,1,384.61,205.78,178.83
2024-06-06,Asia Pacific,South Korea,Electronics,Computers,Consumer,2,73.42,52.38,21.04
2024-05-22,Europe,United Kingdom,Office Supplies,Labels,Home Office,1,433.27,318.52,114.75
2024-02-08,Asia Pacific,Japan,Clothing,Pants,Consumer,3,329.64,247.26,82.38
2023-08-30,Europe,Italy,Electronics,Accessories,Home Office,5,222.25,168.11,54.14
2024-05-05,Europe,Italy,Furniture,Chairs,Home Office,4,258.4,193.04,65.36
2024-09-07,North America,United States,Clothing,Shoes,Consumer,4,1223.64,597.26,626.38
2024-07-30,North America,Canada,Electronics,Audio,Consumer,1,235.46,173.28,62.18
2024-08-19,Latin America,Colombia,Furniture,Chairs,Home Office,5,2447.95,1383.0,1064.95
2022-03-08,Latin America,Brazil,Clothing,Outerwear,Home Office,4,1661.68,1238.28,423.4
2022-11-03,Europe,United Kingdom,Clothing,Outerwear,Home Office,4,926.56,579.35,347.21
2024-11-07,Europe,France,Furniture,Desks,Corporate,5,1038.0,635.68,402.32
2024-03-13,Latin America,Argentina,Clothing,Outerwear,Home Office,2,940.04,464.13,475.91
2022-03-15,Latin America,Brazil,Office Supplies,Binders,Corporate,3,897.9,486.64,411.26
2022-08-25,Europe,Germany,Clothing,Shoes,Consumer,1,42.16,22.39,19.77
2024-07-02,North America,Canada,Electronics,Computers,Home Office,2,948.5,664.84,283.66
2024-04-10,Asia Pacific,South Korea,Electronics,Computers,Corporate,1,215.87,114.5,101.37
2023-07-25,Europe,Germany,Electronics,Audio,Home Office,4,1291.84,759.18,532.66
2022-06-25,Europe,United Kingdom,Electronics,Audio,Consumer,5,1831.45,1252.1,579.35
2024-02-20,North America,United States,Office Supplies,Labels,Home Office,1,158.89,110.18,48.71
2023-07-31,Asia Pacific,China,Office Supplies,Paper,Corporate,1,306.38,149.85,156.53
2023-06-07,Europe,Spain,Electronics,Phones,Home Office,2,445.34,328.1,117.24
2022-04-22,North America,Mexico,Clothing,Shirts,Home Office,4,1660.64,1011.42,649.22
2023-08-20,Asia Pacific,China,Clothing,Shoes,Home Office,4,228.2,134.81,93.39
2024-08-13,Europe,Italy,Office Supplies,Pens,Consumer,4,1781.6,1046.72,734.88
2022-03-03,Asia Pacific,South Korea,Office Supplies,Pens,Corporate,1,134.92,88.91,46.01
2024-09-19,Asia Pacific,India,Furniture,Storage,Consumer,1,122.93,58.87,64.06
2024-01-19,North America,Mexico,Clothing,Shirts,Corporate,3,896.52,576.95,319.57
2022-12-31,Europe,France,Office Supplies,Labels,Corporate,3,978.54,430.77,547.77
2023-07-08,Asia Pacific,South Korea,Furniture,Tables,Corporate,1,303.55,126.02,177.53
2022-01-21,Europe,Spain,Furniture,Tables,Corporate,5,2095.9,1662.73,433.17
2024-06-26,Latin America,Colombia,Electronics,Audio,Home Office,3,1279.98,596.69,683.29
2024-11-02,Europe,Germany,Office Supplies,Binders,Corporate,2,700.24,351.82,348.42
2023-01-08,North America,United States,Electronics,Phones,Consumer,3,982.5,526.18,456.32
2024-04-10,Asia Pacific,China,Office Supplies,Paper,Consumer,5,1386.9,1050.11,336.79
2024-01-25,Europe,Germany,Furniture,Desks,Corporate,1,257.08,125.01,132.07
2024-10-10,Europe,United Kingdom,Clothing,Outerwear,Consumer,3,249.99,198.06,51.93
2023-03-28,Europe,France,Furniture,Storage,Home Office,2,114.08,54.96,59.12
2023-12-17,Latin America,Colombia,Office Supplies,Labels,Consumer,5,65.9,31.56,34.34
2023-04-02,Asia Pacific,China,Electronics,Accessories,Home Office,3,1289.34,683.71,605.63
2023-10-30,North America,Canada,Furniture,Storage,Consumer,4,1721.52,1061.18,660.34
2024-11-29,Latin America,Argentina,Office Supplies,Binders,Home Office,4,1507.04,950.36,556.68
2024-07-14,North America,Canada,Furniture,Storage,Home Office,4,1458.92,805.63,653.29
2024-12-08,North America,Canada,Office Supplies,Pens,Home Office,2,429.7,301.78,127.92
2022-06-19,Latin America,Colombia,Office Supplies,Paper,Consumer,1,191.35,141.61,49.74
2024-07-09,North America,United States,Office Supplies,Paper,Corporate,4,974.52,521.36,453.16
2024-02-17,Latin America,Argentina,Clothing,Shirts,Consumer,4,1975.68,1254.83,720.85
2024-08-25,North America,Mexico,Electronics,Audio,Consumer,5,501.55,388.21,113.34
2022-06-04,Europe,Germany,Furniture,Desks,Corporate,4,1388.36,757.36,631.0
2023-02-04,Latin America,Colombia,Office Supplies,Binders,Corporate,1,87.68,46.56,41.12
2024-02-25,Europe,Germany,Furniture,Chairs,Home Office,2,789.22,559.28,229.94
2023-06-10,Asia Pacific,Japan,Clothing,Shirts,Consumer,5,189.35,81.43,107.92
2024-02-10,North America,Mexico,Clothing,Pants,Home Office,5,694.35,298.36,395.99
2024-02-27,Europe,Italy,Furniture,Tables,Consumer,4,325.56,206.04,119.52
2024-02-13,North America,Canada,Furniture,Desks,Home Office,3,1060.62,761.52,299.1
2022-08-05,North America,United States,Clothing,Pants,Home Office,1,186.54,119.27,67.27
2024-04-30,Europe,France,Electronics,Accessories,Home Office,3,137.79,66.93,70.86
2022-12-11,North America,Mexico,Clothing,Shirts,Home Office,1,54.96,41.68,13.28
2024-07-31,North America,Canada,Furniture,Tables,Home Office,4,90.32,64.31,26.01
2024-04-27,North America,Mexico,Office Supplies,Binders,Corporate,3,337.86,247.67,90.19
2022-10-03,North America,United States,Furniture,Desks,Home Office,4,1987.4,1473.6,513.8
2023-03-12,Europe,United Kingdom,Electronics,Phones,Corporate,2,522.22,270.94,251.28
2023-05-08,North America,Mexico,Clothing,Shoes,Corporate,4,1044.72,746.81,297.91
2022-12-28,North America,Mexico,Electronics,Phones,Consumer,5,2128.15,1253.5,874.65
2024-08-05,Europe,Italy,Electronics,Computers,Consumer,1,88.15,48.89,39.26
2024-06-21,Asia Pacific,India,Electronics,Computers,Consumer,2,692.32,306.53,385.79
2022-05-28,Latin America,Brazil,Clothing,Shirts,Corporate,2,709.18,530.09,179.09
2024-10-08,Asia Pacific,South Korea,Electronics,Phones,Home Office,3,928.23,433.21,495.02
2024-04-28,Europe,United Kingdom,Office Supplies,Paper,Corporate,3,221.52,128.79,92.73
2024-03-22,North America,Mexico,Electronics,Phones,Home Office,3,361.11,279.38,81.73
2022-02-08,North America,Canada,Furniture,Storage,Consumer,2,409.02,267.86,141.16
2022-11-16,Europe,Italy,Electronics,Phones,Consumer,4,1911.8,899.79,1012.01
2022-07-06,Asia Pacific,China,Electronics,Audio,Corporate,5,999.4,745.67,253.73
2023-04-29,Latin America,Brazil,Clothing,Shoes,Consumer,4,347.16,226.73,120.43
2023-08-02,Asia Pacific,China,Electronics,Accessories,Home Office,2,696.1,525.53,170.57
2023-12-20,Europe,Germany,Furniture,Storage,Consumer,1,477.81,326.87,150.94
2024-05-12,Europe,France,Electronics,Phones,Corporate,5,716.65,555.65,161.0
2024-09-20,Europe,United Kingdom,Office Supplies,Paper,Home Office,3,177.72,86.82,90.9
2022-09-15,North America,Mexico,Clothing,Shoes,Consumer,1,433.83,335.65,98.18
2022-11-03,Asia Pacific,China,Clothing,Outerwear,Consumer,2,351.2,229.23,121.97
2024-05-09,Latin America,Chile,Furniture,Tables,Home Office,1,118.93,65.83,53.1
2024-11-25,Asia Pacific,India,Office Supplies,Pens,Consumer,5,297.9,157.3,140.6
2024-10-29,North America,Mexico,Electronics,Phones,Home Office,3,179.91,82.16,97.75
2024-02-12,Latin America,Chile,Electronics,Phones,Home Office,3,662.88,329.1,333.78
2022-09-06,Asia Pacific,India,Office Supplies,Paper,Consumer,2,586.0,414.55,171.45
2024-01-29,Asia Pacific,South Korea,Office Supplies,Labels,Home Office,3,974.97,412.86,562.11
2024-10-25,North America,Mexico,Electronics,Computers,Consumer,2,22.14,12.18,9.96
2023-12-14,North America,Mexico,Electronics,Accessories,Home Office,1,423.11,188.21,234.9
2024-09-23,Asia Pacific,China,Clothing,Outerwear,Consumer,5,2316.2,1287.7,1028.5
2024-08-03,Latin America,Chile,Electronics,Audio,Corporate,1,443.84,292.49,151.35
2022-10-25,Asia Pacific,Japan,Clothing,Outerwear,Corporate,5,2205.4,1649.99,555.41
2024-10-19,Europe,United Kingdom,Furniture,Chairs,Corporate,5,2448.75,1058.19,1390.56
2022-03-03,Europe,Spain,Office Supplies,Pens,Corporate,4,778.12,403.18,374.94
2023-06-02,Asia Pacific,Japan,Clothing,Shirts,Home Office,5,2342.25,1815.4,526.85
2023-11-22,Europe,United Kingdom,Office Supplies,Binders,Home Office,3,552.03,432.17,119.86
2022-04-15,North America,United States,Electronics,Accessories,Home Office,5,907.75,533.93,373.82
2023-10-08,Latin America,Chile,Furniture,Desks,Home Office,2,601.64,289.54,312.1
2022-07-10,North America,Mexico,Electronics,Computers,Corporate,3,113.34,68.98,44.36
2023-06-25,Latin America,Chile,Clothing,Shirts,Consumer,2,429.98,247.62,182.36
2022-08-19,Latin America,Brazil,Clothing,Shirts,Consumer,2,375.74,200.74,175.0
2023-02-19,North America,United States,Office Supplies,Paper,Corporate,4,405.48,192.47,213.01
2022-02-27,Asia Pacific,Australia,Electronics,Accessories,Corporate,3,1028.07,450.79,577.28
2023-05-22,Latin America,Brazil,Office Supplies,Binders,Home Office,2,562.64,325.34,237.3
2023-02-23,Europe,Italy,Clothing,Shirts,Consumer,5,450.9,285.88,165.02
2023-12-26,Latin America,Brazil,Furniture,Chairs,Corporate,3,598.11,411.7,186.41
2024-09-09,Latin America,Chile,Clothing,Outerwear,Corporate,2,344.28,144.29,199.99
2023-06-20,Asia Pacific,China,Electronics,Audio,Consumer,5,1471.85,680.14,791.71
2024-08-17,North America,Mexico,Furniture,Desks,Consumer,1,80.68,43.38,37.3
2023-11-17,North America,Canada,Furniture,Tables,Corporate,3,237.21,118.24,118.97
2024-04-18,Asia Pacific,South Korea,Electronics,Phones,Home Office,5,136.55,73.68,62.87
2024-12-21,Europe,Italy,Electronics,Audio,Consumer,1,485.67,289.26,196.41
2022-01-31,Europe,United Kingdom,Furniture,Storage,Consumer,1,371.43,243.26,128.17
2024-08-08,Latin America,Argentina,Electronics,Phones,Home Office,1,170.91,126.1,44.81
2022-07-27,Latin America,Brazil,Office Supplies,Labels,Corporate,3,542.07,370.05,172.02
2022-02-20,Latin America,Brazil,Office Supplies,Pens,Home Office,4,1605.04,944.29,660.75
2023-09-18,Europe,United Kingdom,Office Supplies,Binders,Corporate,4,872.24,458.61,413.63
2024-08-03,Europe,Italy,Clothing,Pants,Home Office,4,484.08,332.27,151.81
2023-03-24,Europe,France,Furniture,Desks,Consumer,2,682.86,446.51,236.35
2022-06-11,North America,Canada,Clothing,Shoes,Corporate,1,462.72,234.24,228.48
2023-04-24,Asia Pacific,Japan,Electronics,Accessories,Corporate,5,1647.1,810.82,836.28
2024-11-04,Latin America,Colombia,Electronics,Accessories,Consumer,3,1221.21,794.89,426.32
2022-07-31,Latin America,Brazil,Furniture,Storage,Consumer,2,439.2,217.9,221.3
2023-05-28,Europe,Spain,Furniture,Chairs,Consumer,2,970.58,592.26,378.32
2023-06-23,Europe,France,Electronics,Computers,Corporate,4,1442.88,1041.64,401.24
2022-10-20,Latin America,Brazil,Electronics,Phones,Home Office,3,708.06,545.26,162.8
2022-12-16,North America,Canada,Furniture,Storage,Corporate,5,1229.6,880.96,348.64
2023-04-14,Asia Pacific,Australia,Electronics,Audio,Corporate,3,1196.46,678.42,518.04
2023-09-18,Latin America,Argentina,Electronics,Phones,Corporate,5,1357.8,864.89,492.91
2024-04-08,Latin America,Argentina,Clothing,Shirts,Consumer,5,2177.05,1325.98,851.07
2023-07-04,Europe,Italy,Furniture,Chairs,Consumer,3,834.09,455.72,378.37
2024-11-04,North America,Canada,Office Supplies,Labels,Consumer,5,1347.3,564.38,782.92
2023-06-26,North America,Mexico,Electronics,Computers,Corporate,3,1423.56,1028.62,394.94
2023-01-14,Europe,Spain,Electronics,Accessories,Consumer,3,1047.96,433.43,614.53
2024-07-25,Europe,Spain,Furniture,Chairs,Corporate,5,528.1,231.03,297.07
2022-06-24,Europe,Spain,Furniture,Tables,Home Office,2,529.7,422.83,106.87
2023-09-18,Asia Pacific,China,Furniture,Chairs,Home Office,5,1978.45,973.28,1005.17
2022-08-18,North America,Canada,Office Supplies,Labels,Corporate,3,883.53,609.76,273.77
2023-02-09,Latin America,Brazil,Furniture,Tables,Home Office,4,1312.0,990.85,321.15
2022-11-27,Latin America,Brazil,Electronics,Audio,Corporate,2,665.98,315.78,350.2
2024-10-28,Europe,United Kingdom,Furniture,Chairs,Consumer,4,993.88,559.79,434.09
2023-05-04,Europe,Italy,Office Supplies,Paper,Home Office,4,1528.08,889.39,638.69
2022-01-28,Europe,Italy,Clothing,Outerwear,Home Office,1,241.32,136.46,104.86
2023-05-29,North America,United States,Office Supplies,Paper,Consumer,5,265.8,157.44,108.36
2022-06-02,Europe,Italy,Furniture,Desks,Home Office,2,609.7,375.59,234.11
2023-04-03,North America,Mexico,Furniture,Tables,Corporate,5,286.2,163.21,122.99
2023-12-15,Europe,Italy,Office Supplies,Pens,Corporate,5,1315.65,604.49,711.16
2022-12-24,North America,Canada,Furniture,Storage,Home Office,4,234.32,157.38,76.94
2023-11-29,Latin America,Argentina,Furniture,Chairs,Home Office,4,1016.68,418.61,598.07
2023-07-27,Latin America,Colombia,Electronics,Phones,Corporate,1,425.89,265.99,159.9
2022-01-02,Asia Pacific,Australia,Clothing,Shirts,Consumer,1,493.74,237.3,256.44
2024-05-09,Europe,France,Clothing,Outerwear,Home Office,3,621.96,302.04,319.92
2024-07-07,Latin America,Brazil,Clothing,Pants,Consumer,4,940.0,529.12,410.88
2024-05-01,Europe,Italy,Office Supplies,Paper,Home Office,2,419.48,263.27,156.21
2022-04-11,Latin America,Chile,Clothing,Outerwear,Consumer,4,1203.6,602.29,601.31
2023-03-26,Latin America,Colombia,Furniture,Tables,Corporate,3,642.24,278.89,363.35
2024-11-04,Asia Pacific,Australia,Furniture,Storage,Corporate,4,984.04,588.84,395.2
2024-12-10,Asia Pacific,South Korea,Furniture,Storage,Corporate,5,622.6,267.4,355.2
2024-11-16,Europe,Spain,Office Supplies,Binders,Home Office,5,2264.75,1078.12,1186.63
2024-02-12,North America,Canada,Furniture,Storage,Corporate,3,36.39,19.67,16.72
2024-03-09,Latin America,Brazil,Furniture,Chairs,Corporate,5,474.0,252.71,221.29
2022-05-27,Latin America,Brazil,Electronics,Computers,Corporate,4,448.32,208.35,239.97
2023-08-21,North America,United States,Electronics,Audio,Consumer,4,540.72,351.5,189.22
2024-06-14,North America,Mexico,Clothing,Outerwear,Corporate,1,17.44,9.86,7.58
2022-07-28,Latin America,Brazil,Clothing,Pants,Home Office,2,684.84,338.29,346.55
2023-09-15,North America,United States,Clothing,Outerwear,Home Office,3,296.97,225.91,71.06
2022-05-16,Latin America,Chile,Clothing,Outerwear,Corporate,3,727.92,442.99,284.93
2023-03-11,Europe,Italy,Electronics,Phones,Home Office,4,1352.48,949.16,403.32
2023-11-30,Latin America,Brazil,Office Supplies,Binders,Corporate,2,532.9,346.5,186.4
2023-08-05,North America,United States,Clothing,Shirts,Consumer,4,1859.08,1359.39,499.69
2024-04-15,North America,Mexico,Office Supplies,Pens,Consumer,4,781.8,319.24,462.56
2022-12-03,Asia Pacific,Australia,Office Supplies,Labels,Home Office,4,1416.68,618.47,798.21
2022-06-23,Asia Pacific,Japan,Furniture,Desks,Home Office,4,683.16,364.1,319.06
2024-01-12,Asia Pacific,India,Electronics,Accessories,Home Office,2,282.96,226.31,56.65
2024-05-05,North America,Canada,Furniture,Tables,Home Office,5,435.65,283.98,151.67
2024-06-10,Latin America,Colombia,Electronics,Phones,Home Office,4,1525.28,925.86,599.42
2022-03-16,Asia Pacific,China,Office Supplies,Paper,Consumer,4,1963.0,1521.46,441.54
2024-12-14,Latin America,Chile,Office Supplies,Paper,Consumer,4,277.04,173.29,103.75
2023-05-09,Latin America,Brazil,Furniture,Tables,Home Office,5,560.3,229.06,331.24
2023-08-20,Asia Pacific,Japan,Electronics,Computers,Consumer,2,289.18,213.98,75.2
2023-10-25,Asia Pacific,India,Electronics,Phones,Corporate,2,355.78,197.44,158.34
2024-09-20,Europe,Germany,Electronics,Accessories,Home Office,2,942.32,508.27,434.05
2024-12-15,Europe,Spain,Electronics,Audio,Consumer,1,149.56,73.95,75.61
2024-09-21,Latin America,Colombia,Clothing,Shoes,Home Office,3,1212.69,803.49,409.2
2023-02-18,Europe,Germany,Office Supplies,Labels,Corporate,2,478.56,304.24,174.32
2024-08-23,Asia Pacific,Australia,Clothing,Shirts,Consumer,1,420.37,219.56,200.81
2023-06-25,North America,United States,Office Supplies,Binders,Consumer,5,2318.1,1417.12,900.98
2024-02-12,Latin America,Colombia,Office Supplies,Paper,Consumer,4,798.28,405.38,392.9
2024-12-02,Latin America,Colombia,Electronics,Accessories,Home Office,4,494.6,378.45,116.15
2023-09-01,North America,Mexico,Furniture,Storage,Home Office,1,375.48,285.24,90.24
2023-08-08,North America,Mexico,Office Supplies,Binders,Corporate,4,586.52,342.07,244.45
2024-07-16,Europe,France,Office Supplies,Binders,Corporate,2,490.82,277.21,213.61
2022-05-05,Asia Pacific,Australia,Clothing,Pants,Home Office,4,583.44,246.17,337.27
2023-10-13,North America,Mexico,Furniture,Chairs,Corporate,4,1603.76,794.97,808.79
2022-12-11,North America,United States,Office Supplies,Labels,Home Office,5,1542.8,688.18,854.62
2022-02-08,Asia Pacific,South Korea,Clothing,Shoes,Corporate,1,446.42,262.44,183.98
2022-03-02,North America,United States,Furniture,Tables,Corporate,4,1938.08,1125.52,812.56
2024-09-06,Asia Pacific,India,Furniture,Chairs,Corporate,4,171.4,96.21,75.19
2024-04-12,Latin America,Colombia,Clothing,Shirts,Corporate,2,799.62,564.72,234.9
2024-03-14,Europe,Italy,Electronics,Computers,Consumer,2,159.56,114.84,44.72
2022-09-23,Asia Pacific,South Korea,Clothing,Outerwear,Consumer,5,669.5,373.98,295.52
2023-07-21,Latin America,Colombia,Electronics,Audio,Consumer,4,622.0,488.59,133.41
2023-05-24,Asia Pacific,South Korea,Office Supplies,Binders,Consumer,2,126.76,74.29,52.47
2022-12-15,North America,Mexico,Electronics,Phones,Home Office,2,866.76,560.18,306.58
2023-06-06,Europe,Italy,Electronics,Phones,Home Office,5,449.1,183.01,266.09
2023-05-20,Latin America,Chile,Electronics,Audio,Home Office,3,617.1,352.07,265.03
2024-05-07,North America,United States,Electronics,Computers,Consumer,2,107.68,82.1,25.58
2022-09-30,Asia Pacific,China,Office Supplies,Paper,Corporate,4,681.04,460.25,220.79
2022-10-25,Latin America,Colombia,Clothing,Shirts,Home Office,2,490.76,356.13,134.63
2023-02-09,Europe,Germany,Furniture,Storage,Corporate,5,811.25,374.7,436.55
2022-07-11,Asia Pacific,Australia,Office Supplies,Labels,Corporate,4,204.6,152.94,51.66
2022-12-25,Asia Pacific,China,Clothing,Outerwear,Consumer,1,114.76,70.45,44.31
2022-05-10,Latin America,Argentina,Furniture,Desks,Corporate,2,227.72,148.89,78.83
2024-05-26,Asia Pacific,Australia,Office Supplies,Labels,Home Office,1,72.46,48.09,24.37
2022-05-07,Europe,Italy,Office Supplies,Labels,Corporate,2,446.88,232.86,214.02
2022-04-17,North America,Mexico,Furniture,Chairs,Corporate,2,830.8,658.68,172.12
2023-11-27,Asia Pacific,Japan,Office Supplies,Labels,Consumer,5,1687.45,960.39,727.06
2022-01-05,Latin America,Brazil,Furniture,Storage,Home Office,4,1598.36,1180.75,417.61
2023-05-17,Asia Pacific,China,Clothing,Outerwear,Home Office,1,256.47,178.01,78.46
2022-02-07,Asia Pacific,South Korea,Furniture,Storage,Consumer,3,1017.27,535.19,482.08
2023-07-06,Latin America,Chile,Electronics,Computers,Consumer,4,1248.96,830.24,418.72
2024-06-01,North America,United States,Office Supplies,Labels,Consumer,4,344.84,170.82,174.02
2022-01-03,Europe,United Kingdom,Office Supplies,Binders,Corporate,3,365.01,257.53,107.48
2023-05-28,Asia Pacific,Japan,Electronics,Audio,Corporate,1,39.98,31.82,8.16
2023-03-08,North America,Mexico,Office Supplies,Paper,Corporate,5,1266.45,514.23,752.22
2023-12-02,Europe,Italy,Electronics,Phones,Consumer,3,962.01,678.63,283.38
2023-03-05,Europe,Italy,Furniture,Desks,Consumer,1,447.87,301.21,146.66
2024-01-24,Asia Pacific,India,Furniture,Storage,Home Office,4,768.08,551.99,216.09
2024-06-25,Europe,Germany,Furniture,Storage,Consumer,1,24.45,16.45,8.0
2022-06-12,Asia Pacific,India,Clothing,Pants,Home Office,1,342.64,214.61,128.03
2024-09-14,Europe,Italy,Furniture,Desks,Home Office,2,31.88,23.64,8.24
2024-06-04,Asia Pacific,South Korea,Office Supplies,Labels,Home Office,1,417.96,293.19,124.77
2023-12-01,Latin America,Argentina,Office Supplies,Labels,Home Office,4,46.96,22.71,24.25
2022-11-17,Latin America,Brazil,Clothing,Outerwear,Home Office,4,1652.16,696.19,955.97
2022-03-07,Europe,United Kingdom,Clothing,Outerwear,Home Office,2,64.74,36.26,28.48
2022-04-07,Latin America,Chile,Furniture,Chairs,Home Office,4,1658.72,1273.63,385.09
2023-05-30,Latin America,Colombia,Furniture,Tables,Consumer,2,311.92,223.89,88.03
2023-07-05,North America,Mexico,Clothing,Pants,Home Office,1,291.34,125.94,165.4
2022-01-01,North America,United States,Furniture,Chairs,Consumer,4,997.08,470.54,526.54
2022-05-28,Latin America,Chile,Furniture,Desks,Consumer,4,853.6,484.95,368.65
2024-09-17,North America,United States,Clothing,Pants,Corporate,2,454.1,257.98,196.12
2022-10-04,North America,Mexico,Furniture,Chairs,Home Office,2,31.2,12.54,18.66
2024-03-02,North America,Mexico,Furniture,Tables,Consumer,3,262.77,164.89,97.88
2022-04-06,North America,Canada,Office Supplies,Paper,Home Office,4,1757.52,1203.09,554.43
2023-07-03,Europe,United Kingdom,Clothing,Shirts,Corporate,2,565.1,376.0,189.1
2022-07-17,Latin America,Colombia,Furniture,Tables,Consumer,3,591.51,411.57,179.94
2023-07-30,Latin America,Brazil,Electronics,Accessories,Consumer,4,160.16,93.16,67.0
2023-05-01,Latin America,Colombia,Furniture,Chairs,Corporate,1,276.26,114.85,161.41
2024-07-29,Europe,Italy,Electronics,Audio,Corporate,5,2034.4,1490.57,543.83
2022-04-06,North America,Mexico,Electronics,Accessories,Consumer,3,1158.06,588.95,569.11
2024-05-27,Asia Pacific,South Korea,Office Supplies,Labels,Corporate,4,1201.44,906.56,294.88
2023-04-06,Latin America,Colombia,Office Supplies,Binders,Corporate,5,2444.05,1792.42,651.63
2022-02-12,Europe,Spain,Office Supplies,Labels,Corporate,2,232.86,97.15,135.71
2022-01-10,Asia Pacific,Australia,Furniture,Tables,Corporate,2,44.3,28.56,15.74
2022-12-23,North America,Canada,Electronics,Phones,Consumer,2,404.8,286.48,118.32
2023-12-17,Asia Pacific,Australia,Clothing,Outerwear,Consumer,5,1113.7,574.94,538.76
2022-07-03,Latin America,Argentina,Furniture,Storage,Consumer,1,240.84,175.2,65.64
2023-02-19,North America,United States,Office Supplies,Pens,Consumer,4,1610.96,757.33,853.63
2024-03-06,Europe,Germany,Electronics,Phones,Home Office,3,843.48,665.8,177.68
2022-01-27,Latin America,Brazil,Electronics,Computers,Corporate,5,100.7,52.55,48.15
2023-04-20,North America,Canada,Office Supplies,Labels,Corporate,2,110.9,50.28,60.62
2022-08-08,Latin America,Brazil,Electronics,Phones,Home Office,4,1998.52,1519.12,479.4
2023-04-23,Asia Pacific,Japan,Electronics,Audio,Consumer,4,988.64,722.94,265.7
2024-07-13,North America,United States,Electronics,Accessories,Consumer,4,1086.88,663.42,423.46
2024-06-06,Asia Pacific,India,Office Supplies,Paper,Corporate,4,1777.28,959.67,817.61
2023-09-29,Latin America,Chile,Furniture,Desks,Corporate,2,355.94,187.58,168.36
2024-06-28,Latin America,Colombia,Clothing,Pants,Home Office,5,966.1,536.39,429.71
2024-03-01,North America,United States,Furniture,Tables,Home Office,4,1489.6,613.79,875.81
2023-06-27,North America,Mexico,Office Supplies,Paper,Home Office,4,1600.2,1159.0,441.2
2023-12-21,North America,Mexico,Clothing,Pants,Consumer,2,76.8,40.15,36.65
2024-10-03,Europe,France,Clothing,Shirts,Home Office,1,187.09,147.02,40.07
2023-12-07,Europe,Germany,Office Supplies,Paper,Corporate,2,925.58,736.05,189.53
2022-02-05,Latin America,Argentina,Electronics,Audio,Home Office,4,819.32,544.57,274.75
2023-01-31,North America,Mexico,Electronics,Audio,Consumer,5,577.9,446.38,131.52
2023-07-16,Europe,Spain,Furniture,Storage,Corporate,5,200.05,159.74,40.31
2024-12-05,Latin America,Colombia,Furniture,Storage,Corporate,2,308.9,210.21,98.69
2022-07-12,Latin America,Colombia,Clothing,Pants,Consumer,5,1252.4,646.35,606.05
2022-02-12,Latin America,Chile,Clothing,Outerwear,Consumer,5,1618.7,738.17,880.53
2024-12-17,Europe,France,Clothing,Shirts,Home Office,2,592.02,316.28,275.74
2024-05-11,Europe,Italy,Electronics,Audio,Corporate,3,803.52,371.02,432.5
2022-10-14,Latin America,Colombia,Furniture,Tables,Consumer,2,350.86,153.84,197.02
2024-08-10,Latin America,Colombia,Furniture,Storage,Consumer,3,1202.28,780.46,421.82
2023-06-01,Asia Pacific,India,Clothing,Outerwear,Home Office,2,852.78,385.14,467.64
2024-04-01,Latin America,Chile,Electronics,Accessories,Home Office,2,85.2,46.71,38.49
2024-08-02,North America,United States,Office Supplies,Pens,Home Office,5,777.85,392.21,385.64
2024-07-19,North America,Mexico,Office Supplies,Paper,Home Office,1,183.68,138.47,45.21
2023-06-17,Asia Pacific,South Korea,Electronics,Accessories,Corporate,4,652.32,380.86,271.46
2023-09-03,North America,United States,Furniture,Chairs,Consumer,4,894.0,534.76,359.24
2023-04-27,Europe,France,Office Supplies,Pens,Home Office,2,921.76,502.29,419.47
2023-08-11,North America,Canada,Electronics,Computers,Corporate,2,323.04,192.17,130.87
2023-12-24,Asia Pacific,India,Electronics,Audio,Consumer,1,325.92,205.81,120.11
2022-08-12,North America,Mexico,Electronics,Audio,Home Office,4,1734.16,1087.78,646.38
2022-06-12,Europe,Italy,Furniture,Storage,Home Office,3,444.15,352.34,91.81
2022-01-17,North America,United States,Clothing,Shoes,Consumer,2,888.9,703.88,185.02
2022-08-04,Asia Pacific,India,Office Supplies,Pens,Home Office,1,418.2,183.36,234.84
2024-07-12,Asia Pacific,Australia,Clothing,Outerwear,Consumer,5,54.9,26.18,28.72
2022-11-24,Europe,Italy,Electronics,Accessories,Corporate,1,306.46,216.22,90.24
2023-10-30,Asia Pacific,China,Furniture,Tables,Corporate,4,533.6,240.49,293.11
2024-05-01,Asia Pacific,South Korea,Clothing,Pants,Home Office,1,465.11,230.32,234.79
2024-02-28,Asia Pacific,India,Furniture,Desks,Consumer,1,281.67,153.8,127.87
2022-02-22,North America,Mexico,Electronics,Phones,Home Office,2,20.04,10.68,9.36
2023-02-04,Latin America,Argentina,Clothing,Shoes,Home Office,2,790.26,523.36,266.9
2022-11-13,North America,United States,Electronics,Accessories,Consumer,1,492.67,303.96,188.71
2024-05-18,Europe,Germany,Furniture,Desks,Corporate,4,367.96,201.09,166.87
2022-05-22,Asia Pacific,China,Electronics,Accessories,Consumer,2,465.26,211.06,254.2
2022-12-08,Asia Pacific,Japan,Clothing,Pants,Corporate,5,1933.85,957.42,976.43
2022-12-10,Latin America,Argentina,Clothing,Outerwear,Home Office,3,546.18,237.8,308.38
2022-10-16,Europe,Germany,Office Supplies,Binders,Home Office,5,903.65,666.98,236.67
2022-11-01,Europe,France,Clothing,Pants,Home Office,5,2049.3,899.6,1149.7
2024-06-09,North America,Mexico,Electronics,Audio,Corporate,5,1246.2,602.14,644.06
2022-11-03,Latin America,Brazil,Office Supplies,Paper,Home Office,5,779.25,445.29,333.96
2023-11-03,Europe,United Kingdom,Furniture,Desks,Home Office,5,1557.1,1077.88,479.22
2022-07-16,Asia Pacific,Australia,Office Supplies,Paper,Consumer,5,2383.35,1867.02,516.33
2024-08-27,Europe,Italy,Office Supplies,Binders,Home Office,3,817.98,485.44,332.54
2023-06-12,North America,United States,Furniture,Desks,Consumer,5,2282.7,1384.92,897.78
2024-03-25,Asia Pacific,South Korea,Electronics,Accessories,Home Office,2,987.54,722.18,265.36
2022-02-16,Asia Pacific,India,Electronics,Phones,Home Office,4,599.04,290.01,309.03
2023-10-22,Latin America,Chile,Furniture,Tables,Corporate,3,1491.84,1136.57,355.27
2024-02-05,Latin America,Brazil,Office Supplies,Labels,Home Office,1,10.7,5.73,4.97
2022-08-16,Europe,Germany,Clothing,Pants,Corporate,2,307.52,202.41,105.11
2023-08-08,Latin America,Brazil,Electronics,Computers,Corporate,1,290.35,120.76,169.59
2024-07-07,Europe,France,Office Supplies,Labels,Consumer,5,2349.95,1700.25,649.7
2024-08-26,Latin America,Argentina,Office Supplies,Labels,Corporate,3,703.38,349.67,353.71
2022-04-22,Europe,France,Clothing,Pants,Home Office,5,1527.9,1188.54,339.36
2022-07-13,North America,United States,Clothing,Pants,Corporate,4,642.48,454.96,187.52
2022-06-14,North America,Canada,Furniture,Chairs,Home Office,2,173.76,70.58,103.18
2024-09-03,Asia Pacific,India,Furniture,Tables,Corporate,5,1947.85,1364.2,583.65
2024-10-23,Latin America,Colombia,Office Supplies,Labels,Corporate,3,540.15,287.76,252.39
2024-04-27,Asia Pacific,India,Office Supplies,Paper,Home Office,4,1533.92,777.62,756.3
2024-10-22,Latin America,Argentina,Clothing,Outerwear,Home Office,4,258.68,108.12,150.56
2022-04-21,Europe,France,Office Supplies,Binders,Corporate,3,530.64,265.18,265.46
2023-08-09,Latin America,Chile,Furniture,Storage,Home Office,5,751.1,437.18,313.92
2023-08-11,North America,Mexico,Office Supplies,Binders,Consumer,3,1009.56,559.55,450.01
2023-02-06,Latin America,Brazil,Clothing,Outerwear,Home Office,1,427.85,260.57,167.28
2024-03-17,North America,United States,Clothing,Outerwear,Home Office,5,903.25,565.02,338.23
2022-12-01,Europe,Italy,Electronics,Computers,Consumer,2,303.04,195.88,107.16
2024-07-31,Latin America,Brazil,Electronics,Phones,Consumer,4,905.32,645.95,259.37
2023-08-27,Europe,Spain,Electronics,Audio,Home Office,5,2431.6,1815.01,616.59
2024-11-30,Asia Pacific,South Korea,Furniture,Desks,Consumer,3,358.32,202.9,155.42
2023-07-10,Latin America,Chile,Furniture,Storage,Corporate,4,1406.6,853.4,553.2
2023-03-11,Latin America,Brazil,Clothing,Shirts,Home Office,5,1680.0,1213.08,466.92
2024-02-24,Asia Pacific,Australia,Electronics,Audio,Consumer,1,396.81,224.48,172.33
2023-10-14,Europe,United Kingdom,Clothing,Shirts,Home Office,1,431.18,205.88,225.3
2022-05-13,Europe,Spain,Electronics,Audio,Corporate,4,626.4,285.62,340.78
2024-12-24,Asia Pacific,Australia,Office Supplies,Labels,Corporate,5,836.45,523.71,312.74
2022-07-12,Europe,Spain,Electronics,Computers,Consumer,4,1056.12,612.98,443.14
2023-03-06,North America,Mexico,Furniture,Storage,Home Office,3,190.41,132.26,58.15
2023-06-20,Asia Pacific,South Korea,Furniture,Tables,Consumer,3,1048.77,442.91,605.86
2023-01-06,Asia Pacific,Australia,Office Supplies,Labels,Consumer,1,385.27,307.26,78.01
2024-08-10,Asia Pacific,Japan,Office Supplies,Paper,Corporate,5,357.6,260.56,97.04
2023-02-16,Europe,Spain,Electronics,Computers,Consumer,1,237.69,155.35,82.34
2022-03-10,Europe,Italy,Electronics,Phones,Corporate,1,392.78,291.15,101.63
2024-03-05,Europe,France,Office Supplies,Pens,Consumer,3,1029.18,412.52,616.66
2024-02-08,Europe,Germany,Office Supplies,Labels,Corporate,1,358.07,234.65,123.42
2024-10-11,North America,United States,Office Supplies,Pens,Consumer,3,1090.02,817.89,272.13
2023-07-05,Europe,France,Electronics,Accessories,Consumer,2,675.18,519.35,155.83
2024-01-20,North America,Canada,Office Supplies,Binders,Consumer,4,140.52,105.87,34.65
2022-10-18,Europe,France,Office Supplies,Labels,Consumer,2,271.34,205.3,66.04
2024-01-08,Europe,United Kingdom,Clothing,Shirts,Consumer,2,620.56,249.28,371.28
2024-01-19,Europe,Spain,Office Supplies,Pens,Consumer,3,105.72,63.09,42.63
2024-02-06,Latin America,Argentina,Furniture,Storage,Corporate,3,620.7,374.68,246.02
2022-05-10,Europe,Italy,Office Supplies,Pens,Home Office,5,1955.9,1014.79,941.11
2024-03-08,North America,United States,Office Supplies,Binders,Corporate,2,829.1,610.52,218.58
2024-12-10,North America,Canada,Furniture,Desks,Home Office,4,41.88,28.04,13.84
2022-01-21,Asia Pacific,Australia,Clothing,Outerwear,Consumer,1,232.94,122.49,110.45
2023-11-14,Latin America,Colombia,Office Supplies,Binders,Home Office,5,1925.05,1258.08,666.97
2022-03-21,Latin America,Chile,Clothing,Shoes,Home Office,2,180.52,84.43,96.09
2023-01-08,North America,Canada,Furniture,Chairs,Consumer,4,508.6,216.48,292.12
2022-08-04,North America,Canada,Clothing,Shirts,Home Office,2,394.16,195.85,198.31
2022-06-10,North America,Canada,Furniture,Chairs,Consumer,5,1024.85,464.7,560.15
2022-10-23,Europe,Germany,Clothing,Shirts,Corporate,1,360.73,163.28,197.45
2023-08-12,Asia Pacific,Australia,Furniture,Tables,Corporate,5,432.7,222.8,209.9
2022-02-15,Europe,Germany,Furniture,Chairs,Consumer,1,57.29,25.88,31.41
2024-12-14,Europe,Italy,Furniture,Storage,Home Office,2,346.26,227.24,119.02
2024-09-27,North America,Mexico,Furniture,Storage,Consumer,2,612.08,483.1,128.98
2022-08-27,Latin America,Colombia,Furniture,Storage,Home Office,5,723.25,502.01,221.24
2024-02-09,Asia Pacific,China,Clothing,Shoes,Home Office,3,346.83,148.32,198.51
2023-07-18,North America,Mexico,Furniture,Chairs,Home Office,4,117.88,49.69,68.19
2023-05-19,Europe,Spain,Electronics,Computers,Corporate,2,911.7,627.73,283.97
2023-11-16,Latin America,Colombia,Furniture,Desks,Consumer,4,1501.92,1149.96,351.96
2023-02-10,Latin America,Argentina,Furniture,Storage,Corporate,5,1687.85,1061.45,626.4
2024-07-11,Latin America,Argentina,Furniture,Storage,Consumer,5,432.7,221.43,211.27
2022-12-07,Europe,Germany,Furniture,Tables,Home Office,2,212.86,146.51,66.35
2022-06-19,Europe,Italy,Office Supplies,Pens,Home Office,2,233.12,149.33,83.79
2022-02-27,Latin America,Argentina,Clothing,Shirts,Home Office,3,1381.47,1004.71,376.76
2022-03-28,North America,Canada,Office Supplies,Paper,Consumer,3,527.43,244.81,282.62
2022-11-14,Asia Pacific,Australia,Clothing,Shoes,Home Office,1,265.98,194.07,71.91
2023-03-28,Europe,France,Electronics,Audio,Corporate,2,700.26,451.98,248.28
2023-01-23,Europe,Spain,Office Supplies,Paper,Corporate,2,861.88,535.34,326.54
2023-04-25,Europe,Italy,Clothing,Outerwear,Home Office,1,368.37,266.2,102.17
2022-02-14,Asia Pacific,Japan,Electronics,Audio,Corporate,5,1231.45,773.54,457.91
2022-05-02,Europe,France,Clothing,Pants,Consumer,2,746.24,501.74,244.5
2022-01-29,North America,Canada,Electronics,Accessories,Consumer,5,1117.55,810.62,306.93
2024-10-27,Asia Pacific,India,Clothing,Outerwear,Corporate,3,277.23,179.62,97.61
2023-07-05,Europe,France,Clothing,Outerwear,Consumer,5,1613.15,891.1,722.05
2022-10-07,Europe,Spain,Electronics,Computers,Corporate,2,683.94,374.52,309.42
2023-06-26,North America,United States,Electronics,Audio,Corporate,4,388.76,202.67,186.09
2022-05-27,Europe,Spain,Clothing,Shoes,Corporate,5,114.1,75.19,38.91
2023-06-28,North America,Mexico,Office Supplies,Labels,Corporate,4,109.4,52.53,56.87
2023-07-01,Europe,France,Office Supplies,Pens,Home Office,2,43.0,22.71,20.29
2023-04-06,Europe,Spain,Electronics,Audio,Consumer,3,1306.65,886.16,420.49
2023-03-02,Latin America,Brazil,Office Supplies,Pens,Home Office,3,309.39,138.58,170.81
2022-05-14,Asia Pacific,India,Furniture,Chairs,Home Office,3,383.94,302.25,81.69
2022-06-09,Europe,Germany,Office Supplies,Pens,Home Office,4,580.24,335.2,245.04
2024-06-16,Latin America,Brazil,Clothing,Shoes,Home Office,4,609.32,283.54,325.78
2024-04-27,Europe,United Kingdom,Clothing,Shirts,Corporate,5,244.35,101.63,142.72
2022-05-22,North America,United States,Furniture,Storage,Corporate,5,1939.85,1064.53,875.32
2023-09-01,Europe,United Kingdom,Electronics,Accessories,Corporate,5,1649.65,676.7,972.95
2023-06-09,North America,United States,Electronics,Accessories,Consumer,2,693.96,480.77,213.19
2023-08-24,Europe,United Kingdom,Office Supplies,Pens,Consumer,4,606.76,458.27,148.49
2022-06-25,Europe,United Kingdom,Electronics,Accessories,Consumer,3,1037.04,500.66,536.38
2022-03-01,Asia Pacific,Australia,Electronics,Computers,Consumer,3,1100.07,666.01,434.06
2023-10-11,North America,Canada,Clothing,Shirts,Corporate,4,1934.68,1050.7,883.98
2022-08-26,Asia Pacific,China,Office Supplies,Pens,Corporate,1,172.74,70.55,102.19
2023-12-21,North America,Canada,Furniture,Desks,Corporate,1,345.8,147.32,198.48
2023-04-17,Latin America,Brazil,Electronics,Audio,Consumer,1,48.84,33.39,15.45
2022-12-23,Latin America,Brazil,Office Supplies,Pens,Corporate,5,522.4,232.33,290.07
2024-03-15,North America,Mexico,Clothing,Outerwear,Consumer,3,1432.05,1073.04,359.01
2023-01-18,Asia Pacific,Australia,Furniture,Chairs,Home Office,1,253.42,151.98,101.44
2022-06-02,Europe,Germany,Electronics,Accessories,Consumer,3,1108.47,685.36,423.11
2023-09-20,Asia Pacific,Japan,Office Supplies,Paper,Home Office,5,1120.55,802.84,317.71
2024-05-27,Europe,France,Furniture,Tables,Corporate,1,58.58,23.78,34.8
2023-05-02,North America,Mexico,Electronics,Audio,Consumer,1,407.56,262.66,144.9
2024-10-31,North America,United States,Clothing,Shirts,Home Office,2,668.54,493.46,175.08
2023-01-14,Latin America,Chile,Electronics,Audio,Home Office,5,2165.75,1088.85,1076.9
2022-11-04,Asia Pacific,Australia,Furniture,Storage,Home Office,3,1236.63,568.18,668.45
2024-05-23,Asia Pacific,Japan,Clothing,Pants,Home Office,4,1265.68,938.75,326.93
2024-06-14,Asia Pacific,South Korea,Electronics,Phones,Consumer,3,132.99,93.94,39.05
2022-10-05,Latin America,Argentina,Office Supplies,Pens,Consumer,4,1005.72,602.5,403.22
2024-11-24,Europe,Spain,Clothing,Shoes,Home Office,1,15.67,6.29,9.38
2022-10-03,Asia Pacific,China,Furniture,Storage,Consumer,2,207.18,146.02,61.16
2023-12-29,Latin America,Argentina,Electronics,Computers,Home Office,2,795.62,440.88,354.74
2024-03-04,Europe,United Kingdom,Electronics,Accessories,Consumer,5,2038.3,1080.62,957.68
2022-08-28,Europe,Spain,Clothing,Shirts,Home Office,5,2294.75,1302.02,992.73
2024-05-16,North America,United States,Electronics,Audio,Consumer,2,632.28,440.64,191.64
2023-01-05,Latin America,Colombia,Clothing,Pants,Corporate,1,389.52,220.85,168.67
2023-02-28,Europe,Italy,Office Supplies,Paper,Corporate,4,1416.32,930.67,485.65
2024-10-07,Latin America,Brazil,Office Supplies,Binders,Consumer,5,1631.7,1076.01,555.69
2023-11-27,North America,Mexico,Electronics,Computers,Consumer,4,1266.44,601.21,665.23
2022-04-09,North America,Canada,Office Supplies,Labels,Corporate,3,1205.97,764.6,441.37
2023-08-13,North America,United States,Office Supplies,Pens,Corporate,1,202.29,111.0,91.29
2023-01-04,North America,Canada,Clothing,Shirts,Home Office,1,383.54,230.85,152.69
2023-09-28,Europe,Spain,Clothing,Outerwear,Home Office,1,126.14,92.72,33.42
2022-07-11,Latin America,Colombia,Office Supplies,Paper,Consumer,4,893.48,476.35,417.13
2022-02-17,North America,Canada,Furniture,Desks,Corporate,2,743.06,328.5,414.56
2024-07-01,Asia Pacific,Japan,Furniture,Storage,Consumer,5,657.1,409.75,247.35
2022-03-15,Europe,Italy,Electronics,Computers,Corporate,4,610.64,349.13,261.51
2024-01-08,Latin America,Colombia,Office Supplies,Pens,Corporate,1,445.42,222.41,223.01
2024-10-08,Asia Pacific,Japan,Furniture,Desks,Consumer,5,306.4,129.51,176.89
2022-04-02,North America,United States,Clothing,Shirts,Consumer,1,11.5,7.52,3.98
2022-01-12,Europe,Germany,Office Supplies,Paper,Corporate,1,302.67,195.47,107.2
2024-08-08,Asia Pacific,India,Office Supplies,Paper,Corporate,4,205.36,83.66,121.7
2024-03-22,Asia Pacific,Australia,Office Supplies,Paper,Corporate,2,788.4,406.48,381.92
2024-03-27,North America,Canada,Furniture,Tables,Home Office,2,985.48,666.11,319.37
2024-06-28,Europe,Spain,Electronics,Phones,Corporate,3,1177.38,843.76,333.62
2022-03-19,Europe,Spain,Electronics,Computers,Home Office,3,1281.6,723.99,557.61
2023-11-10,Europe,United Kingdom,Office Supplies,Labels,Home Office,5,2030.35,1545.69,484.66
2023-03-21,Europe,Italy,Clothing,Outerwear,Corporate,2,879.28,690.55,188.73
2024-12-26,North America,United States,Furniture,Storage,Home Office,4,844.8,603.15,241.65
2023-09-15,Asia Pacific,Australia,Furniture,Tables,Home Office,4,1811.84,998.5,813.34
2022-03-17,North America,Mexico,Office Supplies,Labels,Corporate,2,782.36,459.35,323.01
2023-09-19,Latin America,Colombia,Furniture,Chairs,Home Office,2,660.84,311.84,349.0
2022-02-02,North America,United States,Office Supplies,Pens,Home Office,4,1092.96,785.26,307.7
2022-11-18,Europe,France,Clothing,Shirts,Corporate,1,396.85,301.21,95.64
2022-11-23,North America,Canada,Clothing,Shoes,Home Office,1,412.1,318.37,93.73
2024-04-17,North America,United States,Electronics,Accessories,Corporate,3,773.34,501.64,271.7
2024-10-25,Europe,France,Furniture,Storage,Corporate,3,841.98,591.23,250.75
2023-03-24,Asia Pacific,Australia,Electronics,Audio,Home Office,3,950.22,386.84,563.38
2023-04-22,Latin America,Argentina,Furniture,Storage,Corporate,4,1221.24,499.57,721.67
2022-09-03,Asia Pacific,Australia,Clothing,Shirts,Consumer,5,1792.3,1285.91,506.39
2023-04-07,Europe,Italy,Furniture,Chairs,Corporate,2,41.72,16.97,24.75
2022-08-02,North America,Canada,Clothing,Shoes,Consumer,1,185.87,112.68,73.19
2023-04-08,Europe,France,Office Supplies,Paper,Consumer,5,1343.15,861.17,481.98
2023-05-31,Asia Pacific,Australia,Electronics,Computers,Consumer,4,1137.72,504.26,633.46
2024-10-03,Asia Pacific,Japan,Office Supplies,Paper,Corporate,3,356.88,263.26,93.62
2022-04-04,Europe,Italy,Office Supplies,Paper,Home Office,1,227.21,129.76,97.45
2024-07-03,Asia Pacific,Australia,Electronics,Phones,Corporate,2,972.36,512.89,459.47
2024-02-25,North America,Mexico,Furniture,Desks,Corporate,2,232.94,129.43,103.51
2023-07-06,Europe,France,Clothing,Outerwear,Consumer,3,1153.8,504.51,649.29
2024-06-08,Europe,Germany,Office Supplies,Labels,Corporate,1,324.22,195.61,128.61
2022-11-17,Asia Pacific,Japan,Clothing,Outerwear,Home Office,3,140.52,85.86,54.66
2024-07-09,Asia Pacific,India,Clothing,Pants,Consumer,4,173.88,130.09,43.79
2024-03-11,North America,United States,Clothing,Outerwear,Consumer,5,975.75,400.31,575.44
2022-05-04,North America,Mexico,Furniture,Storage,Corporate,5,1985.65,1513.01,472.64
2023-11-07,Latin America,Argentina,Clothing,Pants,Home Office,5,1211.0,716.21,494.79
2023-11-04,Asia Pacific,China,Furniture,Tables,Corporate,4,1533.32,786.97,746.35
2022-08-23,Europe,Spain,Office Supplies,Paper,Consumer,5,1636.35,761.48,874.87
2023-12-31,Latin America,Chile,Furniture,Tables,Home Office,4,978.2,543.29,434.91
2024-07-19,Asia Pacific,Australia,Office Supplies,Binders,Consumer,2,783.5,496.47,287.03
2024-11-10,Europe,Italy,Clothing,Outerwear,Home Office,3,513.99,287.69,226.3
2023-09-04,Europe,Germany,Electronics,Audio,Corporate,1,172.53,130.12,42.41
2024-10-10,Latin America,Chile,Furniture,Chairs,Consumer,5,1834.95,1077.85,757.1
2022-12-03,Latin America,Brazil,Office Supplies,Pens,Home Office,5,861.35,593.54,267.81
2024-11-29,Latin America,Brazil,Office Supplies,Pens,Corporate,3,360.33,163.08,197.25
2024-08-12,Europe,Italy,Office Supplies,Binders,Corporate,2,807.06,342.42,464.64
2023-06-16,North America,Canada,Clothing,Shoes,Home Office,5,1792.55,1117.1,675.45
2022-04-06,Latin America,Colombia,Furniture,Storage,Home Office,2,497.88,260.36,237.52
2024-08-11,North America,United States,Office Supplies,Labels,Home Office,4,419.32,298.9,120.42
2022-06-24,Asia Pacific,India,Electronics,Accessories,Consumer,1,372.87,180.71,192.16
2024-08-28,North America,United States,Clothing,Pants,Consumer,3,59.49,39.02,20.47
2023-03-18,North America,Mexico,Electronics,Accessories,Corporate,4,1739.6,1195.68,543.92
2024-05-18,Europe,France,Clothing,Shoes,Corporate,4,377.68,262.34,115.34
2024-10-25,Europe,Germany,Office Supplies,Labels,Home Office,2,143.44,85.72,57.72
2024-05-17,Latin America,Brazil,Clothing,Shirts,Corporate,4,220.32,111.72,108.6
2024-01-06,Latin America,Argentina,Office Supplies,Labels,Home Office,3,1047.03,499.34,547.69
2023-10-09,Europe,Italy,Electronics,Phones,Home Office,2,306.46,131.19,175.27
2024-06-23,Europe,France,Office Supplies,Binders,Consumer,3,733.14,548.97,184.17
2022-07-16,North America,Canada,Office Supplies,Pens,Consumer,1,283.11,206.86,76.25
2023-11-14,North America,Canada,Electronics,Phones,Corporate,1,223.04,131.34,91.7
2024-05-25,Europe,United Kingdom,Furniture,Chairs,Corporate,3,489.69,304.3,185.39
2023-01-31,Latin America,Chile,Furniture,Storage,Corporate,1,429.07,336.56,92.51
2023-05-17,Europe,Germany,Electronics,Phones,Consumer,2,350.56,182.28,168.28
2024-04-06,Latin America,Chile,Electronics,Audio,Home Office,5,1687.9,916.98,770.92
2024-07-08,Latin America,Brazil,Furniture,Chairs,Home Office,4,43.64,24.94,18.7
2022-09-15,Asia Pacific,South Korea,Furniture,Tables,Consumer,1,450.5,324.65,125.85
2023-03-20,Asia Pacific,Australia,Office Supplies,Labels,Consumer,4,1754.6,1134.23,620.37
2024-11-21,Europe,Spain,Clothing,Pants,Corporate,3,1474.98,774.01,700.97
2023-09-26,North America,United States,Clothing,Pants,Consumer,4,1724.48,1214.97,509.51
2022-10-13,North America,Canada,Electronics,Audio,Consumer,5,771.6,498.76,272.84
2022-10-15,North America,United States,Furniture,Storage,Corporate,3,1436.79,943.85,492.94
2023-11-30,North America,Canada,Clothing,Pants,Consumer,5,1468.6,709.07,759.53
2024-09-10,Europe,United Kingdom,Electronics,Computers,Consumer,2,521.36,359.38,161.98
2024-10-31,Europe,Italy,Electronics,Phones,Corporate,1,392.69,306.4,86.29
2024-01-23,Asia Pacific,Australia,Clothing,Shoes,Consumer,4,1135.28,795.6,339.68
2024-03-06,North America,United States,Electronics,Audio,Home Office,1,13.0,10.26,2.74
2023-07-08,Latin America,Brazil,Electronics,Computers,Consumer,3,340.5,168.92,171.58
2022-01-02,Asia Pacific,India,Office Supplies,Pens,Consumer,1,370.33,164.09,206.24
2023-12-06,Asia Pacific,South Korea,Office Supplies,Pens,Home Office,1,381.7,225.05,156.65
2022-08-09,Latin America,Brazil,Electronics,Computers,Corporate,3,126.66,83.26,43.4
2023-10-12,Europe,United Kingdom,Office Supplies,Binders,Home Office,2,790.46,324.11,466.35
2022-02-25,North America,Canada,Electronics,Phones,Consumer,3,1343.94,980.64,363.3
2023-03-20,Latin America,Brazil,Clothing,Outerwear,Consumer,5,783.5,511.36,272.14
2023-02-05,Asia Pacific,South Korea,Clothing,Pants,Consumer,1,11.46,7.26,4.2
2022-03-10,North America,Canada,Furniture,Storage,Consumer,1,185.82,87.64,98.18
2023-12-06,Latin America,Argentina,Office Supplies,Paper,Corporate,5,1263.85,639.37,624.48
2023-07-20,Asia Pacific,Australia,Office Supplies,Paper,Home Office,4,1157.52,560.39,597.13
2023-08-03,North America,Canada,Clothing,Outerwear,Consumer,1,456.71,286.04,170.67
2024-01-27,Europe,Italy,Electronics,Phones,Consumer,5,1627.65,1028.13,599.52
2024-03-22,Latin America,Colombia,Clothing,Shirts,Home Office,3,258.12,204.67,53.45
2023-11-12,Latin America,Brazil,Office Supplies,Pens,Home Office,3,242.28,98.27,144.01
2024-11-20,Europe,France,Office Supplies,Labels,Home Office,2,616.56,448.58,167.98
2022-04-03,Europe,Spain,Electronics,Computers,Corporate,4,444.04,192.28,251.76
2022-04-16,Asia Pacific,South Korea,Clothing,Outerwear,Home Office,3,331.71,140.85,190.86
2023-06-01,Latin America,Brazil,Furniture,Storage,Consumer,5,905.25,598.85,306.4
2023-07-15,North America,Canada,Electronics,Phones,Home Office,1,128.95,95.14,33.81
2024-03-02,North America,Canada,Electronics,Phones,Consumer,3,786.63,427.24,359.39
2022-08-12,Europe,Germany,Office Supplies,Paper,Consumer,5,746.85,395.94,350.91
2023-10-14,Asia Pacific,Japan,Clothing,Pants,Corporate,3,664.11,337.78,326.33
2022-07-27,Europe,Italy,Clothing,Shirts,Consumer,1,309.95,205.97,103.98
2022-09-06,Asia Pacific,Japan,Office Supplies,Paper,Corporate,4,254.8,111.73,143.07
2023-09-23,Europe,Germany,Office Supplies,Paper,Home Office,4,1508.92,1163.73,345.19
2022-10-05,Latin America,Brazil,Furniture,Chairs,Corporate,4,1992.64,1246.26,746.38
2024-11-23,North America,Mexico,Electronics,Phones,Consumer,1,90.7,43.79,46.91
2022-02-16,North America,Canada,Clothing,Shoes,Corporate,3,949.71,528.11,421.6
2024-08-09,Europe,Germany,Furniture,Tables,Corporate,5,803.2,415.55,387.65
2023-09-22,Asia Pacific,India,Furniture,Tables,Home Office,1,377.48,190.83,186.65
2022-04-25,Asia Pacific,Japan,Electronics,Audio,Home Office,5,949.65,613.38,336.27
2023-07-08,Europe,Italy,Electronics,Accessories,Home Office,2,409.3,217.97,191.33
2024-07-01,Latin America,Argentina,Electronics,Phones,Home Office,5,1251.65,734.4,517.25
2022-09-08,North America,Canada,Electronics,Audio,Home Office,4,1814.12,1141.13,672.99
2022-06-22,Asia Pacific,Australia,Office Supplies,Paper,Home Office,3,901.65,619.68,281.97
2024-01-24,Europe,Italy,Clothing,Outerwear,Consumer,3,236.61,103.73,132.88
2023-02-11,Europe,Italy,Office Supplies,Pens,Corporate,5,1224.9,805.06,419.84
2022-12-18,North America,Mexico,Furniture,Chairs,Consumer,5,236.35,182.38,53.97
2022-12-19,Latin America,Chile,Electronics,Computers,Home Office,3,244.05,128.11,115.94
2023-11-19,Latin America,Brazil,Furniture,Chairs,Corporate,3,1439.43,1072.87,366.56
2022-10-08,Asia Pacific,Japan,Electronics,Computers,Consumer,2,295.02,125.72,169.3
2022-02-02,North America,United States,Electronics,Computers,Consumer,3,653.7,479.25,174.45
2023-01-14,North America,Canada,Furniture,Desks,Home Office,4,1024.24,768.15,256.09
2022-02-26,Asia Pacific,Australia,Furniture,Tables,Corporate,4,86.12,57.2,28.92
2024-05-25,North America,Mexico,Office Supplies,Labels,Corporate,5,2340.85,1379.26,961.59
2024-11-27,Latin America,Argentina,Office Supplies,Labels,Home Office,5,1118.3,796.13,322.17
2022-06-09,North America,United States,Office Supplies,Paper,Corporate,4,1581.08,1023.36,557.72
2024-02-18,Latin America,Argentina,Clothing,Shoes,Consumer,2,573.44,345.45,227.99
2022-03-24,Latin America,Brazil,Electronics,Audio,Corporate,3,100.14,78.06,22.08
2023-12-31,Europe,Germany,Electronics,Phones,Consumer,2,886.68,634.25,252.43
2024-09-17,North America,Mexico,Office Supplies,Pens,Consumer,3,1399.95,965.95,434.0
2023-04-28,Europe,Germany,Electronics,Audio,Consumer,2,129.48,98.15,31.33
2022-06-02,Latin America,Colombia,Clothing,Outerwear,Home Office,3,1369.5,774.22,595.28
2024-09-23,North America,Canada,Electronics,Phones,Home Office,5,2027.35,1281.32,746.03
2022-05-20,North America,United States,Office Supplies,Labels,Home Office,4,291.64,184.65,106.99
2023-02-08,Latin America,Brazil,Office Supplies,Binders,Home Office,4,60.52,33.95,26.57
2022-09-24,Europe,Spain,Furniture,Storage,Corporate,5,1367.45,1083.1,284.35
2024-02-10,Europe,Spain,Electronics,Audio,Corporate,5,1267.3,945.06,322.24
2024-11-29,North America,Canada,Clothing,Shirts,Consumer,4,1076.08,702.52,373.56
2023-07-26,North America,United States,Furniture,Desks,Corporate,5,1525.85,714.09,811.76
2023-09-21,Europe,Spain,Furniture,Desks,Corporate,4,1915.48,985.78,929.7
2024-03-24,Latin America,Brazil,Electronics,Phones,Corporate,1,267.78,186.36,81.42
2024-06-21,Europe,France,Clothing,Shoes,Corporate,5,1073.15,846.67,226.48
2023-08-21,Asia Pacific,Japan,Clothing,Pants,Home Office,2,649.38,426.02,223.36
2024-11-23,North America,Canada,Clothing,Shoes,Corporate,3,207.72,100.84,106.88
2023-11-18,Asia Pacific,Australia,Office Supplies,Labels,Home Office,4,1288.08,530.64,757.44
2024-07-31,North America,Canada,Clothing,Shirts,Corporate,3,525.96,254.66,271.3
2022-02-10,North America,Canada,Furniture,Chairs,Corporate,1,84.16,39.46,44.7
2023-12-21,Europe,United Kingdom,Furniture,Storage,Corporate,4,1393.68,701.49,692.19
2024-01-22,Asia Pacific,Australia,Furniture,Storage,Consumer,4,959.52,627.39,332.13
2023-12-29,Latin America,Chile,Furniture,Desks,Corporate,2,764.12,534.53,229.59
2023-03-19,Latin America,Chile,Furniture,Tables,Consumer,1,100.57,42.29,58.28
2022-05-30,North America,Canada,Office Supplies,Labels,Consumer,4,357.4,191.63,165.77
2022-05-07,North America,Mexico,Office Supplies,Labels,Corporate,1,315.23,183.01,132.22
2023-04-20,Latin America,Argentina,Office Supplies,Paper,Consumer,5,634.65,294.68,339.97
2022-08-29,Asia Pacific,India,Furniture,Tables,Consumer,3,1106.73,629.72,477.01
2023-12-13,North America,Canada,Clothing,Shirts,Home Office,3,1375.44,836.18,539.26
2023-07-13,Asia Pacific,Japan,Furniture,Desks,Corporate,5,2272.05,974.43,1297.62
2022-02-25,North America,Mexico,Furniture,Chairs,Home Office,5,969.5,544.44,425.06
2022-03-11,Asia Pacific,China,Clothing,Pants,Consumer,2,114.66,62.49,52.17
2024-08-12,Asia Pacific,China,Clothing,Shoes,Home Office,2,892.76,502.71,390.05
2023-11-22,Latin America,Chile,Furniture,Chairs,Corporate,2,285.08,134.35,150.73
2022-03-09,Latin America,Brazil,Office Supplies,Pens,Consumer,1,466.57,271.99,194.58
2022-12-06,Europe,Italy,Clothing,Outerwear,Home Office,5,2182.4,1669.57,512.83
2023-01-30,Latin America,Colombia,Office Supplies,Pens,Home Office,4,104.64,62.2,42.44
2024-03-13,Latin America,Colombia,Furniture,Chairs,Consumer,1,41.23,19.9,21.33
2023-12-18,Europe,Italy,Furniture,Tables,Home Office,2,376.82,296.19,80.63
2022-10-30,Europe,Spain,Clothing,Outerwear,Consumer,3,451.2,275.1,176.1
2022-03-03,Latin America,Argentina,Furniture,Storage,Corporate,5,1719.1,962.09,757.01
2023-05-28,Latin America,Brazil,Office Supplies,Paper,Home Office,2,429.76,239.98,189.78
2024-01-21,Asia Pacific,Australia,Furniture,Desks,Home Office,2,212.46,134.95,77.51
2024-08-18,North America,United States,Electronics,Audio,Home Office,4,191.72,106.25,85.47
2022-03-13,Asia Pacific,India,Clothing,Shirts,Consumer,2,965.86,717.56,248.3
2024-01-22,Asia Pacific,Australia,Electronics,Phones,Corporate,2,499.5,373.0,126.5
2022-12-08,Latin America,Colombia,Electronics,Audio,Consumer,2,334.96,238.29,96.67
2022-12-11,Europe,Spain,Furniture,Storage,Corporate,3,1164.27,923.11,241.16
2024-03-24,North America,Canada,Office Supplies,Paper,Consumer,5,1503.25,1149.33,353.92
2023-10-18,Latin America,Argentina,Furniture,Tables,Home Office,4,991.04,424.67,566.37
2022-08-25,North America,Canada,Office Supplies,Paper,Consumer,3,916.08,429.23,486.85
2024-07-19,Europe,Italy,Electronics,Accessories,Home Office,3,1417.89,999.76,418.13
2022-09-25,Europe,France,Furniture,Storage,Consumer,5,1135.55,813.35,322.2
2024-09-06,Latin America,Brazil,Clothing,Shoes,Corporate,4,357.12,238.54,118.58
2024-01-16,Europe,Spain,Clothing,Shirts,Corporate,5,1421.1,701.97,719.13
2023-08-02,North America,Mexico,Furniture,Tables,Corporate,5,584.45,432.56,151.89
2022-08-19,Asia Pacific,South Korea,Furniture,Desks,Corporate,5,1044.25,686.89,357.36
2022-02-18,North America,Canada,Office Supplies,Labels,Corporate,2,69.84,29.32,40.52
2022-10-21,Latin America,Chile,Electronics,Computers,Home Office,4,1331.68,541.07,790.61
2024-08-21,North America,Mexico,Furniture,Chairs,Consumer,2,463.56,201.56,262.0
2022-10-18,North America,United States,Clothing,Outerwear,Corporate,2,508.84,319.3,189.54
2022-12-26,Europe,Spain,Office Supplies,Binders,Corporate,2,508.78,288.29,220.49
2022-09-15,Europe,Germany,Clothing,Pants,Consumer,3,73.77,43.42,30.35
2024-11-20,North America,Mexico,Office Supplies,Paper,Home Office,4,1843.52,1227.63,615.89
2022-02-22,North America,Mexico,Electronics,Audio,Consumer,5,559.25,311.85,247.4
2022-12-29,Latin America,Argentina,Office Supplies,Binders,Corporate,2,201.96,109.82,92.14
2023-06-15,Europe,Spain,Clothing,Pants,Consumer,4,391.72,297.03,94.69
2022-07-28,Asia Pacific,Australia,Furniture,Tables,Corporate,1,390.8,217.65,173.15
2023-01-20,Europe,Italy,Clothing,Outerwear,Corporate,1,51.82,34.51,17.31
2023-11-24,North America,Canada,Electronics,Accessories,Consumer,3,1254.87,895.11,359.76
2022-08-06,Europe,Germany,Clothing,Shoes,Home Office,1,475.18,370.71,104.47
2024-08-08,Asia Pacific,Japan,Clothing,Shoes,Home Office,3,1362.93,806.26,556.67
2022-07-11,North America,United States,Furniture,Chairs,Corporate,2,209.44,131.81,77.63
2022-06-28,Asia Pacific,India,Office Supplies,Binders,Consumer,4,1877.04,1075.64,801.4
2024-11-07,Asia Pacific,China,Clothing,Shoes,Home Office,4,1311.64,713.88,597.76
2022-06-04,Latin America,Colombia,Clothing,Shoes,Consumer,2,155.16,85.54,69.62
2023-09-20,Asia Pacific,China,Office Supplies,Pens,Corporate,1,371.6,177.94,193.66
2023-05-31,Europe,France,Electronics,Accessories,Consumer,4,427.16,255.86,171.3
2024-08-19,Asia Pacific,Australia,Furniture,Tables,Consumer,1,430.34,289.14,141.2
2022-09-26,North America,Mexico,Clothing,Pants,Home Office,1,337.39,252.89,84.5
2022-02-27,Europe,France,Clothing,Pants,Consumer,4,680.24,280.6,399.64
2022-12-28,Asia Pacific,South Korea,Furniture,Storage,Consumer,5,1852.1,915.05,937.05
2024-08-28,North America,United States,Office Supplies,Binders,Consumer,3,158.73,77.31,81.42
2024-05-23,Europe,France,Furniture,Chairs,Home Office,4,1927.56,1237.84,689.72
2022-05-13,Latin America,Argentina,Furniture,Storage,Corporate,4,1271.32,865.3,406.02
2023-06-18,Europe,Germany,Furniture,Storage,Corporate,1,247.53,139.62,107.91
2022-10-16,Europe,United Kingdom,Clothing,Pants,Home Office,5,2260.75,1134.63,1126.12
2022-03-27,Europe,Italy,Office Supplies,Binders,Corporate,1,340.4,193.02,147.38
2022-07-24,North America,Canada,Furniture,Storage,Corporate,5,1532.35,678.39,853.96
2023-09-12,Asia Pacific,Japan,Clothing,Outerwear,Consumer,2,232.64,141.19,91.45
2024-06-07,North America,United States,Clothing,Shoes,Home Office,3,1277.58,552.8,724.78
2022-07-25,Latin America,Brazil,Office Supplies,Binders,Consumer,2,463.62,189.13,274.49
2023-05-01,Latin America,Colombia,Electronics,Computers,Corporate,3,741.3,420.35,320.95
2024-02-07,Europe,United Kingdom,Furniture,Chairs,Corporate,5,2047.5,1306.15,741.35
2022-01-01,Latin America,Colombia,Furniture,Desks,Corporate,2,856.96,436.31,420.65
2024-05-30,Europe,Italy,Furniture,Chairs,Home Office,1,325.98,246.29,79.69
2024-07-15,Asia Pacific,South Korea,Clothing,Outerwear,Corporate,3,50.97,36.27,14.7
2022-08-28,Europe,France,Office Supplies,Pens,Consumer,4,1950.0,1034.44,915.56
2022-01-03,Asia Pacific,India,Electronics,Accessories,Consumer,3,1067.82,658.42,409.4
2023-07-11,North America,United States,Clothing,Pants,Corporate,4,699.16,376.34,322.82
2024-05-06,North America,Mexico,Office Supplies,Paper,Corporate,2,368.66,244.8,123.86
2022-05-07,Asia Pacific,India,Furniture,Desks,Home Office,1,116.85,62.17,54.68
2023-10-22,Europe,Italy,Furniture,Tables,Consumer,2,165.6,107.29,58.31
2024-05-25,Latin America,Argentina,Office Supplies,Pens,Corporate,5,1763.25,1178.66,584.59
2022-08-10,Latin America,Colombia,Clothing,Pants,Home Office,3,782.37,435.56,346.81
2022-10-31,Europe,France,Office Supplies,Pens,Corporate,4,424.44,238.58,185.86
2024-10-26,Latin America,Brazil,Electronics,Accessories,Consumer,4,767.0,371.9,395.1
2023-12-03,Asia Pacific,Australia,Furniture,Storage,Corporate,1,218.25,136.9,81.35
2023-11-21,Europe,Italy,Office Supplies,Labels,Consumer,1,307.3,212.78,94.52
2022-11-05,Asia Pacific,Australia,Office Supplies,Paper,Corporate,5,550.7,403.73,146.97
2023-09-05,Europe,United Kingdom,Office Supplies,Paper,Corporate,2,912.46,495.0,417.46
2023-09-27,North America,Mexico,Clothing,Shoes,Corporate,2,325.06,148.57,176.49
2024-01-09,Latin America,Chile,Electronics,Audio,Consumer,3,263.55,176.02,87.53
2024-09-20,Latin America,Brazil,Furniture,Storage,Corporate,4,884.76,684.42,200.34
2023-04-20,North America,Canada,Clothing,Shoes,Corporate,1,336.88,134.81,202.07
2022-02-27,Latin America,Chile,Electronics,Audio,Consumer,4,372.4,268.13,104.27
2023-04-13,Asia Pacific,India,Electronics,Audio,Home Office,1,143.25,98.11,45.14
2022-05-09,Latin America,Brazil,Furniture,Tables,Consumer,1,297.89,217.21,80.68
2022-06-30,Europe,Italy,Electronics,Phones,Consumer,5,1736.25,725.59,1010.66
2022-07-11,Asia Pacific,India,Office Supplies,Labels,Consumer,5,1451.85,992.07,459.78
2024-01-29,Asia Pacific,Japan,Furniture,Desks,Home Office,2,700.34,287.96,412.38
2024-10-09,Asia Pacific,India,Office Supplies,Binders,Corporate,5,743.85,338.13,405.72
2024-02-22,Europe,Germany,Furniture,Tables,Home Office,5,1382.9,723.28,659.62
2024-04-28,Asia Pacific,China,Electronics,Computers,Home Office,3,855.33,613.09,242.24
2022-10-10,Asia Pacific,China,Furniture,Chairs,Consumer,4,1597.52,898.18,699.34
2023-06-06,Asia Pacific,South Korea,Electronics,Computers,Corporate,5,645.55,515.24,130.31
2022-09-01,Latin America,Colombia,Furniture,Tables,Corporate,2,936.58,640.12,296.46
2022-03-28,Latin America,Brazil,Furniture,Chairs,Home Office,5,441.05,317.7,123.35
2022-02-04,Latin America,Argentina,Furniture,Tables,Consumer,5,2325.1,1359.07,966.03
2024-12-03,North America,Mexico,Electronics,Phones,Home Office,1,85.58,64.02,21.56
2023-05-09,Latin America,Colombia,Electronics,Computers,Home Office,3,691.11,520.48,170.63
2023-05-07,Asia Pacific,India,Office Supplies,Binders,Home Office,1,452.72,290.78,161.94
2023-01-23,Asia Pacific,Australia,Clothing,Pants,Home Office,4,528.08,418.19,109.89
2024-03-14,Europe,France,Electronics,Computers,Consumer,5,1770.85,1393.9,376.95
2022-10-22,North America,United States,Electronics,Accessories,Home Office,3,945.87,477.23,468.64
2022-01-21,North America,Mexico,Electronics,Computers,Home Office,3,1157.64,527.16,630.48
2024-02-10,Europe,Italy,Office Supplies,Pens,Home Office,1,22.03,16.3,5.73
2024-09-11,Europe,Germany,Furniture,Tables,Corporate,4,1941.56,1025.11,916.45
2023-03-20,Asia Pacific,South Korea,Electronics,Computers,Home Office,3,877.44,488.28,389.16
2022-12-17,Europe,Italy,Office Supplies,Binders,Home Office,3,1116.45,458.74,657.71
2022-01-04,North America,Mexico,Office Supplies,Binders,Corporate,3,839.34,439.83,399.51
2022-10-17,North America,Canada,Office Supplies,Paper,Corporate,1,401.28,292.71,108.57
2024-08-12,North America,United States,Furniture,Tables,Consumer,4,934.28,603.67,330.61
2022-04-22,Europe,France,Office Supplies,Pens,Home Office,1,22.77,18.08,4.69
2022-12-27,North America,Mexico,Office Supplies,Paper,Home Office,1,122.48,72.84,49.64
2024-11-06,North America,United States,Furniture,Desks,Consumer,5,886.85,650.1,236.75
2023-11-01,Asia Pacific,China,Furniture,Desks,Consumer,4,149.44,63.11,86.33
2024-05-23,Europe,Germany,Electronics,Computers,Consumer,3,182.1,101.04,81.06
2024-06-13,Europe,United Kingdom,Furniture,Desks,Corporate,4,354.36,262.69,91.67
2023-03-15,Asia Pacific,Australia,Office Supplies,Pens,Home Office,5,2370.05,1859.97,510.08
2023-12-19,Latin America,Argentina,Electronics,Computers,Home Office,3,1272.12,525.58,746.54
2023-09-15,Asia Pacific,China,Office Supplies,Labels,Corporate,2,765.78,437.29,328.49
2023-02-06,Latin America,Argentina,Office Supplies,Labels,Corporate,5,917.05,523.97,393.08
2023-10-01,Latin America,Colombia,Clothing,Outerwear,Home Office,3,1025.16,609.4,415.76
2022-01-10,Asia Pacific,China,Clothing,Outerwear,Consumer,4,949.36,656.84,292.52
2024-04-26,Asia Pacific,Australia,Electronics,Phones,Corporate,5,1620.85,851.28,769.57
2022-10-09,Asia Pacific,India,Clothing,Shirts,Corporate,2,436.26,240.45,195.81
2024-10-20,Asia Pacific,China,Electronics,Audio,Home Office,4,838.16,337.52,500.64
2024-03-09,Europe,Italy,Furniture,Storage,Consumer,3,180.24,82.35,97.89
2024-08-09,Asia Pacific,China,Furniture,Chairs,Home Office,5,436.85,233.21,203.64
2022-08-14,Europe,Germany,Electronics,Computers,Home Office,3,420.21,305.93,114.28
2022-10-03,Latin America,Colombia,Furniture,Storage,Home Office,1,444.56,230.04,214.52
2024-08-08,Asia Pacific,South Korea,Clothing,Shirts,Corporate,1,74.46,47.58,26.88
2023-11-05,Asia Pacific,Australia,Furniture,Storage,Consumer,2,344.86,257.09,87.77
2023-08-24,North America,Canada,Office Supplies,Pens,Corporate,5,1795.15,820.85,974.3
2024-08-27,Asia Pacific,China,Furniture,Chairs,Home Office,1,42.21,18.4,23.81
2023-09-11,Latin America,Argentina,Electronics,Phones,Consumer,3,1343.73,765.0,578.73
2023-03-06,Latin America,Brazil,Electronics,Phones,Corporate,1,148.1,118.2,29.9
2023-10-22,Latin America,Brazil,Clothing,Outerwear,Consumer,1,424.98,231.55,193.43
2024-10-02,Asia Pacific,South Korea,Furniture,Storage,Home Office,3,555.69,385.74,169.95
2022-12-11,North America,United States,Office Supplies,Pens,Consumer,5,2266.85,1644.5,622.35
2024-11-18,Europe,Italy,Clothing,Outerwear,Corporate,5,138.3,81.06,57.24
2024-06-26,Europe,France,Office Supplies,Paper,Home Office,3,486.93,259.94,226.99
2022-09-05,North America,Mexico,Furniture,Desks,Corporate,4,1527.88,1210.93,316.95
2024-06-25,Latin America,Brazil,Clothing,Shirts,Home Office,4,1190.44,529.86,660.58
2024-01-18,North America,United States,Office Supplies,Pens,Corporate,5,817.25,580.7,236.55
2024-01-08,Asia Pacific,South Korea,Furniture,Desks,Corporate,1,349.66,221.41,128.25
2022-09-27,Europe,Spain,Electronics,Audio,Corporate,5,1698.4,1284.77,413.63
2022-02-28,Latin America,Brazil,Furniture,Desks,Corporate,1,19.52,9.13,10.39
2023-04-07,Asia Pacific,China,Furniture,Chairs,Home Office,3,567.21,359.92,207.29
2024-02-25,North America,Canada,Clothing,Pants,Home Office,3,913.32,687.11,226.21
2023-12-10,Latin America,Argentina,Furniture,Desks,Corporate,5,2173.15,1473.39,699.76
2023-07-05,North America,United States,Clothing,Shoes,Consumer,1,284.97,124.08,160.89
2022-06-29,North America,Mexico,Furniture,Tables,Corporate,5,848.2,566.09,282.11
2022-11-24,Europe,Germany,Electronics,Audio,Consumer,2,289.98,189.01,100.97
2024-06-24,North America,Mexico,Clothing,Shirts,Consumer,4,1026.32,727.41,298.91
2024-05-02,Europe,Germany,Clothing,Shirts,Home Office,1,104.07,81.07,23.0
2022-12-20,North America,Mexico,Furniture,Tables,Consumer,3,444.42,229.99,214.43
2023-05-05,Asia Pacific,China,Clothing,Shirts,Corporate,3,891.6,526.33,365.27
2022-03-12,Asia Pacific,Japan,Office Supplies,Paper,Consumer,2,520.98,242.58,278.4
2023-07-18,North America,Canada,Electronics,Phones,Home Office,2,854.82,610.43,244.39
2023-05-04,Latin America,Colombia,Office Supplies,Pens,Corporate,1,119.84,90.59,29.25
2022-05-02,Asia Pacific,India,Furniture,Storage,Home Office,1,254.03,124.27,129.76
2023-12-13,North America,United States,Clothing,Pants,Consumer,1,50.03,37.59,12.44
2022-11-16,Latin America,Colombia,Office Supplies,Binders,Corporate,2,99.7,55.25,44.45
2024-07-14,North America,Mexico,Electronics,Accessories,Consumer,1,261.94,203.79,58.15
2022-09-29,Asia Pacific,China,Clothing,Shoes,Corporate,3,1086.99,711.39,375.6
2023-03-13,Latin America,Argentina,Furniture,Chairs,Home Office,2,890.86,474.9,415.96
2022-07-25,North America,United States,Office Supplies,Binders,Home Office,4,1101.88,744.29,357.59
2023-10-31,North America,Mexico,Furniture,Chairs,Home Office,3,777.84,493.29,284.55
2023-06-10,Asia Pacific,Australia,Office Supplies,Labels,Consumer,3,463.26,341.45,121.81
2022-04-23,Asia Pacific,India,Office Supplies,Binders,Consumer,1,229.41,124.87,104.54
2023-04-18,Asia Pacific,South Korea,Electronics,Audio,Corporate,3,178.32,91.55,86.77
2023-06-14,Asia Pacific,India,Office Supplies,Labels,Corporate,5,217.15,112.26,104.89
2023-10-14,Europe,France,Furniture,Desks,Corporate,4,663.28,269.87,393.41
2023-04-15,North America,Canada,Furniture,Chairs,Corporate,5,769.7,331.41,438.29
2022-07-20,Europe,Spain,Clothing,Outerwear,Corporate,5,586.05,284.74,301.31
2024-09-20,Latin America,Argentina,Clothing,Shirts,Corporate,3,1258.71,585.67,673.04
2022-08-25,Europe,France,Electronics,Computers,Home Office,2,289.56,127.17,162.39
2023-08-13,Latin America,Argentina,Furniture,Tables,Corporate,2,62.7,32.54,30.16
2022-05-21,Latin America,Chile,Furniture,Desks,Consumer,1,429.39,212.33,217.06
2023-04-26,Latin America,Colombia,Furniture,Tables,Corporate,2,115.04,46.05,68.99
2023-12-01,Europe,Spain,Office Supplies,Binders,Home Office,5,2236.75,1597.56,639.19
2024-04-30,Europe,Germany,Electronics,Audio,Corporate,1,366.36,228.14,138.22
2023-12-11,North America,Mexico,Electronics,Phones,Home Office,5,712.15,444.77,267.38
2024-10-14,Europe,France,Furniture,Chairs,Corporate,3,308.85,204.83,104.02
2023-10-16,Asia Pacific,Japan,Office Supplies,Pens,Consumer,3,858.84,499.41,359.43
2022-07-22,Latin America,Argentina,Electronics,Audio,Consumer,5,1703.7,828.48,875.22
2023-08-20,Europe,France,Furniture,Chairs,Consumer,5,1630.75,1096.31,534.44
2024-07-30,Europe,United Kingdom,Clothing,Pants,Consumer,2,307.52,150.98,156.54
2024-11-22,Latin America,Argentina,Office Supplies,Binders,Corporate,5,635.85,400.04,235.81
2022-02-28,Latin America,Brazil,Furniture,Chairs,Consumer,3,758.76,549.7,209.06
2024-06-03,North America,United States,Furniture,Storage,Consumer,5,2473.7,1816.74,656.96
2023-01-02,Latin America,Argentina,Office Supplies,Binders,Home Office,5,931.9,745.36,186.54
2024-06-21,Latin America,Brazil,Office Supplies,Pens,Home Office,2,103.56,80.11,23.45
2024-08-07,Latin America,Chile,Electronics,Accessories,Corporate,3,1286.07,543.41,742.66
2022-08-07,North America,United States,Office Supplies,Binders,Corporate,1,378.2,221.89,156.31
2024-03-09,North America,United States,Furniture,Tables,Consumer,4,309.72,228.4,81.32
2024-01-24,North America,United States,Electronics,Phones,Consumer,4,1726.12,1208.56,517.56
2023-12-16,Latin America,Chile,Furniture,Desks,Home Office,2,557.72,414.41,143.31
2024-07-12,North America,Mexico,Office Supplies,Binders,Home Office,1,434.23,213.1,221.13
2022-04-08,Europe,United Kingdom,Furniture,Chairs,Home Office,2,208.16,99.39,108.77
2024-08-29,Europe,France,Electronics,Phones,Consumer,5,1676.25,1296.9,379.35
2023-02-26,North America,United States,Furniture,Desks,Consumer,2,451.84,246.33,205.51
2024-02-25,Latin America,Chile,Furniture,Storage,Consumer,2,584.24,309.88,274.36
2024-03-16,Asia Pacific,Australia,Clothing,Shoes,Consumer,1,221.92,96.96,124.96
2024-01-29,Asia Pacific,South Korea,Electronics,Computers,Corporate,3,361.2,288.82,72.38
2023-08-01,Europe,Germany,Clothing,Pants,Corporate,4,871.32,650.67,220.65
2022-09-15,Europe,Spain,Clothing,Shoes,Consumer,4,636.08,366.44,269.64
2022-01-25,Asia Pacific,Australia,Office Supplies,Pens,Consumer,3,1094.37,512.47,581.9
2022-03-30,Asia Pacific,South Korea,Clothing,Outerwear,Consumer,3,454.8,263.76,191.04
2022-04-18,Latin America,Chile,Furniture,Desks,Consumer,5,2112.8,1656.3,456.5
2024-03-26,North America,Mexico,Furniture,Storage,Home Office,5,1240.25,965.16,275.09
2022-05-22,North America,Canada,Electronics,Phones,Corporate,4,1697.92,838.47,859.45
2024-01-29,Europe,United Kingdom,Electronics,Audio,Corporate,2,269.96,118.07,151.89
2022-02-16,Asia Pacific,Japan,Clothing,Shirts,Home Office,5,1068.95,661.92,407.03
2024-12-23,Europe,France,Office Supplies,Binders,Home Office,2,438.62,231.71,206.91
2024-07-07,Asia Pacific,South Korea,Clothing,Shoes,Corporate,2,362.46,187.38,175.08
2022-11-28,North America,Mexico,Office Supplies,Pens,Corporate,5,460.55,272.17,188.38
2024-04-06,Asia Pacific,South Korea,Clothing,Outerwear,Consumer,4,1064.08,698.41,365.67
2024-06-01,Latin America,Argentina,Office Supplies,Pens,Consumer,5,312.15,191.03,121.12
2024-04-07,Latin America,Chile,Office Supplies,Paper,Consumer,5,2262.35,1519.69,742.66
2022-11-22,Asia Pacific,India,Clothing,Shirts,Home Office,5,1561.45,720.95,840.5
2023-11-20,Europe,Germany,Clothing,Shirts,Consumer,1,364.69,252.1,112.59
2024-01-24,Latin America,Argentina,Office Supplies,Paper,Home Office,4,727.68,307.25,420.43
2023-02-22,Europe,United Kingdom,Furniture,Desks,Consumer,2,690.32,281.69,408.63
2023-08-14,Asia Pacific,India,Office Supplies,Paper,Home Office,4,349.12,218.46,130.66
2023-08-15,North America,Mexico,Electronics,Computers,Corporate,4,683.08,533.61,149.47
2024-03-04,Europe,Germany,Office Supplies,Paper,Consumer,1,233.47,171.13,62.34
2022-03-11,Europe,Spain,Electronics,Accessories,Consumer,5,697.95,511.88,186.07
2022-04-27,Latin America,Colombia,Furniture,Desks,Consumer,1,487.6,351.45,136.15
2022-10-21,Latin America,Chile,Furniture,Desks,Corporate,4,1855.88,804.96,1050.92
2022-02-03,Latin America,Colombia,Clothing,Outerwear,Consumer,1,301.26,176.17,125.09
2022-05-10,Europe,Germany,Office Supplies,Labels,Corporate,1,276.65,152.48,124.17
2022-01-07,Asia Pacific,Japan,Clothing,Shirts,Consumer,4,162.24,66.24,96.0
2022-01-13,Europe,Germany,Furniture,Chairs,Consumer,4,1136.84,553.95,582.89
2022-03-27,Asia Pacific,China,Electronics,Phones,Consumer,5,2276.25,1578.75,697.5
2023-02-06,Asia Pacific,South Korea,Electronics,Phones,Corporate,4,895.28,543.67,351.61
2024-09-03,North America,United States,Electronics,Audio,Home Office,3,146.64,105.08,41.56
2024-05-21,Europe,Germany,Furniture,Tables,Corporate,1,288.04,144.86,143.18
2022-10-04,Asia Pacific,South Korea,Clothing,Shirts,Corporate,4,325.88,138.55,187.33
2024-09-19,North America,United States,Office Supplies,Binders,Corporate,5,1006.65,534.27,472.38
2022-11-18,Asia Pacific,Japan,Electronics,Computers,Corporate,3,965.67,405.74,559.93
2024-08-13,Asia Pacific,South Korea,Office Supplies,Paper,Consumer,3,238.23,119.29,118.94
2022-10-11,Latin America,Argentina,Furniture,Storage,Consumer,2,133.06,77.86,55.2
2023-10-19,Asia Pacific,South Korea,Clothing,Shoes,Consumer,2,170.56,78.77,91.79
2024-03-31,North America,Mexico,Furniture,Tables,Consumer,2,123.74,75.43,48.31
2024-07-09,Latin America,Colombia,Office Supplies,Binders,Home Office,2,194.32,135.68,58.64
2022-01-23,Latin America,Argentina,Electronics,Phones,Corporate,5,1109.4,457.65,651.75
2024-03-02,Latin America,Colombia,Clothing,Shoes,Consumer,5,976.95,638.05,338.9
2024-06-08,Asia Pacific,South Korea,Electronics,Phones,Corporate,4,281.08,159.09,121.99
2023-11-03,Asia Pacific,Australia,Office Supplies,Binders,Corporate,3,717.63,492.86,224.77
2022-08-30,Europe,Spain,Electronics,Audio,Consumer,3,275.94,165.78,110.16
2023-03-10,Europe,Italy,Clothing,Pants,Consumer,2,809.7,572.46,237.24
2024-05-22,Asia Pacific,Australia,Office Supplies,Pens,Corporate,3,1159.65,821.24,338.41
2023-08-17,Latin America,Chile,Office Supplies,Binders,Home Office,1,102.66,71.02,31.64
2022-02-27,Europe,United Kingdom,Office Supplies,Pens,Corporate,4,679.68,503.28,176.4
2023-08-25,Asia Pacific,Japan,Furniture,Tables,Consumer,2,319.54,250.06,69.48
2023-05-17,Europe,France,Clothing,Shoes,Home Office,2,986.12,699.83,286.29
2024-12-08,Latin America,Chile,Clothing,Outerwear,Corporate,5,2259.0,1038.02,1220.98
2022-01-11,Europe,Italy,Electronics,Phones,Consumer,2,813.28,477.14,336.14
2024-03-23,North America,Mexico,Electronics,Audio,Home Office,4,984.36,396.91,587.45
2023-09-29,North America,United States,Electronics,Audio,Home Office,5,314.5,173.66,140.84
2022-11-11,Europe,United Kingdom,Office Supplies,Pens,Home Office,3,265.86,114.14,151.72
2024-01-04,Latin America,Colombia,Office Supplies,Paper,Home Office,1,194.42,147.63,46.79
2024-07-07,Asia Pacific,China,Office Supplies,Labels,Home Office,5,1895.35,1334.11,561.24
2022-09-05,Asia Pacific,China,Electronics,Phones,Consumer,1,325.79,241.73,84.06
2023-08-27,Europe,United Kingdom,Electronics,Computers,Corporate,4,481.56,337.09,144.47
2024-02-08,Asia Pacific,India,Office Supplies,Pens,Corporate,4,1271.88,790.4,481.48
2024-12-13,Europe,Spain,Furniture,Tables,Corporate,4,857.68,420.72,436.96
2022-07-25,North America,Canada,Furniture,Chairs,Home Office,1,234.81,115.4,119.41
2024-10-27,Latin America,Brazil,Office Supplies,Paper,Corporate,2,443.24,336.01,107.23
2022-10-02,Europe,United Kingdom,Clothing,Outerwear,Home Office,4,1781.68,913.14,868.54
2023-02-12,Europe,Italy,Electronics,Accessories,Corporate,3,1071.75,486.3,585.45
2023-10-03,Asia Pacific,China,Office Supplies,Binders,Home Office,4,548.76,341.91,206.85
2023-08-23,Latin America,Chile,Furniture,Desks,Consumer,3,520.59,334.66,185.93
2023-01-01,Europe,France,Office Supplies,Binders,Home Office,3,68.79,45.44,23.35
2023-07-27,Europe,United Kingdom,Electronics,Phones,Consumer,3,965.19,622.0,343.19
2022-08-31,North America,Canada,Clothing,Outerwear,Corporate,3,336.84,234.29,102.55
2022-03-06,Asia Pacific,India,Clothing,Shoes,Consumer,4,1205.32,891.74,313.58
2023-03-17,Europe,Italy,Office Supplies,Pens,Home Office,1,25.94,17.35,8.59
2022-09-19,Asia Pacific,Australia,Furniture,Storage,Home Office,2,869.02,475.96,393.06
2023-02-27,Latin America,Colombia,Furniture,Chairs,Consumer,3,262.44,142.99,119.45
2024-09-29,North America,United States,Furniture,Chairs,Home Office,1,40.63,21.96,18.67
2024-10-01,Europe,Germany,Office Supplies,Pens,Corporate,2,893.78,655.07,238.71
2022-12-28,North America,Canada,Electronics,Audio,Corporate,5,807.1,393.95,413.15
2024-10-11,Latin America,Brazil,Clothing,Shirts,Consumer,3,1427.85,1076.03,351.82
2023-03-18,Asia Pacific,South Korea,Electronics,Phones,Corporate,3,821.61,582.12,239.49
2022-12-23,Asia Pacific,India,Furniture,Desks,Consumer,5,1090.1,558.4,531.7
2023-02-18,North America,Canada,Electronics,Computers,Consumer,5,1560.15,1206.52,353.63
2024-05-11,Latin America,Chile,Furniture,Desks,Corporate,3,181.26,88.62,92.64
2024-06-19,Europe,United Kingdom,Clothing,Outerwear,Consumer,4,776.0,494.4,281.6
2022-09-21,Asia Pacific,India,Office Supplies,Binders,Corporate,1,215.98,157.37,58.61
2023-04-30,Europe,United Kingdom,Electronics,Phones,Corporate,4,1523.28,1040.41,482.87
2023-10-13,Asia Pacific,China,Furniture,Desks,Home Office,2,117.4,48.9,68.5
2022-01-21,Europe,Spain,Furniture,Tables,Consumer,3,1117.35,692.7,424.65
2022-12-18,Europe,Italy,Electronics,Accessories,Corporate,4,222.8,151.08,71.72
2022-05-07,Latin America,Argentina,Clothing,Shirts,Home Office,3,781.41,525.61,255.8
2023-07-09,Asia Pacific,Japan,Electronics,Phones,Corporate,3,1180.38,856.9,323.48
2024-07-12,Latin America,Colombia,Office Supplies,Paper,Home Office,3,1351.08,984.57,366.51
2023-12-11,North America,Mexico,Furniture,Chairs,Corporate,2,216.62,101.81,114.81
2024-01-22,Europe,Germany,Clothing,Pants,Consumer,3,701.43,379.67,321.76
2024-11-01,Latin America,Colombia,Electronics,Accessories,Consumer,2,830.74,620.19,210.55
2022-02-17,Latin America,Colombia,Clothing,Shoes,Consumer,4,1168.12,782.07,386.05
2022-02-09,Asia Pacific,Japan,Clothing,Shirts,Consumer,4,1045.28,589.44,455.84
2023-12-10,Europe,Germany,Clothing,Outerwear,Corporate,3,1302.51,858.88,443.63
2023-06-16,North America,United States,Office Supplies,Paper,Home Office,3,317.37,182.29,135.08
2023-08-04,Europe,France,Clothing,Shirts,Consumer,1,442.11,274.49,167.62
2022-11-15,North America,Mexico,Clothing,Shirts,Corporate,2,540.54,335.44,205.1
2023-03-18,Europe,Spain,Electronics,Phones,Home Office,5,1460.45,712.93,747.52
2022-08-05,Latin America,Argentina,Electronics,Accessories,Corporate,1,57.69,35.18,22.51
2022-06-01,Latin America,Chile,Clothing,Shoes,Home Office,1,60.25,24.87,35.38
2024-11-30,Latin America,Colombia,Office Supplies,Pens,Consumer,4,297.08,189.79,107.29
2022-06-27,Asia Pacific,Japan,Furniture,Tables,Home Office,1,454.42,361.18,93.24
2024-04-06,Latin America,Chile,Electronics,Accessories,Corporate,2,96.14,41.67,54.47
2024-08-01,Asia Pacific,South Korea,Furniture,Chairs,Consumer,3,232.32,183.2,49.12
2024-09-28,Latin America,Argentina,Office Supplies,Binders,Home Office,2,953.4,542.7,410.7
2024-01-28,North America,United States,Furniture,Storage,Corporate,4,1267.04,677.9,589.14
2024-02-25,Europe,Italy,Electronics,Accessories,Consumer,4,227.44,120.97,106.47
2024-12-31,Europe,Spain,Furniture,Chairs,Home Office,2,301.58,148.89,152.69
2023-11-15,North America,United States,Furniture,Storage,Corporate,1,359.67,188.63,171.04
2024-05-01,Latin America,Chile,Clothing,Outerwear,Home Office,3,659.01,346.72,312.29
2023-06-03,Europe,United Kingdom,Clothing,Pants,Home Office,5,1665.85,736.79,929.06
2022-09-18,Asia Pacific,Australia,Clothing,Shoes,Corporate,1,450.93,243.75,207.18
2023-03-23,North America,Canada,Electronics,Computers,Corporate,4,771.88,477.16,294.72
2024-05-01,Asia Pacific,India,Clothing,Pants,Home Office,4,1586.84,820.81,766.03
2024-10-04,North America,United States,Office Supplies,Paper,Consumer,3,1124.07,737.93,386.14
2024-11-28,Europe,France,Electronics,Phones,Corporate,3,1171.5,856.14,315.36
2022-10-05,Latin America,Colombia,Clothing,Outerwear,Corporate,2,950.26,674.05,276.21
2024-05-12,Latin America,Brazil,Furniture,Tables,Consumer,4,903.56,607.23,296.33
2024-07-19,Asia Pacific,Australia,Electronics,Phones,Home Office,5,667.2,423.11,244.09
2022-09-07,North America,Mexico,Furniture,Chairs,Consumer,2,677.84,519.11,158.73
2022-03-14,Europe,France,Furniture,Desks,Home Office,1,460.56,273.69,186.87
2022-10-04,North America,United States,Electronics,Phones,Corporate,4,813.36,618.52,194.84
2024-01-07,North America,Mexico,Office Supplies,Labels,Home Office,5,1271.05,969.03,302.02
2024-08-14,Asia Pacific,Australia,Clothing,Outerwear,Corporate,5,1218.85,535.78,683.07
2022-06-27,Latin America,Chile,Clothing,Shirts,Home Office,5,182.7,100.53,82.17
2022-12-29,Europe,Italy,Office Supplies,Paper,Consumer,5,2157.75,1694.04,463.71
2023-02-23,Europe,Spain,Clothing,Shoes,Home Office,4,1102.32,732.06,370.26
2024-12-11,Asia Pacific,Japan,Electronics,Phones,Consumer,2,943.22,731.68,211.54
2023-11-09,North America,Mexico,Furniture,Chairs,Corporate,2,276.3,121.2,155.1
2022-12-11,North America,Mexico,Clothing,Shoes,Corporate,1,499.24,244.22,255.02
2023-11-22,Europe,Italy,Office Supplies,Binders,Corporate,4,143.96,98.58,45.38
2024-05-05,North America,United States,Office Supplies,Pens,Home Office,5,1220.75,635.29,585.46
2023-10-12,Europe,Italy,Clothing,Shoes,Corporate,1,80.3,56.24,24.06
2024-07-07,Latin America,Colombia,Clothing,Pants,Consumer,2,348.56,227.4,121.16
2024-04-07,North America,Canada,Furniture,Chairs,Corporate,2,935.82,717.26,218.56
2023-01-27,Asia Pacific,South Korea,Office Supplies,Pens,Consumer,2,872.74,667.56,205.18
2022-03-07,Asia Pacific,South Korea,Electronics,Audio,Consumer,1,435.15,222.74,212.41
2024-07-12,North America,United States,Clothing,Outerwear,Consumer,2,802.26,552.86,249.4
2023-03-22,North America,United States,Office Supplies,Pens,Corporate,1,153.25,99.69,53.56
2022-09-11,Latin America,Colombia,Furniture,Chairs,Corporate,4,1226.88,945.71,281.17
2023-08-26,Europe,Italy,Furniture,Chairs,Consumer,1,252.56,151.1,101.46
2023-07-02,Europe,United Kingdom,Office Supplies,Paper,Corporate,3,1477.32,1023.51,453.81
2024-10-01,Latin America,Argentina,Electronics,Computers,Consumer,3,1040.52,691.92,348.6
2023-07-17,Latin America,Brazil,Clothing,Outerwear,Consumer,5,1021.15,478.59,542.56
2022-07-08,Asia Pacific,Australia,Clothing,Shirts,Corporate,3,1391.25,852.16,539.09
2024-06-06,Latin America,Argentina,Furniture,Desks,Home Office,3,1053.57,610.46,443.11
2022-07-17,Latin America,Brazil,Furniture,Chairs,Home Office,5,1448.3,692.27,756.03
2022-06-26,Latin America,Colombia,Clothing,Shirts,Home Office,4,1288.4,516.1,772.3
2022-12-17,Latin America,Colombia,Furniture,Storage,Corporate,3,299.07,180.13,118.94
2023-08-18,Europe,United Kingdom,Electronics,Computers,Home Office,5,1267.6,830.09,437.51
2022-03-23,Latin America,Chile,Clothing,Outerwear,Home Office,3,1114.56,484.91,629.65
2024-04-29,Asia Pacific,South Korea,Clothing,Outerwear,Home Office,2,704.8,284.09,420.71
2022-10-17,Europe,Spain,Clothing,Shoes,Consumer,2,481.02,264.01,217.01
2024-10-02,Asia Pacific,Australia,Office Supplies,Labels,Home Office,4,1778.16,863.73,914.43
2022-10-21,Asia Pacific,India,Office Supplies,Pens,Consumer,5,323.5,146.09,177.41
2022-12-21,Asia Pacific,India,Office Supplies,Paper,Corporate,1,77.68,44.17,33.51
2023-09-19,Europe,France,Electronics,Audio,Corporate,3,1452.51,956.84,495.67
2024-06-27,Europe,United Kingdom,Office Supplies,Pens,Home Office,4,866.88,397.2,469.68
2023-06-03,Latin America,Colombia,Clothing,Shirts,Consumer,5,422.95,284.28,138.67
2024-10-25,North America,Canada,Electronics,Phones,Consumer,2,269.96,164.74,105.22
2024-12-17,Latin America,Chile,Electronics,Accessories,Home Office,5,636.25,407.96,228.29
2024-03-07,Latin America,Argentina,Furniture,Tables,Consumer,5,529.45,253.27,276.18
2024-07-02,Latin America,Argentina,Clothing,Pants,Corporate,5,350.75,203.07,147.68
2024-06-07,North America,Canada,Office Supplies,Pens,Home Office,2,264.48,109.72,154.76
2023-04-28,Latin America,Colombia,Furniture,Storage,Consumer,1,294.08,179.13,114.95
2024-02-11,Asia Pacific,South Korea,Clothing,Shirts,Home Office,2,930.96,718.39,212.57
2022-12-28,Asia Pacific,China,Clothing,Shoes,Consumer,2,420.16,274.14,146.02
2023-01-15,North America,United States,Clothing,Shoes,Corporate,4,1492.36,862.15,630.21
2024-04-26,Latin America,Argentina,Clothing,Shirts,Home Office,1,491.82,205.66,286.16
2024-06-15,Asia Pacific,India,Furniture,Tables,Consumer,3,346.83,206.14,140.69
2022-03-29,Latin America,Argentina,Office Supplies,Pens,Corporate,1,37.11,18.34,18.77
2022-11-07,Asia Pacific,South Korea,Clothing,Shoes,Consumer,4,726.36,444.0,282.36
2023-07-15,North America,Mexico,Clothing,Shoes,Consumer,2,158.4,82.44,75.96
2024-03-30,Europe,France,Clothing,Pants,Corporate,4,829.8,399.6,430.2
2023-12-15,Latin America,Argentina,Clothing,Outerwear,Consumer,1,237.89,147.75,90.14
2023-09-05,Europe,Italy,Office Supplies,Paper,Consumer,5,1573.7,1000.12,573.58
2024-11-12,Latin America,Colombia,Furniture,Storage,Home Office,3,1044.42,806.2,238.22
2022-05-13,Asia Pacific,South Korea,Electronics,Audio,Home Office,4,1505.36,809.73,695.63
2024-09-25,Asia Pacific,Australia,Furniture,Storage,Corporate,2,991.58,730.15,261.43
2024-03-13,North America,Mexico,Electronics,Accessories,Corporate,5,1532.75,885.7,647.05
2022-10-19,Europe,Germany,Furniture,Desks,Corporate,4,1471.72,638.48,833.24
2023-10-26,Europe,Germany,Electronics,Phones,Consumer,4,61.76,36.07,25.69
2024-01-15,North America,Canada,Clothing,Shoes,Home Office,4,1399.84,696.13,703.71
2022-03-21,Asia Pacific,China,Office Supplies,Binders,Consumer,5,974.5,621.47,353.03
2022-01-21,North America,Canada,Electronics,Computers,Consumer,4,710.4,285.98,424.42
2022-02-21,Latin America,Brazil,Office Supplies,Binders,Home Office,3,1394.07,679.77,714.3
2022-11-18,Europe,France,Office Supplies,Binders,Corporate,4,703.88,341.28,362.6
2022-09-18,North America,Canada,Office Supplies,Binders,Consumer,2,629.46,446.57,182.89
2024-02-05,North America,Canada,Clothing,Pants,Consumer,1,126.85,54.76,72.09
2024-06-07,Asia Pacific,South Korea,Electronics,Accessories,Consumer,3,1114.86,746.43,368.43
2024-06-10,Asia Pacific,China,Electronics,Accessories,Consumer,4,1810.76,1195.67,615.09
2022-05-11,Europe,Italy,Clothing,Outerwear,Consumer,5,1637.9,696.99,940.91
2023-01-26,North America,Mexico,Clothing,Pants,Home Office,2,87.86,46.18,41.68
2024-06-21,Latin America,Argentina,Furniture,Chairs,Home Office,2,561.44,237.24,324.2
2022-10-23,North America,Mexico,Office Supplies,Paper,Corporate,4,1734.16,1081.86,652.3
2023-01-24,North America,Mexico,Electronics,Computers,Home Office,4,144.6,98.43,46.17
2023-12-26,Latin America,Chile,Office Supplies,Paper,Home Office,3,430.35,174.8,255.55
2023-05-11,Latin America,Chile,Office Supplies,Labels,Consumer,5,1938.4,1476.65,461.75
2022-04-16,Asia Pacific,Australia,Clothing,Outerwear,Home Office,4,112.4,62.9,49.5
2022-11-10,Europe,United Kingdom,Electronics,Audio,Corporate,1,296.36,237.0,59.36
2023-07-12,Latin America,Brazil,Office Supplies,Paper,Consumer,2,843.26,643.53,199.73
2023-03-29,Asia Pacific,China,Clothing,Shoes,Home Office,3,1293.84,741.51,552.33
2022-04-24,Asia Pacific,China,Office Supplies,Paper,Home Office,3,976.56,662.59,313.97
2024-05-26,Asia Pacific,India,Furniture,Desks,Home Office,2,591.96,456.22,135.74
2023-09-24,Latin America,Chile,Furniture,Desks,Consumer,5,2116.15,881.73,1234.42
2023-01-26,Asia Pacific,Japan,Electronics,Accessories,Consumer,5,355.65,161.9,193.75
2024-05-15,Asia Pacific,India,Electronics,Audio,Consumer,3,1023.09,502.49,520.6
2022-06-15,North America,United States,Electronics,Computers,Corporate,4,1533.36,695.32,838.04
2024-09-20,Latin America,Argentina,Electronics,Computers,Consumer,1,309.92,245.81,64.11
2023-05-14,North America,Canada,Office Supplies,Pens,Consumer,4,1086.68,768.61,318.07
2022-01-27,Europe,France,Clothing,Pants,Consumer,2,524.68,265.33,259.35
2022-11-11,Asia Pacific,India,Office Supplies,Labels,Home Office,4,851.32,521.51,329.81
2023-11-15,North America,United States,Electronics,Audio,Home Office,5,1661.1,1276.22,384.88
2023-03-17,North America,Canada,Clothing,Outerwear,Consumer,1,428.09,217.39,210.7
2023-11-14,Latin America,Brazil,Electronics,Accessories,Corporate,5,2418.25,1656.43,761.82
2023-07-15,North America,Canada,Electronics,Audio,Home Office,1,478.03,243.05,234.98
2024-04-12,North America,Mexico,Office Supplies,Binders,Consumer,4,222.68,89.4,133.28
2024-04-12,Asia Pacific,India,Furniture,Desks,Corporate,4,1091.2,594.5,496.7
2023-10-05,Asia Pacific,Japan,Clothing,Pants,Corporate,4,874.08,475.7,398.38
2023-12-23,North America,United States,Furniture,Storage,Corporate,2,248.34,179.01,69.33
2022-07-29,Latin America,Argentina,Furniture,Desks,Corporate,3,780.24,408.76,371.48
2022-08-09,Latin America,Brazil,Office Supplies,Labels,Consumer,5,1316.0,739.01,576.99
2023-11-18,North America,Mexico,Office Supplies,Pens,Consumer,1,332.55,143.94,188.61
2023-02-13,North America,Mexico,Furniture,Storage,Corporate,1,409.46,318.76,90.7
2022-01-10,Europe,Spain,Office Supplies,Labels,Consumer,3,480.87,380.47,100.4
2023-01-28,Latin America,Argentina,Furniture,Tables,Home Office,1,246.47,136.08,110.39
2024-04-14,Europe,Germany,Office Supplies,Binders,Home Office,5,2473.45,1912.47,560.98
2023-07-14,Europe,United Kingdom,Furniture,Storage,Home Office,4,636.64,389.04,247.6
2023-09-22,Latin America,Chile,Electronics,Accessories,Consumer,5,1217.85,767.1,450.75
2024-05-09,North America,Mexico,Clothing,Outerwear,Corporate,3,675.75,429.71,246.04
2022-04-24,Latin America,Brazil,Furniture,Storage,Corporate,2,342.22,148.71,193.51
2022-03-18,Asia Pacific,Australia,Office Supplies,Binders,Consumer,5,2249.85,1496.17,753.68
2023-08-16,North America,Canada,Furniture,Desks,Consumer,3,834.3,335.74,498.56
2024-05-22,North America,Mexico,Clothing,Shirts,Home Office,4,533.76,407.82,125.94
2023-09-16,Asia Pacific,Australia,Furniture,Tables,Corporate,3,1269.42,517.96,751.46
2024-01-07,Latin America,Brazil,Office Supplies,Labels,Home Office,1,196.0,152.5,43.5
2022-06-06,Asia Pacific,India,Furniture,Tables,Corporate,4,1795.32,1089.91,705.41
2022-01-15,North America,United States,Office Supplies,Paper,Home Office,4,1033.4,419.81,613.59
2022-01-12,Latin America,Brazil,Office Supplies,Labels,Home Office,1,331.92,172.48,159.44
2023-12-08,North America,Canada,Office Supplies,Paper,Corporate,5,2150.0,1420.3,729.7
2023-11-01,Europe,Italy,Clothing,Pants,Corporate,5,138.9,104.01,34.89
2022-12-25,Latin America,Colombia,Electronics,Phones,Home Office,3,384.63,233.93,150.7
2022-05-21,Latin America,Chile,Furniture,Desks,Home Office,2,979.46,647.28,332.18
2022-02-17,North America,Canada,Electronics,Audio,Home Office,4,579.92,310.93,268.99
2023-04-29,North America,Mexico,Electronics,Accessories,Home Office,1,138.24,94.73,43.51
2022-09-12,North America,Mexico,Electronics,Accessories,Consumer,2,71.7,33.77,37.93
2024-02-13,Europe,Germany,Clothing,Pants,Consumer,2,786.52,384.45,402.07
2024-05-23,Asia Pacific,China,Office Supplies,Pens,Consumer,4,1785.6,951.33,834.27
2022-04-09,Asia Pacific,India,Furniture,Storage,Consumer,3,1269.72,591.34,678.38
2024-01-20,Asia Pacific,South Korea,Furniture,Chairs,Corporate,2,962.16,601.67,360.49
2023-01-24,Asia Pacific,Australia,Electronics,Computers,Home Office,3,1219.74,774.49,445.25
2023-08-30,Europe,Spain,Electronics,Accessories,Consumer,1,308.93,200.45,108.48
2024-07-27,Europe,Spain,Office Supplies,Paper,Home Office,3,161.88,107.15,54.73
2023-05-12,North America,Canada,Office Supplies,Paper,Consumer,5,1556.6,678.07,878.53
2023-02-14,Latin America,Chile,Clothing,Outerwear,Home Office,1,487.0,385.32,101.68
2022-11-17,Asia Pacific,Australia,Furniture,Desks,Consumer,1,212.24,130.74,81.5
2023-01-11,Europe,Germany,Office Supplies,Pens,Corporate,4,1234.08,797.72,436.36
2023-10-16,Asia Pacific,Australia,Furniture,Tables,Corporate,1,324.07,165.76,158.31
2024-09-22,Asia Pacific,Japan,Office Supplies,Labels,Corporate,3,615.27,323.55,291.72
2022-11-29,Asia Pacific,India,Furniture,Tables,Corporate,4,839.36,452.27,387.09
2024-07-18,North America,United States,Electronics,Phones,Consumer,2,145.06,62.17,82.89
2023-04-05,Latin America,Chile,Furniture,Storage,Consumer,1,157.64,109.53,48.11
2023-03-16,Asia Pacific,Australia,Office Supplies,Labels,Corporate,5,1290.9,884.09,406.81
2023-04-19,Latin America,Argentina,Furniture,Storage,Consumer,3,1305.36,634.47,670.89
2023-01-29,Asia Pacific,Japan,Office Supplies,Pens,Consumer,3,122.85,58.76,64.09
2023-08-10,Latin America,Colombia,Electronics,Accessories,Home Office,5,1618.8,1171.49,447.31
2022-11-07,Asia Pacific,India,Electronics,Audio,Corporate,3,640.38,283.15,357.23
2022-04-06,North America,United States,Furniture,Chairs,Consumer,2,892.36,612.42,279.94
2023-03-06,Asia Pacific,Australia,Electronics,Computers,Consumer,4,1208.76,592.03,616.73
2023-01-27,Europe,Italy,Office Supplies,Binders,Consumer,3,1464.99,1134.18,330.81
2024-04-18,Europe,Germany,Clothing,Pants,Consumer,3,418.2,201.22,216.98
2024-08-30,North America,Canada,Electronics,Audio,Corporate,1,419.02,233.44,185.58
2024-06-21,Latin America,Brazil,Electronics,Phones,Home Office,3,1149.48,505.96,643.52
2023-01-01,Latin America,Chile,Furniture,Tables,Consumer,4,412.76,223.77,188.99
2023-07-05,Latin America,Brazil,Furniture,Tables,Home Office,4,1652.0,1032.59,619.41
2023-01-21,North America,United States,Office Supplies,Labels,Consumer,5,1164.75,547.89,616.86
2022-07-25,Asia Pacific,Australia,Office Supplies,Binders,Consumer,4,1935.36,1501.28,434.08
2024-08-19,Latin America,Argentina,Clothing,Shirts,Consumer,2,343.14,176.26,166.88
2023-04-22,North America,Mexico,Clothing,Shirts,Home Office,3,48.3,32.76,15.54
2024-06-13,Latin America,Colombia,Furniture,Chairs,Home Office,1,444.59,289.46,155.13
2023-08-18,Latin America,Chile,Clothing,Shirts,Consumer,2,963.96,417.77,546.19
2022-01-18,North America,United States,Office Supplies,Paper,Corporate,3,196.23,145.06,51.17
2023-11-01,Latin America,Argentina,Clothing,Pants,Corporate,2,218.64,164.38,54.26
2022-03-12,Europe,Italy,Clothing,Shoes,Corporate,5,1110.25,838.27,271.98
2024-12-27,Asia Pacific,South Korea,Office Supplies,Pens,Consumer,1,198.75,152.15,46.6
2022-05-02,Latin America,Chile,Electronics,Audio,Home Office,5,670.0,391.72,278.28
2024-04-04,Asia Pacific,Australia,Furniture,Chairs,Consumer,3,549.9,328.9,221.0
2022-04-03,Europe,United Kingdom,Furniture,Desks,Corporate,5,1065.15,663.47,401.68
2023-11-09,Latin America,Colombia,Furniture,Storage,Home Office,3,329.61,250.72,78.89
2023-01-21,North America,Canada,Office Supplies,Binders,Consumer,1,92.72,63.32,29.4
2024-06-06,North America,Canada,Furniture,Chairs,Home Office,5,313.35,130.92,182.43
2023-07-13,North America,Mexico,Electronics,Audio,Consumer,3,1125.39,581.52,543.87
2024-01-04,North America,Mexico,Office Supplies,Paper,Home Office,1,354.98,237.77,117.21
2024-09-08,Asia Pacific,Japan,Clothing,Pants,Corporate,3,136.08,64.37,71.71
2024-04-23,Asia Pacific,India,Furniture,Storage,Home Office,3,1043.31,709.18,334.13
2023-01-01,Asia Pacific,Australia,Furniture,Desks,Consumer,3,215.94,88.64,127.3
2022-06-21,Latin America,Chile,Office Supplies,Pens,Corporate,2,930.52,632.49,298.03
2024-03-30,Asia Pacific,Japan,Clothing,Shoes,Home Office,2,38.78,17.03,21.75
2022-07-29,Europe,Germany,Office Supplies,Labels,Corporate,1,468.52,353.02,115.5
2022-03-22,Latin America,Brazil,Furniture,Chairs,Home Office,4,1190.36,483.43,706.93
2024-06-10,Europe,France,Electronics,Audio,Home Office,1,46.65,25.03,21.62
2023-03-13,Europe,United Kingdom,Clothing,Shirts,Consumer,3,1346.1,667.26,678.84
2024-08-28,North America,Mexico,Clothing,Shirts,Corporate,2,478.36,282.92,195.44
2023-12-09,Latin America,Argentina,Office Supplies,Pens,Corporate,1,251.25,104.07,147.18
2022-08-24,Asia Pacific,Japan,Furniture,Tables,Consumer,1,107.85,80.62,27.23
2023-11-21,Latin America,Colombia,Office Supplies,Labels,Corporate,1,103.51,78.93,24.58
2022-05-24,North America,Canada,Electronics,Accessories,Home Office,2,617.98,491.15,126.83
2023-09-09,Europe,Germany,Clothing,Shoes,Consumer,1,190.3,143.36,46.94
2022-02-06,North America,United States,Office Supplies,Paper,Consumer,1,184.33,101.82,82.51
2023-12-03,Europe,Spain,Clothing,Shoes,Consumer,2,412.92,234.33,178.59
2023-02-05,Asia Pacific,China,Office Supplies,Binders,Consumer,2,524.74,344.0,180.74
2023-03-12,Europe,France,Furniture,Storage,Home Office,3,1096.02,799.6,296.42
2024-07-04,Europe,France,Clothing,Outerwear,Corporate,4,657.96,326.32,331.64
2023-03-30,Asia Pacific,Japan,Electronics,Accessories,Consumer,4,616.64,482.11,134.53
2023-08-14,North America,United States,Furniture,Chairs,Corporate,3,90.15,47.17,42.98
2024-07-31,Europe,United Kingdom,Clothing,Outerwear,Consumer,1,205.94,94.05,111.89
2022-02-12,Europe,France,Electronics,Audio,Consumer,1,341.12,153.55,187.57
2024-03-23,Europe,Spain,Office Supplies,Pens,Corporate,2,735.74,349.48,386.26
2024-04-11,Asia Pacific,Australia,Office Supplies,Pens,Corporate,4,859.64,566.63,293.01
2024-09-12,Latin America,Colombia,Office Supplies,Labels,Corporate,2,398.68,241.41,157.27
2023-02-03,North America,United States,Furniture,Tables,Consumer,2,498.42,353.85,144.57
2022-10-04,North America,Canada,Electronics,Computers,Home Office,4,1345.92,798.91,547.01
2024-02-28,North America,Canada,Office Supplies,Paper,Home Office,3,205.86,142.85,63.01
2023-12-28,Latin America,Brazil,Clothing,Shirts,Consumer,5,743.75,579.69,164.06
2022-11-04,Latin America,Brazil,Clothing,Pants,Consumer,5,1173.15,616.32,556.83
2024-04-07,North America,Canada,Electronics,Phones,Home Office,4,789.76,528.32,261.44
2024-01-25,Europe,Italy,Furniture,Tables,Home Office,3,1431.18,831.11,600.07
2022-04-05,Asia Pacific,China,Clothing,Shirts,Consumer,1,408.84,307.19,101.65
2023-04-01,Asia Pacific,India,Electronics,Phones,Consumer,1,77.29,37.49,39.8
2022-10-12,Europe,Italy,Office Supplies,Binders,Home Office,1,350.17,159.58,190.59
2022-11-12,North America,Canada,Furniture,Tables,Consumer,1,396.81,197.22,199.59
2022-11-04,Europe,Germany,Office Supplies,Paper,Consumer,1,479.08,311.68,167.4
2024-10-15,Latin America,Argentina,Clothing,Pants,Corporate,5,2478.6,1378.12,1100.48
2024-06-15,Europe,Germany,Clothing,Shirts,Home Office,5,1800.0,851.29,948.71
2024-02-24,Latin America,Chile,Electronics,Audio,Corporate,3,1200.48,661.13,539.35
2024-07-30,Asia Pacific,Japan,Electronics,Accessories,Consumer,1,197.24,83.99,113.25
2023-09-04,North America,Mexico,Clothing,Pants,Consumer,2,846.1,512.38,333.72
2022-05-09,Europe,United Kingdom,Electronics,Audio,Consumer,2,593.32,474.58,118.74
2022-06-22,North America,United States,Clothing,Shoes,Consumer,2,40.72,21.79,18.93
2022-01-03,Latin America,Chile,Office Supplies,Paper,Corporate,3,381.39,285.79,95.6
2024-06-22,North America,Mexico,Furniture,Chairs,Consumer,5,738.4,576.42,161.98
2023-06-25,North America,Canada,Electronics,Accessories,Home Office,2,979.38,768.45,210.93
2023-01-02,Asia Pacific,China,Office Supplies,Paper,Home Office,4,496.0,246.12,249.88
2022-08-01,Europe,Spain,Electronics,Audio,Corporate,3,142.38,70.79,71.59
2024-04-21,Europe,Germany,Clothing,Outerwear,Home Office,3,209.61,111.2,98.41
2024-01-08,Europe,Italy,Office Supplies,Paper,Corporate,2,328.52,199.35,129.17
2022-08-31,Latin America,Chile,Office Supplies,Labels,Corporate,5,723.0,427.69,295.31
2023-01-25,Europe,Italy,Electronics,Phones,Consumer,2,835.4,550.99,284.41
2023-11-25,Asia Pacific,China,Electronics,Audio,Home Office,1,458.69,335.14,123.55
2022-04-19,North America,Canada,Clothing,Shirts,Consumer,2,770.58,422.49,348.09
2023-11-23,Latin America,Argentina,Electronics,Phones,Corporate,1,273.55,202.33,71.22
2023-05-12,Asia Pacific,India,Furniture,Chairs,Corporate,4,1641.24,915.95,725.29
2022-10-20,Latin America,Brazil,Clothing,Pants,Corporate,5,2245.5,1396.48,849.02
2023-07-17,Latin America,Colombia,Electronics,Phones,Home Office,2,846.88,518.9,327.98
2023-09-22,Latin America,Colombia,Electronics,Audio,Consumer,1,327.72,231.09,96.63
2023-06-08,Latin America,Argentina,Electronics,Phones,Consumer,5,453.3,198.43,254.87
2022-08-21,North America,Mexico,Office Supplies,Pens,Corporate,1,417.19,217.09,200.1
2023-04-25,North America,Canada,Office Supplies,Binders,Corporate,5,1187.9,772.98,414.92
2023-08-31,Europe,France,Clothing,Pants,Corporate,5,2333.5,1634.05,699.45
2022-02-13,North America,Mexico,Clothing,Shoes,Home Office,5,603.9,308.41,295.49
2022-01-15,North America,Canada,Electronics,Audio,Consumer,1,107.07,44.7,62.37
2022-02-23,Latin America,Colombia,Clothing,Shirts,Corporate,1,199.68,154.14,45.54
2024-03-05,Latin America,Chile,Clothing,Outerwear,Home Office,5,1702.3,773.17,929.13
2022-03-05,Latin America,Argentina,Office Supplies,Paper,Home Office,1,271.93,171.22,100.71
2022-10-14,Europe,France,Office Supplies,Binders,Consumer,3,573.72,262.12,311.6
2023-09-26,Latin America,Colombia,Furniture,Chairs,Consumer,5,1054.3,504.39,549.91
2024-04-06,Europe,United Kingdom,Electronics,Accessories,Consumer,3,888.78,683.09,205.69
2022-08-13,Latin America,Argentina,Furniture,Chairs,Home Office,1,40.64,17.16,23.48
2024-03-10,Latin America,Colombia,Furniture,Desks,Consumer,1,351.8,252.42,99.38
2023-03-18,Asia Pacific,South Korea,Office Supplies,Paper,Corporate,4,117.2,87.4,29.8
2024-01-20,Latin America,Brazil,Furniture,Desks,Corporate,4,1924.36,1065.4,858.96
2023-07-24,North America,Mexico,Clothing,Outerwear,Corporate,4,862.4,377.78,484.62
2024-07-27,North America,United States,Electronics,Computers,Consumer,4,75.2,45.79,29.41
2022-02-06,Asia Pacific,South Korea,Furniture,Storage,Home Office,4,1001.44,636.79,364.65
2023-01-16,Latin America,Argentina,Office Supplies,Binders,Consumer,3,706.83,304.84,401.99
2022-02-27,Europe,Germany,Office Supplies,Binders,Home Office,1,421.83,239.23,182.6
2024-10-29,Latin America,Argentina,Electronics,Audio,Consumer,3,1431.99,665.05,766.94
2024-10-12,Asia Pacific,Japan,Furniture,Chairs,Home Office,1,41.63,20.66,20.97
2023-03-21,North America,Mexico,Electronics,Audio,Consumer,1,131.17,101.38,29.79
2024-05-10,Asia Pacific,South Korea,Office Supplies,Paper,Consumer,3,92.31,49.45,42.86
2023-11-13,North America,United States,Office Supplies,Labels,Home Office,4,113.08,78.67,34.41
2022-04-06,Asia Pacific,South Korea,Electronics,Computers,Home Office,4,1481.48,926.59,554.89
2023-07-10,Latin America,Argentina,Clothing,Shirts,Home Office,5,2280.45,1383.17,897.28
2023-01-31,Latin America,Chile,Furniture,Desks,Consumer,4,1190.04,927.66,262.38
2022-06-12,Latin America,Argentina,Clothing,Shoes,Home Office,4,1775.52,1033.65,741.87
2024-07-26,Asia Pacific,Japan,Clothing,Outerwear,Home Office,2,695.16,451.24,243.92
2024-01-03,Asia Pacific,South Korea,Clothing,Shirts,Home Office,3,171.54,78.1,93.44
2023-11-03,Europe,Spain,Clothing,Shirts,Corporate,1,398.37,287.57,110.8
2024-08-25,Asia Pacific,Australia,Electronics,Audio,Corporate,2,280.2,206.52,73.68
2024-12-30,North America,Mexico,Clothing,Shoes,Home Office,5,1803.3,1344.5,458.8
2022-07-27,Europe,Italy,Electronics,Computers,Home Office,4,162.0,124.48,37.52
2022-06-15,Asia Pacific,Japan,Electronics,Phones,Consumer,3,1259.37,914.58,344.79
2023-09-27,Europe,Italy,Furniture,Chairs,Corporate,1,153.55,72.29,81.26
2024-08-30,Latin America,Argentina,Office Supplies,Labels,Consumer,2,422.34,196.4,225.94
2023-04-11,Europe,United Kingdom,Electronics,Computers,Corporate,3,1171.56,613.84,557.72
2024-10-21,Asia Pacific,Japan,Furniture,Chairs,Home Office,1,433.99,276.69,157.3
2023-08-30,Latin America,Colombia,Electronics,Accessories,Corporate,2,76.1,57.92,18.18
2022-01-07,North America,Mexico,Office Supplies,Labels,Corporate,4,173.56,70.76,102.8
2024-02-02,North America,United States,Electronics,Computers,Home Office,3,623.82,491.46,132.36
2023-10-15,Latin America,Colombia,Furniture,Chairs,Consumer,5,132.5,80.91,51.59
2023-12-11,Latin America,Chile,Office Supplies,Paper,Consumer,1,384.93,199.83,185.1
2022-05-31,Asia Pacific,India,Clothing,Pants,Consumer,3,1098.78,833.31,265.47
2024-10-14,Asia Pacific,India,Furniture,Tables,Consumer,2,131.34,69.31,62.03
2023-01-02,Europe,Italy,Electronics,Audio,Consumer,4,97.32,67.9,29.42
2024-09-06,Latin America,Brazil,Clothing,Pants,Consumer,2,169.6,117.49,52.11
2024-11-29,Europe,Germany,Furniture,Desks,Corporate,3,648.06,382.58,265.48
2023-07-09,Latin America,Colombia,Office Supplies,Pens,Consumer,3,201.63,142.14,59.49
2024-10-31,Asia Pacific,Japan,Clothing,Shirts,Corporate,4,743.64,555.71,187.93
2023-08-09,Latin America,Chile,Office Supplies,Labels,Home Office,3,609.87,316.96,292.91
2022-06-29,Europe,France,Furniture,Desks,Home Office,2,280.06,172.31,107.75
2022-09-18,Asia Pacific,China,Clothing,Outerwear,Consumer,2,673.68,401.66,272.02
2023-03-02,Asia Pacific,China,Electronics,Accessories,Corporate,5,1013.6,510.69,502.91
2022-05-20,Asia Pacific,Australia,Clothing,Shoes,Corporate,3,684.06,385.15,298.91
2023-02-08,Latin America,Brazil,Electronics,Computers,Consumer,5,1365.35,1011.76,353.59
2023-01-02,Latin America,Colombia,Clothing,Shirts,Corporate,5,1288.5,784.41,504.09
2024-02-22,Latin America,Chile,Furniture,Chairs,Corporate,1,335.69,247.25,88.44
2024-08-21,Asia Pacific,India,Furniture,Tables,Consumer,4,450.12,318.98,131.14
2023-11-08,North America,Mexico,Clothing,Outerwear,Consumer,3,372.09,168.58,203.51
2023-08-24,North America,Mexico,Furniture,Tables,Home Office,5,1279.4,942.54,336.86
2022-04-07,Latin America,Colombia,Office Supplies,Paper,Home Office,3,671.94,378.94,293.0
2022-04-19,North America,Canada,Electronics,Audio,Home Office,2,621.8,363.91,257.89
2022-08-08,Asia Pacific,Australia,Furniture,Tables,Corporate,3,144.42,65.49,78.93
2024-03-01,Asia Pacific,Australia,Furniture,Storage,Home Office,4,1140.04,896.53,243.51
2023-02-05,Asia Pacific,China,Clothing,Pants,Consumer,1,470.94,222.27,248.67
2024-08-06,North America,United States,Furniture,Chairs,Home Office,1,39.33,17.03,22.3
2023-07-24,North America,United States,Office Supplies,Labels,Home Office,3,1228.86,655.16,573.7
2024-07-03,Latin America,Argentina,Office Supplies,Pens,Consumer,5,492.15,370.78,121.37
2022-05-20,Europe,Germany,Electronics,Computers,Corporate,4,1177.08,812.84,364.24
2023-06-22,Europe,France,Electronics,Audio,Corporate,5,1314.05,921.88,392.17
2023-02-27,Europe,Italy,Clothing,Outerwear,Home Office,3,1142.7,652.25,490.45
2024-08-29,North America,Mexico,Furniture,Desks,Consumer,2,274.24,142.48,131.76
2024-12-11,Asia Pacific,Australia,Electronics,Phones,Corporate,4,1862.8,766.06,1096.74
2023-09-01,Latin America,Argentina,Electronics,Accessories,Consumer,4,610.4,420.08,190.32
2023-11-11,Latin America,Argentina,Office Supplies,Binders,Corporate,4,1819.52,1433.68,385.84
2022-06-18,Europe,Italy,Office Supplies,Pens,Home Office,1,293.82,137.83,155.99
2023-09-19,Europe,Italy,Electronics,Phones,Home Office,1,80.19,33.3,46.89
2022-06-01,Asia Pacific,China,Furniture,Storage,Consumer,2,395.62,202.38,193.24
2023-10-27,Asia Pacific,China,Clothing,Outerwear,Consumer,2,498.78,199.76,299.02
2024-07-14,Latin America,Colombia,Office Supplies,Paper,Home Office,1,377.94,182.26,195.68
2022-11-21,Latin America,Brazil,Clothing,Pants,Corporate,4,1038.56,534.62,503.94
2022-11-26,Latin America,Colombia,Office Supplies,Binders,Corporate,3,1494.9,729.06,765.84
2022-05-07,Europe,Germany,Furniture,Tables,Home Office,3,1222.17,607.52,614.65
2024-06-09,Latin America,Argentina,Electronics,Audio,Home Office,3,820.95,353.72,467.23
2024-05-15,Asia Pacific,Australia,Clothing,Pants,Consumer,3,332.88,254.52,78.36
2022-06-13,Europe,France,Office Supplies,Pens,Home Office,5,462.6,223.16,239.44
2024-09-04,North America,Canada,Electronics,Computers,Corporate,4,80.64,45.56,35.08
2022-04-30,Latin America,Colombia,Furniture,Storage,Corporate,3,471.66,344.45,127.21
2024-08-18,Asia Pacific,South Korea,Clothing,Shirts,Consumer,2,842.86,463.19,379.67
2024-04-30,Latin America,Argentina,Electronics,Phones,Consumer,3,261.24,188.54,72.7
2023-10-12,Latin America,Argentina,Office Supplies,Labels,Home Office,3,575.64,279.47,296.17
2022-07-23,North America,Mexico,Electronics,Computers,Corporate,5,1714.3,1030.93,683.37
2024-09-02,Europe,Spain,Furniture,Tables,Home Office,4,725.96,533.85,192.11
2024-10-02,North America,Mexico,Furniture,Desks,Corporate,2,128.24,51.64,76.6
2023-04-27,Latin America,Argentina,Electronics,Accessories,Consumer,4,1952.68,1510.41,442.27
2023-09-22,Latin America,Brazil,Clothing,Outerwear,Home Office,5,56.45,39.15,17.3
2022-08-28,Latin America,Chile,Furniture,Tables,Corporate,4,321.36,203.25,118.11
2022-02-24,Europe,United Kingdom,Electronics,Phones,Home Office,4,50.52,21.1,29.42
2022-01-09,North America,Mexico,Furniture,Tables,Consumer,1,185.88,84.11,101.77
2022-12-08,North America,Mexico,Furniture,Storage,Corporate,1,269.28,164.62,104.66
2023-08-20,Latin America,Colombia,Electronics,Accessories,Consumer,1,433.6,223.05,210.55
2023-01-07,Asia Pacific,India,Office Supplies,Paper,Consumer,4,415.24,173.4,241.84
2024-03-14,Latin America,Chile,Electronics,Accessories,Home Office,5,1592.5,957.19,635.31
2024-08-04,Latin America,Brazil,Furniture,Desks,Consumer,1,218.11,108.06,110.05
2023-12-15,North America,United States,Office Supplies,Binders,Consumer,4,1651.72,1289.69,362.03
2022-09-17,Latin America,Brazil,Office Supplies,Pens,Corporate,1,333.91,259.61,74.3
2023-06-11,Asia Pacific,India,Office Supplies,Labels,Home Office,4,782.64,437.2,345.44
2023-06-05,Latin America,Brazil,Office Supplies,Pens,Home Office,5,797.3,324.45,472.85
2022-01-28,North America,United States,Clothing,Outerwear,Consumer,4,1040.72,619.9,420.82
2022-07-19,North America,Canada,Furniture,Tables,Consumer,2,164.32,121.4,42.92
2023-04-02,Europe,Spain,Clothing,Pants,Home Office,2,873.5,422.45,451.05
2023-04-27,Asia Pacific,Australia,Electronics,Phones,Corporate,3,204.36,122.11,82.25
2024-01-26,Latin America,Colombia,Clothing,Shirts,Consumer,1,27.51,20.77,6.74
2022-06-26,North America,Mexico,Clothing,Pants,Home Office,3,764.37,535.72,228.65
2023-03-17,Europe,France,Electronics,Audio,Consumer,2,406.86,258.57,148.29
2024-03-07,Europe,United Kingdom,Office Supplies,Binders,Home Office,3,1023.84,429.13,594.71
2022-02-08,Latin America,Chile,Clothing,Outerwear,Corporate,3,174.81,118.14,56.67
2022-08-13,Europe,Italy,Furniture,Tables,Corporate,1,336.0,206.64,129.36
2023-07-17,Asia Pacific,India,Office Supplies,Paper,Consumer,2,638.4,277.74,360.66
2024-11-03,Asia Pacific,Australia,Electronics,Audio,Consumer,5,603.15,470.72,132.43
2023-07-28,Asia Pacific,India,Electronics,Phones,Corporate,4,529.24,389.73,139.51
2024-09-24,North America,United States,Electronics,Accessories,Corporate,2,413.6,222.68,190.92
2024-09-23,North America,United States,Clothing,Pants,Consumer,1,271.66,204.12,67.54
2022-12-04,Latin America,Colombia,Office Supplies,Labels,Home Office,5,1533.4,990.05,543.35
2022-01-01,Latin America,Brazil,Office Supplies,Paper,Home Office,4,1247.84,692.9,554.94
2024-01-07,Latin America,Colombia,Electronics,Phones,Home Office,5,507.85,320.39,187.46
2022-06-28,North America,Canada,Office Supplies,Labels,Corporate,2,373.82,270.48,103.34
2022-02-15,Latin America,Chile,Furniture,Tables,Home Office,4,428.52,335.58,92.94
2022-10-03,Latin America,Brazil,Clothing,Shirts,Home Office,4,666.72,371.95,294.77
2024-06-03,Europe,France,Office Supplies,Binders,Home Office,4,1875.12,1250.71,624.41
2022-12-14,Europe,United Kingdom,Clothing,Pants,Corporate,3,807.21,400.57,406.64
2022-01-23,Europe,France,Electronics,Accessories,Corporate,4,1267.72,990.84,276.88
2023-06-05,Asia Pacific,South Korea,Electronics,Phones,Home Office,5,902.55,444.96,457.59
2023-05-07,North America,Mexico,Furniture,Desks,Home Office,2,937.06,691.8,245.26
2024-06-25,Europe,France,Electronics,Accessories,Home Office,2,154.94,121.31,33.63
2022-06-11,North America,Canada,Clothing,Shirts,Corporate,4,1344.32,601.83,742.49
2023-04-08,Asia Pacific,China,Furniture,Chairs,Corporate,2,448.02,268.47,179.55
2023-10-17,Latin America,Chile,Electronics,Accessories,Home Office,5,212.55,108.14,104.41
2024-12-18,North America,United States,Electronics,Phones,Consumer,1,121.55,51.49,70.06
2022-12-12,North America,Canada,Electronics,Audio,Consumer,1,55.89,40.71,15.18
2023-05-22,Europe,United Kingdom,Office Supplies,Paper,Home Office,2,476.74,284.52,192.22
2022-10-29,Asia Pacific,Australia,Furniture,Desks,Home Office,4,1903.12,1006.6,896.52
2022-06-04,Asia Pacific,India,Electronics,Audio,Home Office,5,1873.65,896.4,977.25
2024-03-24,Asia Pacific,South Korea,Clothing,Outerwear,Corporate,1,465.93,303.7,162.23
2022-08-02,Asia Pacific,South Korea,Clothing,Shirts,Home Office,2,703.4,452.7,250.7
2022-01-31,Europe,Germany,Furniture,Desks,Corporate,4,277.72,163.31,114.41
2024-02-15,North America,United States,Clothing,Shoes,Corporate,5,1471.65,815.31,656.34
2022-11-20,Latin America,Colombia,Electronics,Accessories,Home Office,4,735.96,565.28,170.68
2023-08-31,Latin America,Chile,Clothing,Shoes,Home Office,3,912.69,697.17,215.52
2024-10-01,Latin America,Colombia,Furniture,Chairs,Consumer,4,663.48,459.76,203.72
2024-04-22,Europe,Germany,Furniture,Desks,Consumer,2,574.62,293.99,280.63
2023-08-02,North America,Mexico,Furniture,Desks,Corporate,5,1275.25,926.3,348.95
2024-07-08,North America,Canada,Furniture,Storage,Corporate,4,45.92,32.02,13.9
2024-01-07,Europe,United Kingdom,Clothing,Pants,Consumer,1,131.79,52.88,78.91
2023-11-12,Latin America,Argentina,Electronics,Computers,Home Office,2,596.66,433.61,163.05
2023-11-15,Latin America,Colombia,Furniture,Chairs,Home Office,5,1366.85,819.11,547.74
2022-03-07,Latin America,Brazil,Electronics,Accessories,Consumer,2,691.28,456.03,235.25
2023-12-10,Asia Pacific,Japan,Office Supplies,Binders,Home Office,1,285.85,170.6,115.25
2024-07-19,North America,Mexico,Office Supplies,Labels,Corporate,1,64.78,37.31,27.47
2022-11-21,Asia Pacific,South Korea,Office Supplies,Labels,Consumer,3,327.0,179.67,147.33
2022-04-07,Asia Pacific,China,Clothing,Pants,Home Office,4,1929.36,909.5,1019.86
2022-01-23,Latin America,Argentina,Clothing,Shirts,Consumer,2,159.82,70.39,89.43
2024-03-26,Latin America,Colombia,Electronics,Phones,Home Office,5,237.75,139.33,98.42
2024-08-09,North America,United States,Office Supplies,Binders,Home Office,5,1452.05,928.49,523.56
2022-04-03,Latin America,Brazil,Electronics,Computers,Consumer,1,128.72,102.58,26.14
2024-03-25,North America,Canada,Electronics,Computers,Corporate,4,253.6,195.12,58.48
2022-07-04,Latin America,Argentina,Office Supplies,Paper,Corporate,3,1369.59,700.59,669.0
2023-12-09,Asia Pacific,Australia,Office Supplies,Paper,Consumer,2,862.2,666.86,195.34
2023-11-28,Asia Pacific,South Korea,Electronics,Accessories,Corporate,5,263.45,174.5,88.95
2024-04-11,Europe,United Kingdom,Furniture,Desks,Consumer,2,522.28,358.28,164.0
2024-11-08,Latin America,Chile,Electronics,Phones,Corporate,3,415.02,220.06,194.96
2023-10-12,North America,United States,Electronics,Accessories,Corporate,2,409.66,239.41,170.25
2024-03-15,Latin America,Colombia,Clothing,Shoes,Home Office,1,412.91,199.51,213.4
2022-05-13,Asia Pacific,Australia,Furniture,Storage,Corporate,5,2344.45,1195.39,1149.06
2022-05-13,Asia Pacific,Japan,Office Supplies,Paper,Home Office,1,337.64,161.57,176.07
2023-12-21,North America,Mexico,Office Supplies,Paper,Corporate,2,606.6,388.48,218.12
2023-06-12,Latin America,Chile,Electronics,Computers,Consumer,4,208.16,86.14,122.02
2022-08-01,Europe,Spain,Office Supplies,Pens,Home Office,3,1141.83,781.62,360.21
2022-07-20,Europe,United Kingdom,Office Supplies,Paper,Home Office,1,496.97,369.51,127.46
2023-05-05,Europe,Germany,Clothing,Pants,Corporate,5,2492.0,1130.47,1361.53
2024-05-27,Asia Pacific,India,Electronics,Phones,Home Office,5,463.65,239.81,223.84
2022-08-10,Europe,Italy,Furniture,Chairs,Consumer,4,379.44,188.05,191.39
2024-12-25,North America,Mexico,Furniture,Tables,Corporate,3,200.43,119.77,80.66
2022-07-02,Latin America,Colombia,Clothing,Shirts,Home Office,5,1119.95,668.14,451.81
2022-06-24,North America,Canada,Furniture,Tables,Consumer,2,947.02,645.17,301.85
2022-09-09,Europe,Germany,Office Supplies,Pens,Consumer,3,393.45,225.33,168.12
2024-07-31,Europe,France,Office Supplies,Paper,Corporate,1,291.51,128.68,162.83
2024-07-03,Latin America,Brazil,Clothing,Pants,Home Office,5,1368.75,589.94,778.81
2022-09-21,Asia Pacific,Australia,Clothing,Pants,Consumer,4,421.4,190.5,230.9
2024-09-26,North America,United States,Clothing,Outerwear,Home Office,4,1761.16,804.15,957.01
2022-11-29,Europe,Germany,Furniture,Storage,Consumer,4,431.92,342.93,88.99
2023-03-16,Latin America,Brazil,Furniture,Storage,Corporate,1,153.87,123.05,30.82
2024-12-03,Latin America,Chile,Clothing,Outerwear,Home Office,1,145.99,85.58,60.41
2022-07-04,Latin America,Colombia,Office Supplies,Pens,Corporate,3,144.6,77.75,66.85
2023-09-06,North America,Canada,Office Supplies,Pens,Corporate,2,193.06,96.28,96.78
2022-09-20,Asia Pacific,Australia,Office Supplies,Pens,Corporate,3,204.48,159.54,44.94
2024-01-26,Asia Pacific,China,Clothing,Shoes,Corporate,3,756.33,519.45,236.88
2022-09-05,Asia Pacific,India,Electronics,Accessories,Corporate,2,359.36,246.26,113.1
2022-08-01,Latin America,Argentina,Furniture,Chairs,Corporate,2,666.2,386.02,280.18
2022-09-13,Asia Pacific,South Korea,Office Supplies,Labels,Consumer,3,791.46,501.62,289.84
2022-09-22,Latin America,Brazil,Office Supplies,Pens,Home Office,2,25.68,17.99,7.69
2022-10-01,North America,Mexico,Electronics,Computers,Consumer,4,1297.08,961.76,335.32
2024-10-24,Europe,Germany,Electronics,Computers,Corporate,2,633.6,254.43,379.17
2023-07-15,Europe,Germany,Office Supplies,Binders,Corporate,5,250.9,105.34,145.56
2022-11-18,Latin America,Argentina,Electronics,Computers,Corporate,1,21.15,15.19,5.96
2022-12-10,Europe,Spain,Furniture,Storage,Corporate,5,2440.7,1533.37,907.33
2024-11-15,Europe,France,Office Supplies,Pens,Consumer,4,1588.16,782.67,805.49
2022-12-16,Asia Pacific,China,Electronics,Accessories,Corporate,1,16.15,9.57,6.58
2024-12-29,North America,Canada,Electronics,Audio,Consumer,4,1102.52,506.46,596.06
2024-02-20,North America,Mexico,Office Supplies,Pens,Home Office,1,275.26,122.99,152.27
2024-01-04,North America,United States,Furniture,Desks,Corporate,1,20.55,12.93,7.62
2024-07-24,Asia Pacific,South Korea,Office Supplies,Paper,Consumer,4,255.56,203.67,51.89
2022-05-08,Europe,Spain,Office Supplies,Labels,Consumer,4,286.64,154.09,132.55
2022-02-13,North America,United States,Office Supplies,Labels,Home Office,3,796.08,383.32,412.76
2023-04-15,Europe,Italy,Clothing,Shoes,Home Office,4,185.84,97.55,88.29
2023-01-13,Asia Pacific,South Korea,Office Supplies,Labels,Consumer,5,789.95,528.16,261.79
2024-10-14,North America,United States,Clothing,Shirts,Home Office,1,373.44,254.65,118.79
2022-04-07,Europe,France,Furniture,Tables,Corporate,2,904.68,587.71,316.97
2022-08-23,Latin America,Argentina,Furniture,Storage,Consumer,3,1137.36,494.37,642.99
2023-10-19,Latin America,Colombia,Furniture,Chairs,Home Office,3,1010.07,623.0,387.07
2022-04-26,Latin America,Brazil,Electronics,Audio,Corporate,2,861.1,688.3,172.8
2022-08-19,Asia Pacific,South Korea,Office Supplies,Paper,Home Office,2,730.7,405.22,325.48
2023-11-19,North America,Canada,Furniture,Tables,Corporate,4,869.16,538.43,330.73
2023-07-25,Europe,United Kingdom,Furniture,Desks,Corporate,1,495.7,345.89,149.81
2022-07-10,North America,United States,Electronics,Phones,Corporate,2,564.12,266.53,297.59
2023-07-10,Europe,Germany,Clothing,Outerwear,Corporate,5,2066.45,1086.32,980.13
2024-11-18,North America,Mexico,Clothing,Outerwear,Corporate,1,495.52,316.76,178.76
2023-12-11,Asia Pacific,Japan,Clothing,Shirts,Home Office,2,284.32,182.24,102.08
2023-06-10,Europe,United Kingdom,Office Supplies,Binders,Consumer,5,164.4,123.53,40.87
2022-03-10,North America,Canada,Office Supplies,Labels,Home Office,5,278.8,171.27,107.53
2023-03-19,Europe,Germany,Electronics,Accessories,Corporate,5,2400.65,1122.01,1278.64
2024-02-28,Asia Pacific,China,Furniture,Chairs,Corporate,3,34.29,21.45,12.84
2022-02-25,Latin America,Chile,Electronics,Phones,Consumer,4,916.92,387.82,529.1
2022-08-03,Latin America,Colombia,Office Supplies,Paper,Consumer,3,919.8,673.17,246.63
2022-02-22,Latin America,Chile,Furniture,Desks,Corporate,5,715.25,483.67,231.58
2024-12-27,Europe,Italy,Furniture,Chairs,Home Office,3,1305.54,903.86,401.68
2024-02-28,Asia Pacific,Australia,Furniture,Storage,Corporate,5,309.7,142.19,167.51
2024-04-20,North America,United States,Clothing,Shoes,Home Office,2,192.32,83.15,109.17
2024-08-08,North America,Mexico,Furniture,Chairs,Corporate,5,345.65,240.38,105.27
2022-09-21,Europe,Germany,Office Supplies,Binders,Home Office,5,329.25,216.89,112.36
2022-08-27,Europe,Spain,Clothing,Shoes,Consumer,3,1281.39,792.16,489.23
2024-07-10,Asia Pacific,Australia,Furniture,Storage,Corporate,4,892.08,606.58,285.5
2022-02-09,North America,Canada,Furniture,Storage,Home Office,4,1768.12,930.43,837.69
2022-07-09,Europe,France,Office Supplies,Binders,Corporate,5,788.25,625.78,162.47
2023-12-24,North America,Mexico,Clothing,Shirts,Corporate,5,2141.7,1383.78,757.92
2022-05-17,Asia Pacific,China,Electronics,Audio,Corporate,3,487.56,306.47,181.09
2022-12-15,Asia Pacific,Japan,Electronics,Accessories,Corporate,2,560.62,409.27,151.35
2024-07-24,Europe,Italy,Electronics,Accessories,Corporate,4,1496.36,889.48,606.88
2022-11-07,Asia Pacific,Australia,Furniture,Chairs,Consumer,1,420.5,297.1,123.4
2024-09-11,Latin America,Brazil,Clothing,Outerwear,Home Office,1,60.21,27.24,32.97
2024-01-26,North America,Canada,Clothing,Pants,Corporate,2,340.76,228.39,112.37
2024-05-13,North America,United States,Furniture,Tables,Corporate,1,384.37,218.08,166.29
2022-12-17,Europe,Italy,Furniture,Storage,Consumer,4,42.4,24.78,17.62
2024-07-05,Europe,Spain,Office Supplies,Binders,Home Office,1,420.56,202.54,218.02
2024-06-09,North America,United States,Office Supplies,Binders,Consumer,4,1844.04,1388.36,455.68
2022-06-18,Europe,Germany,Furniture,Tables,Home Office,1,35.25,18.67,16.58
2023-04-02,North America,Canada,Clothing,Shoes,Home Office,3,55.11,32.03,23.08
2024-02-02,Europe,Germany,Electronics,Phones,Corporate,4,618.24,372.7,245.54
2023-10-26,Latin America,Argentina,Clothing,Outerwear,Consumer,1,390.56,196.63,193.93
2023-04-30,Europe,Spain,Office Supplies,Pens,Consumer,3,250.65,170.81,79.84
2024-04-29,Asia Pacific,Australia,Clothing,Shirts,Corporate,4,420.44,271.02,149.42
2022-04-07,Europe,Germany,Furniture,Chairs,Corporate,5,1796.65,1087.69,708.96
2024-08-13,North America,United States,Furniture,Chairs,Home Office,3,524.25,264.82,259.43
2022-06-29,Europe,France,Electronics,Computers,Consumer,5,1388.05,1089.71,298.34
2023-02-04,Asia Pacific,China,Electronics,Accessories,Home Office,1,300.52,156.76,143.76
2023-12-02,Asia Pacific,India,Clothing,Shoes,Home Office,4,335.08,161.06,174.02
2024-07-13,North America,United States,Clothing,Shirts,Home Office,2,62.34,32.54,29.8
2024-01-22,Latin America,Chile,Electronics,Accessories,Corporate,4,715.24,532.92,182.32
2022-12-20,Europe,United Kingdom,Electronics,Computers,Consumer,3,1467.72,662.86,804.86
2024-07-10,North America,Canada,Clothing,Outerwear,Consumer,2,668.82,319.06,349.76
2023-12-30,North America,Mexico,Clothing,Pants,Consumer,1,43.67,19.8,23.87
2022-11-28,Latin America,Brazil,Furniture,Chairs,Corporate,4,880.76,442.73,438.03
2022-04-08,North America,Mexico,Electronics,Accessories,Home Office,2,93.66,40.38,53.28
2022-08-23,North America,Mexico,Office Supplies,Labels,Consumer,1,412.15,195.51,216.64
2022-04-06,Asia Pacific,South Korea,Office Supplies,Labels,Corporate,5,2036.35,1392.92,643.43
2022-07-02,North America,United States,Office Supplies,Pens,Corporate,2,152.74,108.29,44.45
2024-12-20,Europe,Italy,Furniture,Chairs,Consumer,3,1190.19,562.43,627.76
2023-07-03,North America,Canada,Clothing,Shoes,Corporate,4,967.32,541.28,426.04
2023-10-01,Europe,Italy,Office Supplies,Pens,Home Office,5,295.05,168.03,127.02
2022-05-30,Europe,France,Office Supplies,Pens,Corporate,4,552.8,376.65,176.15
2022-05-15,North America,Canada,Electronics,Audio,Home Office,4,1106.48,862.4,244.08
2022-11-20,Europe,Germany,Furniture,Storage,Home Office,3,962.49,692.35,270.14
2023-07-25,Latin America,Chile,Office Supplies,Binders,Home Office,4,1565.48,1121.55,443.93
2023-09-28,Asia Pacific,Australia,Electronics,Audio,Consumer,1,318.37,186.37,132.0
2022-07-10,Asia Pacific,Japan,Clothing,Shirts,Corporate,1,117.51,84.1,33.41
2022-06-24,Asia Pacific,Japan,Furniture,Desks,Corporate,3,1004.79,448.24,556.55
2022-09-28,Europe,Italy,Office Supplies,Binders,Corporate,3,1117.5,872.16,245.34
2022-10-29,Asia Pacific,South Korea,Electronics,Computers,Corporate,2,842.08,340.37,501.71
2024-04-26,Latin America,Colombia,Furniture,Chairs,Home Office,4,1140.8,566.38,574.42
2023-03-14,Asia Pacific,India,Clothing,Pants,Consumer,4,713.56,555.78,157.78
2023-03-11,North America,Mexico,Electronics,Computers,Home Office,2,526.66,354.77,171.89
2022-06-21,Europe,France,Electronics,Accessories,Consumer,5,1275.9,781.98,493.92
2023-10-22,Asia Pacific,China,Office Supplies,Paper,Corporate,5,341.45,149.41,192.04
2022-06-27,Asia Pacific,India,Furniture,Desks,Home Office,3,611.07,484.04,127.03
2024-04-13,Europe,United Kingdom,Clothing,Shoes,Consumer,4,1756.08,826.87,929.21
2023-04-17,North America,Canada,Office Supplies,Binders,Corporate,3,152.43,112.55,39.88
2023-07-04,Latin America,Chile,Furniture,Chairs,Consumer,3,411.6,288.05,123.55
2023-05-15,Asia Pacific,Australia,Office Supplies,Binders,Corporate,1,53.74,35.59,18.15
2022-10-14,North America,Mexico,Office Supplies,Paper,Consumer,1,72.79,30.68,42.11
2024-01-03,Europe,United Kingdom,Furniture,Chairs,Home Office,2,660.64,313.23,347.41
2022-03-23,Europe,France,Electronics,Accessories,Corporate,4,1834.56,1168.34,666.22
2022-04-04,Latin America,Argentina,Furniture,Tables,Corporate,4,918.8,389.71,529.09
2022-02-07,North America,Mexico,Clothing,Shoes,Consumer,3,1045.47,540.98,504.49
2024-04-18,Europe,France,Office Supplies,Paper,Home Office,1,79.15,38.54,40.61
2023-11-12,Europe,United Kingdom,Electronics,Computers,Corporate,2,267.44,213.51,53.93
2024-06-03,Asia Pacific,India,Clothing,Pants,Corporate,1,218.83,143.09,75.74
2024-06-09,Asia Pacific,Australia,Electronics,Computers,Home Office,1,141.26,66.42,74.84
2022-09-02,North America,Mexico,Office Supplies,Binders,Home Office,4,393.88,297.73,96.15
2023-12-12,Asia Pacific,Australia,Furniture,Tables,Consumer,4,1628.52,1261.81,366.71
2023-10-27,Asia Pacific,Australia,Electronics,Computers,Corporate,5,748.6,409.45,339.15
2023-12-24,Europe,Spain,Electronics,Accessories,Consumer,2,985.6,592.5,393.1
2023-02-13,Europe,Italy,Clothing,Shoes,Home Office,5,1344.65,590.55,754.1
2024-03-30,Asia Pacific,Japan,Office Supplies,Binders,Corporate,2,51.34,24.12,27.22
2023-03-09,Latin America,Brazil,Office Supplies,Paper,Corporate,2,659.56,268.54,391.02
2022-11-28,Latin America,Chile,Furniture,Chairs,Consumer,3,107.82,71.15,36.67
2023-08-25,North America,Canada,Furniture,Desks,Corporate,5,1305.85,565.86,739.99
2023-06-22,Asia Pacific,South Korea,Electronics,Audio,Home Office,1,373.17,278.28,94.89
2022-12-16,Asia Pacific,South Korea,Clothing,Outerwear,Home Office,1,161.07,113.89,47.18
2024-10-19,North America,Canada,Electronics,Accessories,Corporate,5,1910.55,1411.59,498.96
2022-06-08,Asia Pacific,India,Furniture,Tables,Home Office,1,468.16,224.63,243.53
2022-03-11,North America,Canada,Office Supplies,Paper,Corporate,4,1699.68,1148.73,550.95
2023-04-16,North America,Mexico,Office Supplies,Labels,Home Office,5,295.15,130.16,164.99
2023-10-06,Europe,Italy,Office Supplies,Pens,Corporate,4,1001.04,737.46,263.58
2023-07-24,North America,Canada,Office Supplies,Pens,Corporate,3,1378.92,956.96,421.96
2024-06-21,Asia Pacific,India,Furniture,Desks,Consumer,4,621.24,347.17,274.07
2022-08-21,North America,Canada,Office Supplies,Binders,Consumer,3,134.16,80.19,53.97
2024-05-31,Latin America,Chile,Clothing,Pants,Corporate,4,1290.68,657.15,633.53
2023-02-22,Europe,France,Electronics,Phones,Consumer,1,23.26,15.43,7.83
2024-12-07,Europe,United Kingdom,Office Supplies,Paper,Corporate,1,36.08,15.73,20.35
2022-09-22,North America,United States,Clothing,Outerwear,Corporate,3,1059.39,463.27,596.12
2023-10-04,Latin America,Colombia,Electronics,Audio,Consumer,2,783.14,330.95,452.19
2022-05-19,Europe,France,Office Supplies,Pens,Corporate,4,1509.08,910.84,598.24
2022-02-21,Latin America,Brazil,Furniture,Desks,Home Office,3,689.46,477.73,211.73
2024-04-19,Asia Pacific,Japan,Office Supplies,Binders,Consumer,3,1028.04,436.2,591.84
2022-12-19,Latin America,Brazil,Office Supplies,Binders,Corporate,4,895.28,582.24,313.04
2022-01-04,Latin America,Argentina,Clothing,Pants,Consumer,2,706.78,486.31,220.47
2024-12-07,Latin America,Brazil,Clothing,Pants,Consumer,3,1139.7,582.0,557.7
2023-04-18,Latin America,Chile,Electronics,Computers,Home Office,1,347.22,271.44,75.78
2023-10-22,Latin America,Brazil,Furniture,Storage,Corporate,1,467.35,215.66,251.69
2024-11-25,Europe,Spain,Furniture,Desks,Home Office,3,938.37,486.48,451.89
2023-08-24,Latin America,Brazil,Office Supplies,Binders,Corporate,3,150.45,74.29,76.16
2024-10-01,Europe,Spain,Electronics,Accessories,Consumer,5,1937.15,1444.43,492.72
2023-05-26,Europe,United Kingdom,Electronics,Phones,Home Office,2,602.2,370.07,232.13
2024-05-12,Latin America,Argentina,Office Supplies,Labels,Corporate,3,327.72,211.0,116.72
2022-11-02,Europe,Germany,Electronics,Computers,Home Office,5,303.55,197.12,106.43
2023-02-24,Asia Pacific,South Korea,Furniture,Tables,Home Office,2,243.1,145.36,97.74
2023-04-07,Asia Pacific,Australia,Furniture,Storage,Consumer,4,1705.32,1033.94,671.38
2024-12-11,North America,Canada,Office Supplies,Pens,Home Office,2,230.32,180.16,50.16
2022-09-17,Europe,Italy,Office Supplies,Labels,Corporate,1,304.84,191.08,113.76
2022-06-16,North America,Mexico,Electronics,Accessories,Consumer,2,937.96,715.48,222.48
2023-05-07,Europe,Spain,Office Supplies,Pens,Consumer,3,536.76,291.39,245.37
2023-09-11,Asia Pacific,India,Furniture,Tables,Corporate,1,360.06,269.8,90.26
2024-11-22,Latin America,Chile,Office Supplies,Pens,Consumer,3,931.56,693.19,238.37
2023-02-15,North America,United States,Clothing,Outerwear,Home Office,3,982.2,599.01,383.19
2024-06-15,Asia Pacific,Japan,Furniture,Chairs,Consumer,4,1331.12,974.77,356.35
2023-05-20,North America,Mexico,Clothing,Shoes,Consumer,4,1503.48,831.02,672.46
2024-01-15,Asia Pacific,South Korea,Clothing,Shoes,Consumer,3,717.69,354.36,363.33
2023-04-22,Asia Pacific,Japan,Furniture,Desks,Home Office,1,100.33,61.57,38.76
2023-08-20,North America,Canada,Clothing,Outerwear,Home Office,4,784.44,346.64,437.8
2022-12-12,Latin America,Brazil,Furniture,Chairs,Corporate,5,1598.35,738.27,860.08
2022-03-15,Asia Pacific,Japan,Furniture,Storage,Home Office,2,759.28,403.25,356.03
2022-08-26,Latin America,Argentina,Clothing,Pants,Consumer,1,243.19,167.99,75.2
2022-02-16,North America,United States,Clothing,Outerwear,Home Office,3,519.42,289.1,230.32
2024-07-30,Asia Pacific,India,Furniture,Storage,Consumer,1,446.06,259.3,186.76
2023-09-14,Asia Pacific,Australia,Electronics,Accessories,Consumer,4,996.88,594.8,402.08
2024-11-21,North America,United States,Electronics,Computers,Corporate,5,2129.4,1038.39,1091.01
2022-01-04,North America,Mexico,Furniture,Tables,Corporate,1,450.17,266.47,183.7
2022-09-04,Asia Pacific,Australia,Electronics,Computers,Home Office,2,73.68,54.23,19.45
2024-11-09,North America,United States,Office Supplies,Binders,Consumer,1,415.17,207.47,207.7
2023-03-27,North America,United States,Office Supplies,Paper,Corporate,5,2253.25,1466.37,786.88
2022-08-10,Latin America,Chile,Clothing,Pants,Consumer,2,649.3,294.31,354.99
2024-09-12,North America,Mexico,Furniture,Tables,Home Office,5,2117.55,1182.53,935.02
2022-07-12,North America,Canada,Furniture,Chairs,Corporate,4,1667.76,1041.88,625.88
2023-02-07,North America,United States,Electronics,Accessories,Home Office,1,457.52,321.1,136.42
2024-03-15,Latin America,Brazil,Clothing,Shoes,Home Office,5,2375.0,1662.29,712.71
2023-06-10,Asia Pacific,Australia,Electronics,Phones,Home Office,3,150.33,66.49,83.84
2023-06-23,Europe,Spain,Furniture,Storage,Corporate,4,487.96,338.95,149.01
2024-10-29,North America,Mexico,Clothing,Pants,Corporate,5,788.5,584.84,203.66
2022-02-03,Europe,Germany,Clothing,Pants,Corporate,3,262.59,177.22,85.37
2022-12-11,Latin America,Argentina,Furniture,Chairs,Consumer,3,355.77,151.95,203.82
2024-03-01,Latin America,Argentina,Furniture,Desks,Corporate,4,1523.92,1093.95,429.97
2024-06-18,Europe,Spain,Clothing,Shoes,Consumer,5,1296.85,661.45,635.4
2022-02-24,Asia Pacific,Japan,Office Supplies,Labels,Home Office,3,968.46,557.98,410.48
2022-05-05,Latin America,Argentina,Office Supplies,Labels,Home Office,5,1284.7,562.11,722.59
2023-08-18,Latin America,Argentina,Furniture,Chairs,Corporate,4,1513.68,841.36,672.32
2022-02-09,Asia Pacific,Japan,Electronics,Phones,Consumer,1,21.43,12.7,8.73
2024-08-22,Europe,United Kingdom,Furniture,Desks,Consumer,4,1293.16,553.83,739.33
2024-09-19,North America,United States,Furniture,Tables,Corporate,1,369.23,160.76,208.47
2023-02-12,Europe,Italy,Furniture,Tables,Corporate,3,983.25,736.9,246.35
2023-06-27,Asia Pacific,Australia,Office Supplies,Labels,Consumer,4,1056.64,631.57,425.07
2022-12-24,Asia Pacific,Australia,Clothing,Shoes,Consumer,4,651.16,366.74,284.42
2024-03-13,Latin America,Colombia,Office Supplies,Pens,Consumer,4,276.4,162.79,113.61
2024-12-25,Europe,Germany,Clothing,Shoes,Consumer,5,370.75,293.15,77.6
2023-02-23,North America,Mexico,Clothing,Shoes,Home Office,1,304.05,143.12,160.93
2022-06-07,Europe,United Kingdom,Furniture,Desks,Consumer,3,1203.09,945.13,257.96
2022-08-17,Asia Pacific,India,Clothing,Shirts,Consumer,2,960.86,533.77,427.09
2022-12-16,Asia Pacific,China,Furniture,Tables,Corporate,4,295.84,232.84,63.0
2024-11-05,Asia Pacific,Australia,Furniture,Desks,Home Office,2,801.6,379.51,422.09
2024-10-21,Asia Pacific,China,Electronics,Computers,Corporate,2,77.2,39.07,38.13
2023-01-17,North America,Mexico,Electronics,Computers,Home Office,1,85.21,50.49,34.72
2024-03-24,Latin America,Colombia,Clothing,Pants,Consumer,2,972.1,579.45,392.65
2023-06-30,North America,Mexico,Furniture,Desks,Corporate,1,114.43,64.81,49.62
2024-12-31,Asia Pacific,South Korea,Electronics,Audio,Home Office,1,359.36,249.58,109.78
2024-10-10,North America,Mexico,Office Supplies,Binders,Consumer,5,425.75,256.94,168.81
2023-07-11,Latin America,Chile,Furniture,Storage,Consumer,5,692.8,380.54,312.26
2024-04-05,Asia Pacific,Australia,Furniture,Storage,Consumer,1,33.03,19.31,13.72
2022-12-24,Latin America,Colombia,Furniture,Tables,Corporate,4,1579.36,1047.75,531.61
2023-10-20,North America,United States,Furniture,Storage,Home Office,2,896.52,649.71,246.81
2022-11-17,Europe,Spain,Furniture,Storage,Corporate,3,1025.85,644.27,381.58
2024-01-20,Asia Pacific,China,Furniture,Chairs,Corporate,5,827.15,374.7,452.45
2023-05-30,Latin America,Colombia,Clothing,Pants,Consumer,5,969.15,646.22,322.93
2024-12-01,Europe,Italy,Electronics,Accessories,Corporate,1,209.49,129.34,80.15
2024-03-31,Latin America,Argentina,Clothing,Shoes,Home Office,3,49.14,33.31,15.83
2022-03-20,Latin America,Argentina,Clothing,Pants,Consumer,5,2408.95,1070.89,1338.06
2024-03-10,Asia Pacific,South Korea,Electronics,Computers,Corporate,1,150.0,100.07,49.93
2023-12-30,Asia Pacific,Australia,Electronics,Computers,Home Office,1,457.3,294.77,162.53
2024-02-23,Asia Pacific,China,Office Supplies,Binders,Home Office,3,134.28,88.05,46.23
2023-01-03,Europe,Italy,Furniture,Storage,Home Office,4,106.52,48.31,58.21
2023-04-25,Asia Pacific,China,Electronics,Accessories,Corporate,5,1605.1,763.63,841.47
2023-05-12,North America,Canada,Office Supplies,Labels,Consumer,4,51.72,40.25,11.47
2023-06-23,Europe,France,Electronics,Accessories,Corporate,5,519.1,298.49,220.61
2024-05-14,North America,United States,Office Supplies,Binders,Corporate,2,925.8,398.61,527.19
2023-05-29,Latin America,Colombia,Electronics,Computers,Corporate,3,103.71,63.7,40.01
2024-09-23,Asia Pacific,Australia,Office Supplies,Pens,Corporate,5,1522.65,899.5,623.15
2024-11-13,North America,Canada,Clothing,Shirts,Home Office,4,686.84,303.55,383.29
2024-11-05,Latin America,Chile,Office Supplies,Labels,Consumer,2,101.82,66.81,35.01
2024-11-08,Asia Pacific,Australia,Office Supplies,Labels,Corporate,4,1850.4,1082.22,768.18
2024-03-23,North America,Mexico,Office Supplies,Binders,Home Office,5,1691.1,887.53,803.57
2024-02-04,Latin America,Chile,Furniture,Tables,Corporate,3,483.03,381.42,101.61
2022-05-26,Asia Pacific,India,Office Supplies,Pens,Corporate,4,140.48,60.94,79.54
2023-12-07,Latin America,Argentina,Clothing,Shoes,Home Office,5,1367.55,842.32,525.23
2024-01-23,Europe,Spain,Furniture,Chairs,Consumer,5,848.05,474.25,373.8
2022-07-28,Latin America,Chile,Clothing,Shirts,Corporate,4,1283.8,803.21,480.59
2023-02-16,Europe,Germany,Clothing,Outerwear,Corporate,5,565.95,344.26,221.69
2023-04-06,Europe,United Kingdom,Office Supplies,Pens,Home Office,2,370.5,190.53,179.97
2023-10-27,Europe,Italy,Furniture,Chairs,Corporate,4,892.16,430.96,461.2
2024-10-20,Latin America,Brazil,Electronics,Phones,Consumer,2,847.36,655.1,192.26
2022-01-01,North America,United States,Furniture,Tables,Home Office,4,822.4,608.27,214.13
2024-08-13,North America,Mexico,Clothing,Outerwear,Corporate,5,2301.35,1454.77,846.58
2022-05-23,Latin America,Argentina,Clothing,Shoes,Corporate,3,35.16,26.21,8.95
2023-08-28,Europe,France,Electronics,Phones,Consumer,2,816.72,514.17,302.55
2024-01-11,Europe,France,Furniture,Desks,Corporate,5,2451.5,1133.84,1317.66
2024-09-12,North America,Mexico,Clothing,Shoes,Home Office,4,1819.76,1001.57,818.19
2023-08-15,Europe,Italy,Furniture,Tables,Home Office,1,63.61,42.47,21.14
2024-08-29,North America,United States,Clothing,Shoes,Corporate,3,612.48,377.1,235.38
2023-08-30,Latin America,Chile,Electronics,Accessories,Home Office,3,44.01,27.24,16.77
2023-02-19,North America,United States,Furniture,Tables,Consumer,3,1285.05,630.32,654.73
2024-10-18,Latin America,Argentina,Electronics,Accessories,Corporate,1,322.83,237.56,85.27
2023-03-30,Latin America,Chile,Electronics,Audio,Consumer,4,589.2,408.39,180.81
2024-04-16,Latin America,Argentina,Furniture,Desks,Home Office,2,954.22,431.56,522.66
2024-12-19,Latin America,Brazil,Furniture,Storage,Home Office,5,2350.2,1671.62,678.58
2024-04-26,Europe,France,Office Supplies,Binders,Home Office,1,43.33,18.48,24.85
2022-06-15,Asia Pacific,South Korea,Office Supplies,Pens,Corporate,2,887.36,474.52,412.84
2024-01-19,Europe,United Kingdom,Electronics,Accessories,Corporate,3,866.82,515.94,350.88
2023-11-21,Asia Pacific,Australia,Office Supplies,Paper,Corporate,3,247.29,190.89,56.4
2022-01-10,Europe,United Kingdom,Furniture,Desks,Consumer,4,182.76,134.32,48.44
2024-05-29,North America,Canada,Furniture,Chairs,Consumer,1,404.2,162.68,241.52
2023-08-10,Latin America,Colombia,Clothing,Outerwear,Consumer,1,29.82,12.65,17.17
2023-08-06,Latin America,Chile,Office Supplies,Pens,Corporate,3,1070.19,830.9,239.29
2024-11-25,Latin America,Argentina,Furniture,Tables,Home Office,1,476.84,313.45,163.39
2023-06-30,Asia Pacific,China,Clothing,Shirts,Consumer,3,1446.24,799.92,646.32
2023-03-16,Europe,Italy,Furniture,Desks,Home Office,1,238.16,96.14,142.02
2024-02-18,Asia Pacific,South Korea,Clothing,Pants,Home Office,2,347.74,212.05,135.69
2023-01-20,Asia Pacific,China,Clothing,Outerwear,Home Office,2,73.3,42.94,30.36
2022-02-17,North America,Canada,Furniture,Chairs,Home Office,4,805.84,471.3,334.54
2023-05-25,Europe,France,Office Supplies,Pens,Home Office,2,470.84,325.78,145.06
2023-03-19,Europe,Germany,Clothing,Pants,Consumer,3,115.83,86.73,29.1
2023-03-03,Asia Pacific,South Korea,Furniture,Desks,Consumer,2,897.48,442.24,455.24
2022-01-06,North America,Canada,Clothing,Outerwear,Corporate,4,752.4,535.33,217.07
2022-03-03,Europe,Italy,Electronics,Audio,Home Office,3,1351.8,586.73,765.07
2023-10-08,Europe,United Kingdom,Furniture,Desks,Consumer,1,408.9,183.34,225.56
2022-02-10,Asia Pacific,Australia,Furniture,Tables,Consumer,3,1152.36,730.09,422.27
2022-04-20,Europe,France,Electronics,Accessories,Home Office,1,36.87,22.55,14.32
2024-09-11,Latin America,Chile,Clothing,Outerwear,Corporate,5,1693.1,782.55,910.55
2023-12-21,Europe,Spain,Clothing,Shoes,Home Office,3,717.3,391.99,325.31
2024-06-09,Asia Pacific,Australia,Furniture,Tables,Corporate,4,708.92,308.08,400.84
2023-03-07,Europe,France,Furniture,Desks,Corporate,3,926.4,421.56,504.84
2023-01-19,Europe,United Kingdom,Clothing,Shoes,Consumer,5,2404.25,1303.39,1100.86
2023-01-26,North America,Canada,Clothing,Shirts,Home Office,3,297.0,121.38,175.62
2023-04-01,Asia Pacific,India,Clothing,Shoes,Home Office,2,137.8,69.09,68.71
2023-08-17,Europe,Italy,Clothing,Pants,Corporate,2,759.32,605.84,153.48
2024-10-01,Asia Pacific,Australia,Furniture,Tables,Home Office,4,432.2,224.32,207.88
2024-09-16,Latin America,Colombia,Furniture,Chairs,Home Office,4,667.76,410.35,257.41
2024-11-09,Europe,Spain,Clothing,Outerwear,Corporate,4,1718.64,1312.02,406.62
2022-05-19,Asia Pacific,South Korea,Clothing,Pants,Home Office,1,323.72,221.74,101.98
2024-11-10,Asia Pacific,South Korea,Electronics,Audio,Home Office,3,967.2,435.97,531.23
2024-12-09,Europe,Spain,Clothing,Shoes,Consumer,5,101.7,53.42,48.28
2023-10-11,Latin America,Brazil,Electronics,Audio,Corporate,3,1210.77,505.31,705.46
2023-09-05,North America,Mexico,Clothing,Shoes,Consumer,1,192.39,117.57,74.82
2022-02-26,North America,Canada,Electronics,Accessories,Consumer,5,1167.75,470.76,696.99
2022-06-12,Europe,Spain,Furniture,Chairs,Corporate,4,370.6,277.68,92.92
2023-01-17,North America,Canada,Electronics,Audio,Home Office,1,391.24,219.69,171.55
2024-09-13,Latin America,Brazil,Office Supplies,Binders,Consumer,3,1152.84,855.12,297.72
2022-09-14,North America,Mexico,Office Supplies,Labels,Consumer,5,1848.95,1251.69,597.26
2023-05-22,Europe,Spain,Electronics,Phones,Home Office,4,1572.08,708.07,864.01
2024-07-14,Asia Pacific,South Korea,Furniture,Chairs,Consumer,2,815.5,589.41,226.09
2023-02-20,Asia Pacific,South Korea,Electronics,Audio,Corporate,3,1434.06,690.84,743.22
2022-06-17,Latin America,Argentina,Electronics,Phones,Home Office,3,1265.43,706.16,559.27
2022-05-17,North America,Mexico,Clothing,Shoes,Consumer,1,287.51,171.92,115.59
2023-03-05,Asia Pacific,China,Office Supplies,Binders,Corporate,3,940.53,417.31,523.22
2022-08-07,Europe,United Kingdom,Furniture,Storage,Corporate,4,47.0,36.3,10.7
2024-10-20,Europe,France,Electronics,Computers,Corporate,1,466.88,238.73,228.15
2022-01-13,Latin America,Colombia,Office Supplies,Labels,Consumer,5,2098.5,1162.22,936.28
2022-09-24,Asia Pacific,Japan,Clothing,Shirts,Consumer,1,154.83,82.56,72.27
2023-04-25,Asia Pacific,South Korea,Electronics,Accessories,Consumer,1,411.04,236.86,174.18
2024-12-25,Asia Pacific,Australia,Office Supplies,Binders,Home Office,3,109.62,49.64,59.98
2024-06-27,Latin America,Colombia,Electronics,Computers,Consumer,5,2459.65,1400.58,1059.07
2024-06-07,Latin America,Argentina,Office Supplies,Pens,Corporate,5,520.25,359.32,160.93
2023-08-05,Asia Pacific,Australia,Office Supplies,Paper,Home Office,5,143.7,82.77,60.93
2023-09-01,Europe,United Kingdom,Electronics,Computers,Consumer,4,448.84,229.21,219.63
2023-02-14,Latin America,Brazil,Electronics,Audio,Consumer,3,683.22,471.95,211.27
2023-12-10,Asia Pacific,Japan,Furniture,Desks,Consumer,3,339.81,171.01,168.8
2024-07-23,Europe,France,Clothing,Pants,Consumer,2,899.88,665.45,234.43
2023-03-29,Asia Pacific,China,Furniture,Tables,Corporate,4,552.64,308.49,244.15
2022-01-16,Europe,Germany,Office Supplies,Labels,Consumer,2,929.26,701.35,227.91
2023-11-27,Latin America,Colombia,Office Supplies,Pens,Consumer,2,792.82,586.46,206.36
2022-11-25,North America,United States,Office Supplies,Paper,Home Office,2,230.5,181.7,48.8
2022-09-30,North America,United States,Furniture,Desks,Home Office,2,561.96,308.61,253.35
2023-03-07,Asia Pacific,China,Electronics,Computers,Consumer,3,1005.06,567.4,437.66
2023-02-11,Latin America,Colombia,Clothing,Outerwear,Home Office,2,418.96,224.37,194.59
2024-02-08,Asia Pacific,South Korea,Electronics,Accessories,Home Office,3,1282.47,571.58,710.89
2023-03-27,Asia Pacific,Australia,Office Supplies,Binders,Consumer,2,604.54,362.24,242.3
2023-01-24,Latin America,Chile,Office Supplies,Pens,Home Office,2,106.96,70.48,36.48
2024-12-11,Latin America,Brazil,Clothing,Shoes,Corporate,2,258.98,134.61,124.37
2024-11-14,North America,Mexico,Electronics,Phones,Corporate,3,1105.5,609.85,495.65
2022-12-19,Asia Pacific,South Korea,Clothing,Shoes,Consumer,3,1025.73,516.62,509.11
2022-08-22,North America,Mexico,Office Supplies,Paper,Corporate,3,975.21,775.28,199.93
2024-03-23,Asia Pacific,China,Furniture,Desks,Corporate,3,1464.9,1108.2,356.7
2024-07-27,Asia Pacific,Japan,Office Supplies,Paper,Consumer,5,658.25,509.76,148.49
2024-04-26,Europe,Italy,Furniture,Tables,Corporate,5,846.75,625.17,221.58
2022-08-11,Asia Pacific,South Korea,Furniture,Tables,Home Office,2,848.96,541.27,307.69
2023-09-06,Latin America,Colombia,Electronics,Audio,Home Office,4,917.04,726.47,190.57
2024-01-16,Latin America,Brazil,Furniture,Storage,Home Office,5,1724.35,848.48,875.87
2023-09-04,Asia Pacific,China,Office Supplies,Labels,Corporate,5,2116.15,1338.63,777.52
2023-02-24,Europe,France,Furniture,Chairs,Corporate,5,598.15,352.54,245.61
2023-03-13,Asia Pacific,Japan,Electronics,Computers,Consumer,1,353.88,239.0,114.88
2024-11-20,Latin America,Colombia,Office Supplies,Binders,Corporate,5,2467.9,1810.2,657.7
2024-07-11,Europe,Germany,Electronics,Accessories,Consumer,5,262.3,115.11,147.19
2023-06-03,Asia Pacific,China,Furniture,Desks,Home Office,4,1886.44,1259.59,626.85
2024-10-29,Latin America,Brazil,Electronics,Audio,Consumer,5,1412.45,826.17,586.28
2022-02-12,Asia Pacific,Australia,Electronics,Phones,Home Office,5,1478.5,1015.9,462.6
2024-12-30,Asia Pacific,China,Electronics,Accessories,Corporate,2,402.66,211.24,191.42
2022-10-18,Latin America,Chile,Electronics,Audio,Corporate,1,492.86,361.69,131.17
2024-12-08,Asia Pacific,South Korea,Furniture,Desks,Consumer,5,332.4,231.79,100.61
2023-12-09,Latin America,Chile,Furniture,Chairs,Home Office,5,2453.3,1017.66,1435.64
2023-09-30,Europe,France,Clothing,Shirts,Consumer,2,551.24,299.6,251.64
2024-07-26,Europe,Spain,Furniture,Chairs,Home Office,3,107.31,45.98,61.33
2024-06-09,Latin America,Colombia,Electronics,Audio,Home Office,2,742.58,403.68,338.9
2024-07-08,North America,United States,Office Supplies,Binders,Home Office,1,416.81,231.31,185.5
2022-11-03,Europe,Germany,Office Supplies,Binders,Home Office,5,2280.9,1275.85,1005.05
2022-06-11,Latin America,Chile,Office Supplies,Paper,Consumer,1,82.82,42.46,40.36
2024-02-17,North America,Canada,Furniture,Desks,Consumer,4,326.6,149.35,177.25
2023-11-16,Europe,Spain,Office Supplies,Pens,Corporate,1,64.33,47.5,16.83
2024-11-27,Latin America,Brazil,Office Supplies,Labels,Consumer,4,356.92,231.37,125.55
2023-07-28,Latin America,Chile,Office Supplies,Labels,Consumer,1,288.67,144.91,143.76
2022-08-30,Asia Pacific,India,Office Supplies,Pens,Home Office,3,625.23,261.13,364.1
2024-06-09,Latin America,Chile,Clothing,Shoes,Corporate,5,1528.2,752.37,775.83
2022-10-08,Asia Pacific,South Korea,Clothing,Outerwear,Consumer,5,562.55,276.09,286.46
2024-03-11,North America,Mexico,Furniture,Tables,Corporate,1,131.47,81.08,50.39
2024-03-24,North America,Mexico,Office Supplies,Labels,Home Office,3,1476.87,1103.17,373.7
2023-01-23,Latin America,Argentina,Clothing,Shirts,Home Office,2,463.08,271.79,191.29
2024-06-06,Asia Pacific,South Korea,Electronics,Accessories,Corporate,4,1574.52,1064.55,509.97
2022-03-22,Asia Pacific,India,Office Supplies,Binders,Corporate,4,662.32,368.21,294.11
2024-02-29,Europe,Spain,Furniture,Chairs,Consumer,5,400.25,265.71,134.54
2022-10-15,Europe,Germany,Electronics,Audio,Consumer,1,37.76,22.54,15.22
2023-01-16,North America,Canada,Clothing,Pants,Corporate,1,458.57,200.4,258.17
2023-04-20,Europe,France,Clothing,Pants,Home Office,4,1274.4,870.83,403.57
2023-12-12,North America,United States,Furniture,Tables,Home Office,5,368.0,169.98,198.02
2022-02-19,North America,United States,Furniture,Desks,Consumer,3,502.02,296.05,205.97
2023-07-02,North America,Mexico,Office Supplies,Paper,Home Office,4,1423.56,912.18,511.38
2022-06-10,North America,United States,Furniture,Tables,Consumer,4,1176.44,822.87,353.57
2023-05-06,Europe,Spain,Furniture,Chairs,Consumer,5,84.0,34.25,49.75
2023-03-23,Europe,Italy,Furniture,Tables,Corporate,4,1504.48,1103.51,400.97
2023-02-11,Latin America,Brazil,Office Supplies,Paper,Corporate,4,1359.52,585.43,774.09
2023-08-14,Asia Pacific,India,Electronics,Audio,Home Office,1,257.51,169.46,88.05
2022-01-24,Latin America,Chile,Furniture,Tables,Consumer,2,82.22,53.29,28.93
2024-10-30,Asia Pacific,South Korea,Furniture,Tables,Consumer,1,454.27,188.75,265.52
2024-11-26,North America,United States,Clothing,Pants,Consumer,2,732.78,334.64,398.14
2024-10-16,Asia Pacific,India,Furniture,Chairs,Consumer,5,2231.05,1168.16,1062.89
2022-09-11,North America,Mexico,Furniture,Storage,Corporate,3,252.66,126.14,126.52
2023-08-21,Europe,France,Office Supplies,Paper,Corporate,5,862.3,435.61,426.69
2024-10-19,North America,United States,Furniture,Tables,Home Office,2,99.96,64.09,35.87
2024-02-06,Latin America,Brazil,Electronics,Phones,Corporate,2,744.16,430.02,314.14
2022-12-25,Europe,France,Electronics,Phones,Home Office,2,983.42,511.7,471.72
2023-12-15,North America,Canada,Clothing,Pants,Consumer,1,459.32,323.84,135.48
2024-05-17,Asia Pacific,Australia,Electronics,Accessories,Corporate,4,1674.48,1286.67,387.81
2024-04-29,North America,Mexico,Clothing,Shoes,Home Office,5,1122.9,533.14,589.76
2024-05-04,Europe,United Kingdom,Office Supplies,Pens,Home Office,4,759.24,519.14,240.1
2022-06-30,North America,United States,Office Supplies,Paper,Consumer,1,268.28,209.03,59.25
2023-12-06,Europe,Germany,Electronics,Accessories,Corporate,1,66.74,37.74,29.0
2022-11-26,Asia Pacific,China,Office Supplies,Pens,Home Office,5,114.05,47.54,66.51
2024-05-03,North America,Canada,Office Supplies,Labels,Home Office,1,192.96,80.51,112.45
2023-09-08,Asia Pacific,China,Clothing,Shirts,Corporate,2,811.14,570.94,240.2
2024-09-08,Europe,United Kingdom,Clothing,Shoes,Corporate,2,398.8,185.21,213.59
2024-12-05,Asia Pacific,Australia,Electronics,Computers,Consumer,2,335.16,221.49,113.67
2022-12-25,North America,United States,Furniture,Desks,Home Office,4,69.56,31.77,37.79
2023-03-16,Asia Pacific,South Korea,Furniture,Tables,Corporate,1,223.95,131.54,92.41
2022-06-19,Asia Pacific,India,Electronics,Computers,Consumer,5,2488.45,1844.34,644.11
2023-06-25,North America,Canada,Electronics,Audio,Consumer,3,1263.66,616.58,647.08
2023-09-16,North America,Mexico,Furniture,Storage,Corporate,3,695.34,357.78,337.56
2024-05-11,Asia Pacific,Japan,Furniture,Tables,Consumer,3,1230.48,598.99,631.49
2022-04-01,Asia Pacific,South Korea,Electronics,Phones,Corporate,5,2464.55,1218.67,1245.88
2022-01-07,Latin America,Argentina,Furniture,Storage,Home Office,1,369.52,235.98,133.54
2023-07-20,North America,Mexico,Office Supplies,Pens,Corporate,2,253.44,108.19,145.25
2023-02-24,Latin America,Chile,Office Supplies,Labels,Home Office,3,1305.33,553.09,752.24
2022-11-17,Europe,United Kingdom,Electronics,Audio,Consumer,5,1781.4,1250.87,530.53
2022-11-10,Latin America,Chile,Electronics,Computers,Consumer,3,612.42,263.59,348.83
2023-01-22,Asia Pacific,South Korea,Electronics,Audio,Corporate,1,318.42,133.05,185.37
2023-06-28,North America,Mexico,Clothing,Pants,Corporate,1,12.71,9.26,3.45
2022-06-04,Latin America,Brazil,Electronics,Phones,Home Office,2,779.92,578.53,201.39
2024-06-22,Europe,France,Clothing,Pants,Consumer,1,190.36,93.01,97.35
2023-05-09,Latin America,Chile,Furniture,Chairs,Corporate,3,222.96,176.97,45.99
2024-02-09,North America,United States,Furniture,Storage,Consumer,1,26.12,13.72,12.4
2023-02-09,Latin America,Chile,Electronics,Computers,Corporate,1,323.13,153.17,169.96
2024-08-26,Asia Pacific,China,Clothing,Outerwear,Home Office,4,1966.08,1192.86,773.22
2023-06-19,Europe,Germany,Office Supplies,Paper,Home Office,5,2346.0,974.09,1371.91
2022-11-24,Latin America,Chile,Furniture,Chairs,Home Office,3,890.55,666.72,223.83
2024-11-11,Asia Pacific,China,Clothing,Pants,Home Office,3,1316.73,785.41,531.32
2023-01-18,Latin America,Colombia,Furniture,Tables,Consumer,3,571.98,247.21,324.77
2024-01-22,Latin America,Brazil,Office Supplies,Binders,Home Office,2,742.06,365.4,376.66
2023-08-16,Europe,France,Office Supplies,Paper,Corporate,5,1427.75,863.23,564.52
2022-10-20,Latin America,Colombia,Office Supplies,Binders,Consumer,2,679.56,518.24,161.32
2023-02-27,North America,Canada,Electronics,Computers,Home Office,1,121.38,49.53,71.85
2022-08-06,North America,United States,Electronics,Phones,Consumer,3,48.33,25.99,22.34
2024-08-16,Latin America,Argentina,Electronics,Accessories,Consumer,3,773.76,538.38,235.38
2023-08-13,Europe,United Kingdom,Office Supplies,Pens,Corporate,3,1398.96,914.47,484.49
2024-09-07,Asia Pacific,Australia,Electronics,Computers,Consumer,5,406.45,265.85,140.6
2022-07-19,Latin America,Brazil,Furniture,Desks,Home Office,1,294.8,156.49,138.31
2024-11-21,North America,Canada,Furniture,Tables,Corporate,1,160.71,78.64,82.07
2023-12-04,Asia Pacific,Japan,Office Supplies,Labels,Home Office,4,460.84,352.44,108.4
2024-06-28,Europe,United Kingdom,Furniture,Tables,Consumer,5,596.15,275.4,320.75
2022-09-17,Latin America,Brazil,Office Supplies,Binders,Consumer,2,487.38,330.33,157.05
2022-02-28,Europe,Spain,Office Supplies,Binders,Home Office,3,937.11,473.17,463.94
2022-04-14,Europe,Germany,Furniture,Chairs,Consumer,5,293.6,159.04,134.56
2023-07-27,North America,Canada,Electronics,Audio,Consumer,5,1328.8,624.98,703.82
2023-04-07,Latin America,Chile,Electronics,Audio,Home Office,3,761.1,332.18,428.92
2022-05-16,Europe,Germany,Office Supplies,Paper,Corporate,2,885.88,610.29,275.59
2024-04-17,North America,United States,Furniture,Storage,Corporate,4,410.72,283.21,127.51
2024-08-24,North America,United States,Office Supplies,Binders,Corporate,4,414.32,270.2,144.12
2022-09-03,Asia Pacific,China,Office Supplies,Labels,Corporate,1,497.33,210.18,287.15
2024-07-10,Asia Pacific,South Korea,Furniture,Tables,Home Office,2,626.64,358.13,268.51
2024-01-09,Europe,Italy,Office Supplies,Paper,Home Office,3,186.3,74.53,111.77
2023-01-05,Latin America,Chile,Office Supplies,Labels,Corporate,3,634.89,471.48,163.41
2022-11-04,Asia Pacific,China,Clothing,Shoes,Consumer,2,485.56,328.17,157.39
2023-04-18,Latin America,Chile,Furniture,Storage,Consumer,4,260.0,114.2,145.8
2024-03-18,Europe,United Kingdom,Clothing,Shirts,Home Office,1,307.8,163.58,144.22
2023-02-27,North America,Canada,Furniture,Desks,Consumer,2,254.94,107.04,147.9
2024-04-06,Asia Pacific,Australia,Clothing,Outerwear,Corporate,3,1033.98,663.07,370.91
2024-03-21,Latin America,Colombia,Furniture,Storage,Consumer,1,206.02,125.28,80.74
2023-09-03,North America,United States,Clothing,Outerwear,Consumer,5,569.0,418.49,150.51
2023-02-21,Asia Pacific,South Korea,Clothing,Outerwear,Corporate,5,2345.65,1279.64,1066.01
2023-11-20,Latin America,Argentina,Electronics,Audio,Corporate,2,710.86,402.84,308.02
2024-04-27,Latin America,Brazil,Furniture,Desks,Home Office,4,160.56,77.62,82.94
2022-05-14,North America,Canada,Clothing,Shoes,Consumer,2,796.16,356.79,439.37
2024-07-26,Latin America,Chile,Office Supplies,Paper,Corporate,3,745.23,517.8,227.43
2022-02-19,Asia Pacific,Australia,Furniture,Tables,Corporate,4,1194.04,930.06,263.98
2022-07-27,Latin America,Argentina,Clothing,Shoes,Consumer,3,389.7,219.7,170.0
2022-04-13,Latin America,Argentina,Electronics,Phones,Corporate,5,1350.1,1052.31,297.79
2023-03-02,Europe,Italy,Electronics,Accessories,Home Office,4,1519.36,1011.48,507.88
2024-01-18,Latin America,Argentina,Furniture,Chairs,Consumer,5,2376.1,1477.1,899.0
2022-07-31,Latin America,Argentina,Clothing,Shoes,Corporate,2,341.8,228.62,113.18
2022-04-09,Asia Pacific,South Korea,Clothing,Pants,Corporate,3,1177.74,665.15,512.59
2023-12-04,North America,United States,Office Supplies,Labels,Home Office,3,701.25,467.25,234.0
2022-12-02,Europe,Spain,Electronics,Accessories,Corporate,2,909.56,619.33,290.23
2022-03-25,Latin America,Argentina,Clothing,Shoes,Consumer,4,1475.44,879.32,596.12
2024-05-25,Europe,Italy,Clothing,Shoes,Consumer,3,218.28,108.15,110.13
2022-01-24,North America,Canada,Office Supplies,Binders,Consumer,3,43.29,26.99,16.3
2022-08-22,Europe,Italy,Furniture,Chairs,Consumer,1,235.13,180.21,54.92
2022-09-26,North America,Mexico,Clothing,Shirts,Corporate,4,1710.92,1313.94,396.98
2024-10-26,Latin America,Brazil,Furniture,Storage,Corporate,1,212.96,107.41,105.55
2022-12-17,North America,United States,Electronics,Computers,Consumer,2,685.84,355.04,330.8
2024-03-05,Latin America,Brazil,Clothing,Outerwear,Consumer,4,1409.88,766.64,643.24
2024-06-05,Latin America,Colombia,Furniture,Desks,Corporate,4,1636.16,849.96,786.2
2023-03-24,Europe,Germany,Furniture,Tables,Home Office,5,699.4,453.95,245.45
2022-08-31,Europe,Spain,Electronics,Accessories,Corporate,3,876.72,478.81,397.91
2024-06-29,Asia Pacific,Japan,Clothing,Pants,Corporate,5,1404.5,708.92,695.58
2022-04-24,Latin America,Brazil,Office Supplies,Binders,Corporate,2,67.12,43.5,23.62
2024-06-06,Asia Pacific,India,Office Supplies,Pens,Home Office,4,940.24,599.53,340.71
2023-05-30,Latin America,Brazil,Electronics,Accessories,Corporate,5,156.65,77.22,79.43
2022-08-23,North America,United States,Electronics,Accessories,Home Office,4,960.96,531.64,429.32
2022-04-06,North America,United States,Furniture,Chairs,Consumer,2,695.16,397.66,297.5
2022-09-25,Europe,Italy,Furniture,Tables,Consumer,3,499.77,228.1,271.67
2023-09-29,North America,United States,Office Supplies,Binders,Home Office,4,404.44,263.0,141.44
2022-10-30,North America,United States,Office Supplies,Binders,Home Office,1,292.74,129.5,163.24
2023-01-23,Latin America,Chile,Office Supplies,Binders,Consumer,3,1050.96,461.39,589.57
2024-03-08,Asia Pacific,India,Furniture,Desks,Corporate,5,2352.95,965.76,1387.19
2022-12-28,Latin America,Argentina,Clothing,Outerwear,Home Office,4,339.12,267.02,72.1
2023-01-28,North America,Canada,Furniture,Chairs,Corporate,1,156.71,113.57,43.14
2024-11-10,Asia Pacific,South Korea,Office Supplies,Labels,Consumer,5,1664.4,1207.23,457.17
2022-02-13,Latin America,Brazil,Furniture,Tables,Corporate,1,39.34,20.51,18.83
2022-05-01,Latin America,Brazil,Electronics,Computers,Home Office,4,537.64,331.28,206.36
2022-04-21,Latin America,Colombia,Office Supplies,Paper,Consumer,5,296.2,194.83,101.37
2024-08-01,Latin America,Brazil,Office Supplies,Pens,Home Office,5,1870.6,997.31,873.29
2024-11-04,Asia Pacific,Japan,Office Supplies,Pens,Home Office,4,1297.12,546.78,750.34
2024-08-05,Latin America,Argentina,Furniture,Chairs,Consumer,3,1360.02,683.38,676.64
2023-02-01,Europe,Spain,Office Supplies,Binders,Consumer,1,413.0,291.68,121.32
2023-02-25,Europe,United Kingdom,Electronics,Accessories,Corporate,5,969.1,657.56,311.54
2023-01-25,Europe,France,Clothing,Shirts,Home Office,2,312.4,145.86,166.54
2022-07-10,North America,Canada,Clothing,Outerwear,Corporate,4,657.08,498.77,158.31
2023-03-26,Europe,France,Electronics,Audio,Consumer,3,1327.41,568.12,759.29
2023-01-24,North America,United States,Office Supplies,Pens,Consumer,1,367.35,214.27,153.08
2022-11-12,Asia Pacific,India,Clothing,Shirts,Corporate,3,101.31,53.8,47.51
2023-02-23,North America,United States,Office Supplies,Labels,Home Office,3,211.95,122.84,89.11
2024-09-29,Europe,France,Electronics,Accessories,Home Office,4,1627.64,822.1,805.54
2023-04-11,Europe,Spain,Furniture,Chairs,Home Office,1,403.94,296.22,107.72
2022-04-23,Europe,Germany,Furniture,Chairs,Home Office,2,161.7,114.14,47.56
2023-02-28,Latin America,Brazil,Office Supplies,Binders,Home Office,1,116.12,92.8,23.32
2024-04-18,North America,Canada,Furniture,Storage,Consumer,1,210.98,126.91,84.07
2023-01-20,Asia Pacific,Australia,Electronics,Computers,Home Office,3,1244.61,803.91,440.7
2022-10-26,Asia Pacific,Australia,Clothing,Shoes,Home Office,2,137.08,104.41,32.67
2022-03-23,Europe,Spain,Clothing,Pants,Home Office,3,816.15,470.48,345.67
2024-05-08,Asia Pacific,India,Electronics,Computers,Home Office,1,496.19,383.94,112.25
2023-12-15,Asia Pacific,Japan,Electronics,Phones,Consumer,5,1911.2,926.59,984.61
2024-03-25,North America,Canada,Clothing,Shoes,Corporate,5,1727.95,1115.13,612.82
2022-08-03,Europe,France,Electronics,Phones,Consumer,5,411.15,252.68,158.47
2024-11-30,North America,United States,Office Supplies,Pens,Consumer,5,1593.1,844.03,749.07
2023-01-06,Asia Pacific,India,Clothing,Outerwear,Home Office,3,456.3,247.4,208.9
2024-10-23,Asia Pacific,Australia,Office Supplies,Binders,Home Office,5,2146.7,1674.86,471.84
2022-03-31,Latin America,Brazil,Office Supplies,Pens,Home Office,5,1213.9,741.98,471.92
2023-08-15,Asia Pacific,Australia,Electronics,Accessories,Consumer,2,792.62,500.87,291.75
2022-03-13,Asia Pacific,South Korea,Office Supplies,Paper,Corporate,2,123.18,77.14,46.04
2022-02-07,Europe,United Kingdom,Clothing,Shoes,Corporate,2,70.06,54.8,15.26
2024-10-27,North America,Canada,Furniture,Chairs,Consumer,5,590.0,283.87,306.13
2024-03-04,Latin America,Colombia,Electronics,Audio,Consumer,5,1258.3,572.13,686.17
2023-04-25,Asia Pacific,China,Furniture,Desks,Home Office,1,395.83,181.04,214.79
2023-03-28,Europe,Germany,Office Supplies,Binders,Home Office,1,158.88,68.57,90.31
2022-12-20,Latin America,Chile,Furniture,Tables,Consumer,2,678.3,301.73,376.57
2023-10-30,Asia Pacific,Australia,Office Supplies,Binders,Consumer,2,683.72,480.38,203.34
2022-05-30,North America,Mexico,Electronics,Accessories,Home Office,1,441.25,263.82,177.43
2023-05-21,Latin America,Colombia,Clothing,Pants,Consumer,5,1603.7,856.28,747.42
2022-07-15,Asia Pacific,India,Electronics,Accessories,Consumer,4,377.0,197.19,179.81
2023-05-14,Europe,France,Electronics,Audio,Corporate,1,60.27,25.92,34.35
2023-12-03,Latin America,Argentina,Office Supplies,Pens,Corporate,1,144.21,78.72,65.49
2022-03-08,North America,United States,Electronics,Audio,Consumer,1,456.99,279.48,177.51
2024-06-09,Latin America,Colombia,Clothing,Shoes,Corporate,4,615.2,466.4,148.8
2024-10-24,Europe,Spain,Furniture,Tables,Consumer,1,288.62,175.82,112.8
2022-07-13,Latin America,Chile,Furniture,Chairs,Home Office,5,1666.4,667.68,998.72
2024-12-11,Latin America,Brazil,Electronics,Audio,Corporate,1,464.74,273.2,191.54
2022-04-27,Europe,Spain,Furniture,Tables,Corporate,4,944.64,672.74,271.9
2022-07-02,Asia Pacific,India,Office Supplies,Pens,Corporate,1,259.0,157.19,101.81
2022-12-26,Europe,Germany,Office Supplies,Pens,Home Office,4,1675.16,959.44,715.72
2023-09-17,Latin America,Colombia,Furniture,Tables,Consumer,4,347.68,259.36,88.32
2022-12-04,Europe,United Kingdom,Furniture,Tables,Consumer,3,1423.83,1097.24,326.59
2022-05-28,Latin America,Chile,Clothing,Shirts,Corporate,4,1193.44,912.36,281.08
2024-07-06,Asia Pacific,Australia,Electronics,Audio,Home Office,4,1250.56,833.51,417.05
2022-12-10,Latin America,Brazil,Clothing,Shirts,Consumer,3,1451.07,945.3,505.77
2024-12-05,North America,United States,Office Supplies,Paper,Consumer,3,1301.13,608.53,692.6
2024-06-25,Asia Pacific,India,Clothing,Shirts,Corporate,3,115.68,53.08,62.6
2022-08-11,Asia Pacific,Japan,Clothing,Outerwear,Corporate,2,433.96,324.75,109.21
2022-04-23,Asia Pacific,India,Office Supplies,Pens,Consumer,1,224.95,117.48,107.47
2024-03-16,Latin America,Brazil,Office Supplies,Pens,Consumer,2,624.4,369.81,254.59
2024-12-19,Europe,Spain,Office Supplies,Labels,Corporate,4,1594.72,1022.7,572.02
2023-04-05,Latin America,Colombia,Clothing,Pants,Corporate,2,896.68,419.24,477.44
2024-11-10,Asia Pacific,China,Furniture,Desks,Home Office,4,1549.96,1220.17,329.79
2022-08-06,Europe,Italy,Furniture,Desks,Consumer,2,294.0,201.57,92.43
2024-08-03,Latin America,Chile,Electronics,Audio,Home Office,1,209.46,129.98,79.48
2022-12-30,Latin America,Chile,Clothing,Shirts,Home Office,1,154.21,63.96,90.25
2024-05-21,Latin America,Argentina,Furniture,Storage,Home Office,4,1026.48,519.86,506.62
2022-05-27,North America,Canada,Furniture,Storage,Corporate,1,471.68,261.72,209.96
2024-03-13,Europe,Italy,Clothing,Outerwear,Consumer,2,45.1,22.78,22.32
2023-12-28,Europe,Italy,Electronics,Accessories,Home Office,4,1765.68,917.72,847.96
2024-09-17,North America,United States,Clothing,Shoes,Consumer,1,443.62,204.23,239.39
2023-05-06,Europe,Spain,Furniture,Desks,Consumer,4,767.52,381.95,385.57
2022-05-28,Europe,Spain,Office Supplies,Labels,Home Office,2,938.48,498.43,440.05
2023-04-08,Asia Pacific,China,Furniture,Chairs,Corporate,3,831.06,520.54,310.52
2024-05-01,Europe,Italy,Office Supplies,Binders,Consumer,3,1230.96,516.03,714.93
2022-03-22,North America,Canada,Office Supplies,Paper,Home Office,1,369.01,242.46,126.55
2024-04-14,North America,Canada,Electronics,Audio,Home Office,2,648.5,314.17,334.33
2024-10-28,North America,Canada,Furniture,Tables,Consumer,3,1245.0,525.93,719.07
2022-08-15,North America,Canada,Clothing,Shoes,Home Office,1,88.75,54.63,34.12
2023-01-08,North America,Canada,Clothing,Outerwear,Corporate,5,1671.55,731.8,939.75
2024-09-14,North America,Canada,Office Supplies,Pens,Corporate,1,372.78,159.39,213.39
2023-05-10,Europe,Germany,Clothing,Shoes,Home Office,3,448.8,214.84,233.96
2024-08-13,Asia Pacific,Japan,Electronics,Computers,Corporate,2,441.62,343.2,98.42
2023-07-04,Asia Pacific,India,Clothing,Shirts,Consumer,3,1402.2,784.64,617.56
2022-06-07,Latin America,Brazil,Clothing,Outerwear,Home Office,1,191.33,115.67,75.66
2024-05-26,Latin America,Brazil,Electronics,Accessories,Home Office,2,682.54,443.04,239.5
2022-07-16,Asia Pacific,India,Furniture,Chairs,Corporate,3,1383.78,951.72,432.06
2022-11-03,Latin America,Colombia,Furniture,Desks,Consumer,1,64.8,41.15,23.65
2024-05-25,Asia Pacific,India,Office Supplies,Pens,Consumer,4,612.64,336.19,276.45
2024-03-12,Asia Pacific,South Korea,Office Supplies,Pens,Home Office,4,1141.6,834.2,307.4
2023-04-09,North America,Mexico,Clothing,Outerwear,Consumer,3,579.57,438.35,141.22
2023-12-26,Asia Pacific,India,Furniture,Chairs,Corporate,4,1445.48,912.45,533.03
2024-08-18,Europe,Italy,Electronics,Audio,Corporate,1,102.17,41.74,60.43
2023-04-10,Europe,Spain,Clothing,Pants,Home Office,1,203.2,132.62,70.58
2023-08-05,Latin America,Argentina,Clothing,Shoes,Home Office,4,1372.4,759.42,612.98
2024-04-16,Asia Pacific,India,Electronics,Phones,Home Office,4,738.56,362.48,376.08
2022-03-21,Latin America,Brazil,Clothing,Outerwear,Consumer,1,403.66,212.5,191.16
2023-03-23,Asia Pacific,Australia,Electronics,Accessories,Consumer,2,135.54,86.11,49.43
2024-02-24,Europe,Spain,Clothing,Shoes,Corporate,2,776.42,451.86,324.56
2024-10-29,Europe,Germany,Furniture,Tables,Corporate,2,975.62,468.08,507.54
2024-04-25,Europe,France,Furniture,Desks,Home Office,5,2367.0,1661.04,705.96
2022-04-05,North America,Canada,Clothing,Shoes,Consumer,4,939.0,747.89,191.11
2024-05-14,North America,Mexico,Office Supplies,Labels,Consumer,1,87.26,63.76,23.5
2023-03-09,Asia Pacific,Australia,Office Supplies,Paper,Corporate,3,598.35,356.01,242.34
2022-08-09,Asia Pacific,China,Electronics,Accessories,Home Office,4,720.64,336.06,384.58
2023-11-11,Europe,United Kingdom,Electronics,Audio,Corporate,3,720.09,476.29,243.8
2024-03-30,Asia Pacific,South Korea,Furniture,Tables,Consumer,2,868.4,686.53,181.87
2022-02-07,Latin America,Chile,Clothing,Shoes,Corporate,1,155.48,70.62,84.86
2022-04-26,North America,Mexico,Electronics,Computers,Corporate,2,21.24,11.71,9.53
2024-08-14,Europe,United Kingdom,Clothing,Shirts,Corporate,4,858.8,685.09,173.71
2022-02-26,North America,Canada,Clothing,Pants,Consumer,1,478.26,283.78,194.48
2022-10-28,Europe,United Kingdom,Office Supplies,Labels,Home Office,3,775.95,614.5,161.45
2024-03-24,Asia Pacific,South Korea,Electronics,Phones,Corporate,4,741.6,538.81,202.79
2022-07-28,Europe,Spain,Clothing,Pants,Consumer,2,960.2,714.36,245.84
2022-03-20,Latin America,Brazil,Electronics,Computers,Consumer,2,860.62,588.35,272.27
2024-01-15,North America,Mexico,Clothing,Pants,Home Office,5,687.6,426.49,261.11
2023-08-27,North America,Mexico,Office Supplies,Labels,Consumer,5,406.35,275.71,130.64
2023-09-11,North America,Mexico,Clothing,Outerwear,Consumer,3,488.13,351.1,137.03
2024-08-14,Asia Pacific,India,Clothing,Shoes,Consumer,5,1026.15,446.4,579.75
2022-12-15,Europe,Italy,Furniture,Storage,Consumer,1,459.32,358.5,100.82
2024-09-16,Latin America,Brazil,Electronics,Computers,Consumer,1,202.11,149.66,52.45
2024-10-25,North America,Mexico,Clothing,Pants,Corporate,4,1370.2,1026.37,343.83
2023-11-11,North America,Mexico,Electronics,Computers,Home Office,5,574.2,385.75,188.45
2022-02-07,Asia Pacific,Australia,Electronics,Accessories,Home Office,4,1681.76,1076.98,604.78
2022-06-18,Europe,United Kingdom,Office Supplies,Pens,Consumer,1,479.83,262.11,217.72
2022-05-06,Asia Pacific,Japan,Clothing,Pants,Consumer,1,384.84,221.44,163.4
2024-03-17,Asia Pacific,India,Clothing,Pants,Consumer,3,187.98,113.59,74.39
2023-11-18,North America,Mexico,Furniture,Storage,Consumer,1,57.01,38.24,18.77
2023-12-26,Europe,Germany,Furniture,Storage,Home Office,2,696.76,354.33,342.43
2023-06-24,North America,Mexico,Clothing,Shoes,Consumer,3,873.27,411.06,462.21
2022-09-20,Europe,United Kingdom,Clothing,Shoes,Home Office,3,1234.2,684.56,549.64
2023-01-21,Europe,France,Office Supplies,Paper,Corporate,2,193.0,82.94,110.06
2022-08-23,Latin America,Argentina,Office Supplies,Binders,Corporate,1,392.15,168.95,223.2
2022-12-25,North America,Mexico,Electronics,Accessories,Consumer,4,1881.92,754.35,1127.57
2024-10-09,North America,United States,Office Supplies,Pens,Home Office,3,680.25,325.5,354.75
2023-06-28,Europe,United Kingdom,Office Supplies,Labels,Consumer,2,442.18,277.46,164.72
2024-02-06,Europe,France,Clothing,Shirts,Corporate,2,793.7,469.7,324.0
2022-11-18,North America,Mexico,Office Supplies,Labels,Home Office,5,2385.15,1541.12,844.03
2022-05-28,North America,Mexico,Clothing,Pants,Consumer,2,490.52,231.74,258.78
2024-06-01,North America,Canada,Clothing,Shirts,Corporate,4,394.56,236.35,158.21
2022-11-06,Europe,France,Electronics,Phones,Consumer,4,357.56,145.39,212.17
2023-02-27,North America,Mexico,Furniture,Tables,Consumer,5,262.3,179.35,82.95
2022-09-08,Europe,Italy,Office Supplies,Paper,Corporate,2,989.5,663.88,325.62
2024-11-23,Europe,Germany,Electronics,Accessories,Consumer,1,122.88,71.89,50.99
2024-11-29,Latin America,Argentina,Clothing,Shoes,Consumer,2,916.2,723.11,193.09
2022-03-25,Asia Pacific,Japan,Furniture,Desks,Home Office,4,1028.48,420.65,607.83
2022-01-15,North America,Mexico,Clothing,Shoes,Home Office,4,592.16,406.94,185.22
2024-07-24,North America,Mexico,Clothing,Outerwear,Consumer,3,391.41,308.07,83.34
2022-05-15,Europe,Italy,Office Supplies,Binders,Consumer,2,140.08,96.1,43.98
2023-06-19,Asia Pacific,South Korea,Office Supplies,Paper,Home Office,3,401.55,312.48,89.07
2023-04-02,Europe,France,Office Supplies,Paper,Consumer,3,1084.98,717.21,367.77
2024-01-13,Asia Pacific,China,Electronics,Computers,Home Office,1,227.43,181.64,45.79
2024-12-07,Latin America,Chile,Office Supplies,Pens,Consumer,3,914.67,596.73,317.94
2024-06-06,Asia Pacific,India,Electronics,Accessories,Home Office,2,827.9,443.33,384.57
2024-10-19,Latin America,Colombia,Office Supplies,Pens,Home Office,5,339.9,197.13,142.77
2024-06-09,Europe,France,Furniture,Tables,Corporate,4,1067.12,771.63,295.49
2022-08-18,North America,Mexico,Electronics,Accessories,Consumer,1,487.51,296.45,191.06
2024-09-10,Asia Pacific,Australia,Clothing,Pants,Consumer,4,1137.2,495.3,641.9
2023-12-08,North America,Canada,Office Supplies,Paper,Home Office,5,96.3,40.34,55.96
2023-07-09,Asia Pacific,Australia,Electronics,Accessories,Corporate,5,2187.3,1083.8,1103.5
2022-02-21,Latin America,Colombia,Electronics,Phones,Consumer,4,1320.32,941.0,379.32
2023-08-24,Europe,France,Furniture,Storage,Corporate,4,273.92,133.45,140.47
2024-02-23,Asia Pacific,India,Furniture,Chairs,Home Office,4,731.28,392.02,339.26
2023-02-22,Europe,France,Furniture,Storage,Home Office,5,2323.1,1601.32,721.78
2024-01-10,North America,United States,Furniture,Tables,Consumer,4,1495.92,821.39,674.53
2023-07-04,Europe,Germany,Furniture,Tables,Corporate,4,1151.24,622.01,529.23
2022-09-10,Latin America,Colombia,Furniture,Desks,Corporate,4,1601.52,1127.52,474.0
2023-09-23,Europe,Italy,Clothing,Shirts,Home Office,5,1394.5,710.07,684.43
2024-08-11,North America,Mexico,Clothing,Shoes,Corporate,4,592.44,321.16,271.28
2023-03-23,Europe,Italy,Office Supplies,Paper,Consumer,3,745.8,577.4,168.4
2024-04-02,Asia Pacific,Australia,Office Supplies,Binders,Consumer,4,810.4,633.84,176.56
2023-09-07,Europe,France,Furniture,Tables,Home Office,2,408.94,201.56,207.38
2022-03-03,North America,United States,Clothing,Pants,Consumer,2,576.36,398.13,178.23
2022-02-04,Europe,United Kingdom,Electronics,Audio,Corporate,3,687.72,502.34,185.38
2023-02-20,Latin America,Brazil,Clothing,Shirts,Consumer,5,2062.6,882.68,1179.92
2022-08-10,Europe,Spain,Office Supplies,Paper,Home Office,4,1201.56,935.18,266.38
2022-03-07,Asia Pacific,China,Office Supplies,Paper,Corporate,4,1820.32,903.83,916.49
2022-03-15,Europe,United Kingdom,Office Supplies,Labels,Corporate,1,200.03,94.62,105.41
2024-12-14,Asia Pacific,Australia,Clothing,Pants,Consumer,4,838.96,620.28,218.68
2022-01-11,Europe,Germany,Office Supplies,Pens,Home Office,1,253.93,159.85,94.08
2022-10-02,North America,United States,Furniture,Chairs,Consumer,1,408.22,215.95,192.27
2022-02-11,Europe,Spain,Electronics,Phones,Corporate,5,264.5,154.44,110.06
2024-05-09,North America,Mexico,Office Supplies,Labels,Consumer,2,977.4,475.77,501.63
2023-06-08,Latin America,Colombia,Clothing,Outerwear,Home Office,3,320.28,229.46,90.82
2024-02-29,Asia Pacific,Australia,Furniture,Storage,Corporate,4,1685.44,1325.5,359.94
2024-09-03,Europe,Germany,Furniture,Chairs,Consumer,2,733.96,373.56,360.4
2022-07-22,Latin America,Colombia,Furniture,Tables,Corporate,2,378.66,264.29,114.37
2022-04-06,North America,United States,Electronics,Audio,Consumer,1,63.22,28.73,34.49
2023-12-06,Europe,United Kingdom,Clothing,Shirts,Home Office,4,1478.2,763.96,714.24
2023-09-14,Latin America,Chile,Clothing,Shoes,Home Office,2,461.58,275.76,185.82
2023-06-18,Europe,Spain,Furniture,Desks,Home Office,3,149.19,73.76,75.43
2023-05-06,Asia Pacific,Australia,Office Supplies,Labels,Home Office,2,143.5,96.49,47.01
2023-09-08,Latin America,Colombia,Clothing,Shirts,Consumer,5,1243.05,886.19,356.86
2022-01-03,North America,Mexico,Furniture,Desks,Consumer,5,604.75,376.13,228.62
2024-01-26,North America,Canada,Electronics,Audio,Home Office,3,113.37,59.44,53.93
2024-11-09,Latin America,Chile,Clothing,Shirts,Home Office,3,598.35,327.64,270.71
2023-07-12,Asia Pacific,India,Clothing,Shoes,Corporate,3,659.79,495.6,164.19
2022-05-17,Europe,Germany,Office Supplies,Paper,Consumer,1,379.85,201.75,178.1
2023-01-02,North America,Canada,Electronics,Phones,Corporate,1,246.54,114.89,131.65
2023-07-08,Europe,United Kingdom,Electronics,Computers,Home Office,1,234.92,166.98,67.94
2022-03-28,Asia Pacific,Japan,Office Supplies,Pens,Consumer,1,263.73,119.99,143.74
2022-06-23,Asia Pacific,India,Clothing,Shoes,Consumer,3,192.27,131.92,60.35
2024-07-02,Europe,Germany,Electronics,Accessories,Consumer,3,754.74,494.36,260.38
2024-03-10,North America,Mexico,Clothing,Shoes,Corporate,5,1268.55,969.12,299.43
2024-01-07,Europe,France,Furniture,Storage,Home Office,3,1306.32,945.08,361.24
2023-10-25,Asia Pacific,China,Office Supplies,Binders,Consumer,3,394.77,304.7,90.07
2023-08-15,Europe,Italy,Clothing,Pants,Corporate,2,22.24,13.7,8.54
2023-08-26,Latin America,Brazil,Clothing,Outerwear,Home Office,1,464.95,241.48,223.47
2022-11-12,Asia Pacific,China,Clothing,Pants,Consumer,4,690.64,410.46,280.18
2022-04-10,North America,Canada,Office Supplies,Paper,Home Office,5,52.45,29.96,22.49
2023-11-27,Asia Pacific,Australia,Office Supplies,Binders,Consumer,3,1348.59,895.64,452.95
2023-01-06,Latin America,Chile,Furniture,Desks,Consumer,3,726.93,501.72,225.21
2022-05-07,Asia Pacific,India,Furniture,Storage,Consumer,3,173.73,106.03,67.7
2023-07-21,Asia Pacific,China,Furniture,Desks,Corporate,3,414.9,247.34,167.56
2022-04-19,North America,Canada,Furniture,Storage,Consumer,2,637.1,363.86,273.24
2023-05-17,Latin America,Argentina,Office Supplies,Paper,Consumer,1,70.38,35.72,34.66
2023-09-03,North America,Mexico,Office Supplies,Labels,Consumer,4,744.6,567.91,176.69
2023-03-13,North America,Mexico,Clothing,Shoes,Corporate,2,323.7,145.57,178.13
2024-02-09,North America,Canada,Office Supplies,Labels,Corporate,2,852.78,537.25,315.53
2023-06-19,Asia Pacific,Australia,Office Supplies,Pens,Corporate,2,809.34,386.2,423.14
2023-03-10,North America,Mexico,Furniture,Chairs,Home Office,1,282.1,126.1,156.0
2022-03-25,Europe,Italy,Clothing,Shoes,Consumer,5,113.95,47.11,66.84
2024-07-02,Latin America,Brazil,Clothing,Shoes,Consumer,4,1729.92,1343.42,386.5
2024-11-09,Asia Pacific,Japan,Furniture,Chairs,Corporate,3,77.73,47.97,29.76
2023-04-07,North America,Mexico,Furniture,Desks,Consumer,3,921.36,384.98,536.38
2023-07-06,North America,Canada,Office Supplies,Pens,Home Office,2,293.82,230.71,63.11
2024-11-24,Asia Pacific,India,Furniture,Storage,Consumer,5,825.55,401.11,424.44
2024-09-24,Europe,France,Electronics,Phones,Corporate,2,672.82,368.36,304.46
2023-07-31,Latin America,Argentina,Electronics,Phones,Consumer,2,843.14,349.16,493.98
2022-01-23,North America,Mexico,Furniture,Desks,Home Office,5,2401.55,1788.76,612.79
2022-05-04,North America,Canada,Furniture,Storage,Corporate,3,564.3,236.85,327.45
2022-07-14,North America,Mexico,Clothing,Shoes,Consumer,3,264.06,189.21,74.85
2022-10-11,Asia Pacific,Australia,Furniture,Desks,Corporate,4,1533.88,615.45,918.43
2023-06-11,North America,United States,Electronics,Phones,Consumer,2,651.34,362.93,288.41
2023-07-19,North America,United States,Office Supplies,Labels,Corporate,5,1501.95,1167.89,334.06
2023-06-29,Europe,France,Furniture,Desks,Corporate,2,108.42,64.55,43.87
2022-05-24,North America,Canada,Furniture,Desks,Consumer,3,632.82,350.56,282.26
2023-03-03,Latin America,Argentina,Office Supplies,Pens,Corporate,5,1405.6,603.95,801.65
2022-05-04,North America,United States,Electronics,Computers,Corporate,2,41.74,29.89,11.85
2022-09-29,Latin America,Colombia,Clothing,Shirts,Corporate,4,1981.84,898.05,1083.79
2024-01-29,Latin America,Colombia,Office Supplies,Binders,Consumer,1,73.37,44.11,29.26
2024-10-23,Asia Pacific,Japan,Electronics,Accessories,Home Office,2,995.9,592.08,403.82
2022-11-01,North America,Mexico,Office Supplies,Paper,Home Office,3,1474.44,868.65,605.79
2022-06-26,Europe,Spain,Clothing,Shirts,Corporate,1,318.99,194.58,124.41
2023-08-27,North America,Mexico,Furniture,Desks,Consumer,5,1735.25,782.18,953.07
2023-09-24,North America,Canada,Office Supplies,Binders,Consumer,5,1190.75,892.34,298.41
2023-03-09,Europe,United Kingdom,Clothing,Shirts,Consumer,5,445.7,227.12,218.58
2022-12-15,Asia Pacific,Japan,Clothing,Shirts,Corporate,5,1142.2,760.82,381.38
2023-07-23,Asia Pacific,Australia,Clothing,Pants,Home Office,3,592.92,351.23,241.69
2024-06-06,Asia Pacific,South Korea,Electronics,Computers,Consumer,1,17.09,13.32,3.77
2024-02-02,Europe,Germany,Electronics,Phones,Corporate,5,920.75,567.38,353.37
2022-05-28,Europe,Germany,Clothing,Shoes,Corporate,1,259.03,160.87,98.16
2022-12-21,Europe,Germany,Furniture,Storage,Consumer,1,130.74,82.92,47.82
2022-12-05,Europe,France,Office Supplies,Binders,Corporate,4,77.76,33.59,44.17
2024-04-03,North America,United States,Electronics,Computers,Consumer,3,720.63,533.13,187.5
2023-01-21,North America,Mexico,Electronics,Audio,Consumer,3,295.32,144.45,150.87
2024-01-04,Latin America,Chile,Office Supplies,Binders,Corporate,1,499.42,287.98,211.44
2023-04-20,Europe,United Kingdom,Electronics,Accessories,Corporate,3,1266.3,737.27,529.03
2024-01-26,Latin America,Brazil,Office Supplies,Paper,Corporate,4,1866.12,1469.25,396.87
2023-12-25,Asia Pacific,China,Clothing,Pants,Home Office,4,531.08,228.69,302.39
2023-03-20,Latin America,Brazil,Electronics,Accessories,Consumer,3,1409.31,1077.38,331.93
2022-11-24,Europe,Germany,Office Supplies,Binders,Consumer,1,286.48,195.51,90.97
2023-10-12,North America,Canada,Office Supplies,Binders,Consumer,5,1671.45,1191.3,480.15
2023-07-04,North America,United States,Office Supplies,Pens,Home Office,1,335.73,215.59,120.14
2022-11-23,North America,Canada,Clothing,Shirts,Home Office,5,1498.45,1115.16,383.29
2024-08-06,Latin America,Chile,Electronics,Computers,Consumer,1,282.43,169.41,113.02
2024-12-07,Latin America,Brazil,Office Supplies,Labels,Corporate,5,2329.9,1044.16,1285.74
2024-09-22,North America,Canada,Office Supplies,Labels,Corporate,1,341.0,208.14,132.86
2024-05-30,Latin America,Colombia,Office Supplies,Paper,Home Office,4,1118.8,457.87,660.93
2024-01-23,Europe,Italy,Office Supplies,Labels,Home Office,3,1218.24,519.45,698.79
2023-11-22,Asia Pacific,China,Office Supplies,Paper,Corporate,5,1973.6,1229.6,744.0
2022-07-03,North America,Mexico,Electronics,Phones,Corporate,4,1969.0,1209.04,759.96
2023-02-13,Asia Pacific,South Korea,Electronics,Audio,Consumer,3,933.78,524.33,409.45
2024-04-22,Latin America,Chile,Clothing,Shirts,Home Office,4,1159.84,598.67,561.17
2022-10-15,Europe,United Kingdom,Furniture,Storage,Consumer,4,1137.96,734.23,403.73
2024-02-23,Asia Pacific,India,Electronics,Computers,Home Office,5,2056.85,1204.48,852.37
2022-04-04,North America,Canada,Office Supplies,Binders,Consumer,2,185.0,94.05,90.95
2022-05-08,Europe,Germany,Clothing,Pants,Consumer,2,546.5,415.82,130.68
2024-08-11,Latin America,Brazil,Office Supplies,Paper,Home Office,4,1753.84,1316.57,437.27
2024-05-15,Europe,Italy,Furniture,Tables,Corporate,5,1970.45,1348.59,621.86
2023-02-20,Latin America,Colombia,Furniture,Chairs,Consumer,5,1396.9,759.73,637.17
2023-01-07,Latin America,Argentina,Clothing,Pants,Consumer,4,817.92,447.76,370.16
2023-07-16,North America,Canada,Clothing,Pants,Consumer,2,467.68,311.69,155.99
2024-08-25,Asia Pacific,Australia,Electronics,Computers,Consumer,4,1139.0,518.81,620.19
2023-06-18,North America,Canada,Electronics,Audio,Home Office,4,996.72,631.46,365.26
2022-10-05,Latin America,Brazil,Electronics,Accessories,Consumer,4,1399.8,852.77,547.03
2022-03-01,North America,Canada,Clothing,Pants,Consumer,2,698.96,427.94,271.02
2022-12-12,Europe,Italy,Clothing,Shoes,Consumer,5,2356.45,1357.63,998.82
2022-03-21,North America,Canada,Furniture,Storage,Home Office,2,984.86,505.68,479.18
2022-06-28,North America,United States,Furniture,Tables,Consumer,1,448.71,358.35,90.36
2024-08-24,Asia Pacific,China,Electronics,Computers,Home Office,3,1239.75,826.43,413.32
2023-06-24,Europe,Spain,Electronics,Computers,Consumer,5,2142.3,1665.9,476.4
2022-05-05,Europe,France,Furniture,Chairs,Corporate,1,157.87,97.33,60.54
2023-03-21,North America,Canada,Office Supplies,Binders,Consumer,5,373.45,223.18,150.27
2024-01-04,Latin America,Chile,Electronics,Accessories,Corporate,5,1401.5,953.69,447.81
2023-09-05,Latin America,Colombia,Office Supplies,Pens,Consumer,2,187.56,115.33,72.23
2023-06-05,Europe,France,Electronics,Audio,Corporate,3,1440.93,630.31,810.62
2024-09-21,Asia Pacific,Japan,Clothing,Outerwear,Home Office,5,2249.8,1168.49,1081.31
2022-04-20,Latin America,Colombia,Electronics,Computers,Corporate,3,67.47,28.88,38.59
2022-03-19,North America,United States,Office Supplies,Paper,Home Office,1,59.6,33.6,26.0
2024-07-23,Latin America,Argentina,Electronics,Phones,Home Office,4,1236.4,946.0,290.4
2022-11-30,Latin America,Argentina,Electronics,Accessories,Home Office,3,719.4,498.15,221.25
2022-11-17,North America,Canada,Furniture,Chairs,Corporate,1,404.59,310.4,94.19
2022-09-25,Asia Pacific,Australia,Furniture,Tables,Home Office,3,1128.15,899.44,228.71
2022-01-09,Asia Pacific,India,Clothing,Outerwear,Consumer,5,2030.75,1417.53,613.22
2024-10-03,Europe,France,Clothing,Pants,Corporate,2,86.92,64.72,22.2
2024-10-02,North America,Canada,Electronics,Audio,Corporate,4,318.56,154.28,164.28
2023-07-31,Asia Pacific,Australia,Clothing,Shirts,Home Office,5,236.6,135.94,100.66
2024-09-03,Europe,France,Furniture,Chairs,Corporate,2,953.18,419.12,534.06
2022-02-20,Latin America,Brazil,Furniture,Desks,Home Office,4,1649.8,1054.24,595.56
2022-01-21,Latin America,Brazil,Furniture,Tables,Home Office,3,284.22,126.71,157.51
2023-03-27,Asia Pacific,Japan,Office Supplies,Labels,Consumer,4,1348.2,699.62,648.58
2022-10-01,Europe,Germany,Office Supplies,Labels,Consumer,4,1459.64,753.63,706.01
2022-02-27,Asia Pacific,South Korea,Office Supplies,Pens,Corporate,1,140.39,91.94,48.45
2024-01-15,Latin America,Chile,Clothing,Shoes,Consumer,5,1228.65,891.43,337.22
2022-03-28,North America,United States,Electronics,Accessories,Consumer,2,366.8,285.91,80.89
2024-01-01,Latin America,Chile,Clothing,Outerwear,Corporate,4,737.72,377.81,359.91
2024-05-14,Latin America,Colombia,Clothing,Shoes,Corporate,5,1800.35,878.38,921.97
2024-11-11,North America,Canada,Office Supplies,Paper,Consumer,2,315.72,144.2,171.52
2022-08-15,Latin America,Chile,Office Supplies,Pens,Home Office,2,874.8,449.19,425.61
2023-08-11,Europe,United Kingdom,Office Supplies,Labels,Consumer,1,18.0,11.32,6.68
2023-01-28,Asia Pacific,South Korea,Electronics,Phones,Corporate,5,295.6,191.33,104.27
2023-01-29,Latin America,Chile,Electronics,Audio,Corporate,5,190.4,121.5,68.9
2022-06-25,Europe,Spain,Clothing,Outerwear,Consumer,5,1170.35,820.06,350.29
2022-03-16,Asia Pacific,India,Furniture,Storage,Consumer,1,276.03,165.39,110.64
2022-03-15,Asia Pacific,China,Furniture,Storage,Corporate,3,195.03,149.06,45.97
2023-07-18,North America,United States,Office Supplies,Pens,Home Office,2,694.66,289.98,404.68
2023-11-13,Asia Pacific,China,Furniture,Chairs,Consumer,1,186.34,142.4,43.94
2024-01-01,Asia Pacific,South Korea,Furniture,Storage,Consumer,5,1751.55,778.54,973.01
2024-03-12,Asia Pacific,Australia,Furniture,Desks,Consumer,1,277.48,123.11,154.37
2024-08-21,North America,United States,Furniture,Chairs,Home Office,2,168.12,91.13,76.99
2023-02-14,Latin America,Brazil,Office Supplies,Binders,Home Office,5,346.75,219.08,127.67
2022-05-25,Latin America,Chile,Electronics,Audio,Home Office,1,438.6,192.9,245.7
2023-08-26,Latin America,Colombia,Furniture,Desks,Consumer,1,251.88,148.93,102.95
2022-12-21,North America,Canada,Furniture,Storage,Corporate,1,433.77,236.41,197.36
2024-03-24,Latin America,Argentina,Electronics,Computers,Home Office,1,84.39,40.61,43.78
2022-06-02,Europe,France,Furniture,Storage,Home Office,4,783.96,435.33,348.63
2022-08-16,Europe,Spain,Furniture,Chairs,Corporate,2,600.62,469.53,131.09
2023-06-13,North America,Canada,Electronics,Phones,Corporate,4,1466.56,994.65,471.91
2022-01-20,Asia Pacific,South Korea,Office Supplies,Binders,Corporate,4,769.64,498.44,271.2
2024-05-21,North America,United States,Clothing,Outerwear,Home Office,1,461.5,341.57,119.93
2023-01-22,Asia Pacific,Japan,Furniture,Tables,Corporate,5,724.55,542.26,182.29
2023-12-19,North America,Mexico,Electronics,Phones,Corporate,3,598.2,367.37,230.83
2023-11-20,Asia Pacific,Australia,Furniture,Desks,Home Office,4,212.92,102.09,110.83
2023-11-29,Latin America,Brazil,Office Supplies,Paper,Corporate,2,61.08,42.45,18.63
2022-05-07,Latin America,Argentina,Office Supplies,Binders,Corporate,2,399.02,224.06,174.96
2023-02-01,North America,United States,Clothing,Pants,Home Office,5,1021.5,492.06,529.44
2024-07-28,Asia Pacific,Australia,Clothing,Shirts,Consumer,1,98.98,50.97,48.01
2024-01-05,Europe,Italy,Furniture,Storage,Consumer,4,1971.88,1192.39,779.49
2022-11-02,North America,Canada,Clothing,Outerwear,Home Office,5,1910.95,1056.32,854.63
2023-08-25,North America,United States,Clothing,Outerwear,Corporate,4,951.0,387.49,563.51
2023-07-29,North America,United States,Furniture,Storage,Corporate,5,2440.3,1130.8,1309.5
2022-11-14,Asia Pacific,Australia,Furniture,Tables,Corporate,1,208.91,126.77,82.14
2023-03-17,Europe,Italy,Furniture,Desks,Consumer,4,1411.76,1057.22,354.54
2023-02-07,Europe,Germany,Electronics,Computers,Home Office,3,721.29,489.99,231.3
2024-10-25,Latin America,Chile,Office Supplies,Binders,Corporate,4,1444.6,987.97,456.63
2022-01-31,Europe,United Kingdom,Clothing,Shoes,Corporate,5,498.3,318.4,179.9
2023-09-29,North America,Mexico,Furniture,Desks,Corporate,3,1457.43,748.9,708.53
2022-09-24,Latin America,Colombia,Electronics,Audio,Home Office,1,476.33,213.71,262.62
2023-06-24,North America,Mexico,Furniture,Desks,Corporate,3,1028.49,605.05,423.44
2022-07-17,North America,Mexico,Office Supplies,Binders,Consumer,1,400.7,231.95,168.75
2022-01-04,Europe,Germany,Electronics,Accessories,Consumer,4,1312.44,710.23,602.21
2022-10-01,Asia Pacific,Australia,Furniture,Desks,Consumer,5,2123.1,1073.98,1049.12
2023-10-30,North America,United States,Office Supplies,Paper,Consumer,1,321.64,215.41,106.23
2024-09-04,Asia Pacific,Australia,Clothing,Outerwear,Corporate,2,403.7,181.53,222.17
2024-10-28,Europe,Spain,Electronics,Audio,Corporate,1,357.47,170.56,186.91
2024-07-17,North America,Mexico,Furniture,Storage,Consumer,4,1580.8,749.43,831.37
2022-10-09,North America,United States,Office Supplies,Paper,Consumer,5,1592.6,920.22,672.38
2023-11-09,North America,Mexico,Clothing,Pants,Home Office,3,580.26,293.53,286.73
2024-01-20,Asia Pacific,South Korea,Clothing,Pants,Consumer,3,905.16,648.13,257.03
2024-11-16,Asia Pacific,Australia,Furniture,Tables,Home Office,2,619.16,367.19,251.97
2022-03-10,Europe,France,Office Supplies,Binders,Home Office,3,1372.5,1011.29,361.21
2022-10-06,Europe,United Kingdom,Office Supplies,Binders,Home Office,5,1826.5,1060.96,765.54
2022-12-31,North America,United States,Clothing,Shoes,Consumer,2,658.9,441.77,217.13
2023-04-28,Latin America,Brazil,Clothing,Pants,Consumer,2,70.14,45.63,24.51
2024-06-21,North America,Mexico,Office Supplies,Binders,Corporate,4,410.28,261.83,148.45
2024-02-06,North America,Canada,Clothing,Pants,Consumer,3,1045.38,683.81,361.57
2024-08-26,Asia Pacific,South Korea,Clothing,Pants,Corporate,3,1230.36,517.2,713.16
2022-02-03,Europe,Spain,Clothing,Pants,Home Office,4,1348.92,568.65,780.27
2024-03-01,Latin America,Brazil,Clothing,Outerwear,Home Office,3,1364.55,556.66,807.89
2023-04-09,North America,Mexico,Clothing,Outerwear,Home Office,3,298.26,179.77,118.49
2024-08-18,Latin America,Brazil,Clothing,Pants,Corporate,3,1333.35,564.25,769.1
2023-05-19,Asia Pacific,China,Electronics,Audio,Home Office,5,472.8,289.0,183.8
2022-02-27,Europe,France,Electronics,Accessories,Consumer,5,1491.25,997.07,494.18
2024-06-30,Asia Pacific,Australia,Electronics,Phones,Home Office,4,137.48,69.69,67.79
2023-06-13,North America,Mexico,Clothing,Shirts,Home Office,2,686.94,337.63,349.31
2023-08-13,Latin America,Brazil,Electronics,Audio,Corporate,3,298.11,224.16,73.95
2022-03-03,Europe,Spain,Furniture,Chairs,Consumer,3,842.13,375.43,466.7
2022-03-03,Europe,Italy,Office Supplies,Pens,Consumer,1,386.52,253.19,133.33
2023-10-25,North America,Canada,Furniture,Tables,Consumer,3,511.29,362.02,149.27
2024-05-15,North America,Mexico,Clothing,Shirts,Home Office,2,498.48,389.29,109.19
2024-02-25,Latin America,Colombia,Electronics,Phones,Corporate,1,219.72,169.59,50.13
2022-05-03,Latin America,Chile,Electronics,Audio,Consumer,1,274.79,129.48,145.31
2023-07-19,North America,Mexico,Electronics,Audio,Home Office,3,89.82,58.21,31.61
2023-07-14,Europe,Italy,Furniture,Storage,Consumer,1,232.71,161.84,70.87
2023-08-19,Latin America,Brazil,Office Supplies,Binders,Consumer,2,304.5,208.2,96.3
2022-05-17,Europe,France,Electronics,Audio,Home Office,1,77.78,53.89,23.89
2022-09-30,Latin America,Chile,Furniture,Storage,Home Office,2,482.28,296.47,185.81
2024-04-19,Asia Pacific,India,Electronics,Accessories,Home Office,3,507.81,285.52,222.29
2023-07-15,Latin America,Brazil,Furniture,Chairs,Home Office,3,752.73,501.59,251.14
2024-05-28,Asia Pacific,South Korea,Electronics,Computers,Home Office,2,602.48,301.94,300.54
2023-06-10,Asia Pacific,South Korea,Furniture,Chairs,Corporate,5,806.9,469.48,337.42
2024-10-25,Asia Pacific,Australia,Electronics,Computers,Consumer,1,245.35,184.04,61.31
2022-08-23,Asia Pacific,India,Office Supplies,Paper,Home Office,2,565.04,228.98,336.06
2022-06-03,North America,Mexico,Furniture,Desks,Corporate,5,2499.3,1031.29,1468.01
2022-05-29,North America,Mexico,Furniture,Desks,Home Office,1,65.14,27.2,37.94
2024-07-29,North America,Mexico,Office Supplies,Binders,Home Office,3,405.24,301.05,104.19
2023-04-17,Europe,France,Clothing,Shoes,Consumer,1,486.89,372.06,114.83
2022-05-12,Asia Pacific,China,Electronics,Phones,Home Office,3,562.53,379.43,183.1
2022-09-28,Latin America,Chile,Furniture,Chairs,Corporate,3,554.34,288.27,266.07
2024-06-07,Europe,United Kingdom,Electronics,Phones,Home Office,5,1378.3,838.6,539.7
2024-08-23,Latin America,Chile,Electronics,Audio,Consumer,4,1797.24,837.92,959.32
2023-01-02,Asia Pacific,Australia,Clothing,Pants,Consumer,3,858.63,465.38,393.25
2022-05-28,North America,Mexico,Clothing,Pants,Consumer,4,855.72,658.71,197.01
2022-05-28,North America,United States,Clothing,Shoes,Corporate,2,106.64,43.05,63.59
2022-12-15,Asia Pacific,Japan,Clothing,Outerwear,Home Office,2,224.26,173.97,50.29
2023-10-05,North America,Mexico,Office Supplies,Paper,Home Office,3,874.68,363.63,511.05
2022-02-10,Latin America,Chile,Clothing,Shoes,Consumer,2,595.88,422.5,173.38
2024-12-04,North America,United States,Furniture,Chairs,Home Office,1,225.22,167.14,58.08
2022-03-07,Asia Pacific,South Korea,Office Supplies,Binders,Home Office,4,1988.44,831.23,1157.21
2022-10-23,Asia Pacific,Japan,Clothing,Shoes,Corporate,5,1804.55,1015.22,789.33
2023-05-27,Europe,France,Office Supplies,Labels,Corporate,1,450.77,347.16,103.61
2022-01-16,Europe,Italy,Clothing,Pants,Corporate,2,225.1,92.6,132.5
2024-07-22,North America,United States,Electronics,Accessories,Home Office,4,392.56,217.39,175.17
2024-03-01,Europe,Spain,Furniture,Storage,Consumer,5,1431.25,606.12,825.13
2023-06-28,Europe,Spain,Office Supplies,Binders,Corporate,4,1654.84,1079.28,575.56
2024-04-05,Asia Pacific,South Korea,Furniture,Tables,Consumer,5,238.95,174.7,64.25
2023-04-15,Europe,United Kingdom,Office Supplies,Binders,Consumer,1,244.4,129.56,114.84
2023-03-07,Asia Pacific,South Korea,Office Supplies,Labels,Corporate,3,1129.68,579.85,549.83
2024-04-29,Europe,France,Electronics,Audio,Home Office,3,1495.5,655.95,839.55
2023-03-18,North America,Canada,Clothing,Outerwear,Consumer,4,147.76,62.79,84.97
2023-03-25,Latin America,Brazil,Office Supplies,Labels,Corporate,2,134.44,94.03,40.41
2022-03-22,Latin America,Colombia,Electronics,Audio,Home Office,5,114.05,83.56,30.49
2023-10-30,Latin America,Brazil,Furniture,Chairs,Home Office,4,142.16,106.92,35.24
2024-10-25,North America,Canada,Furniture,Storage,Consumer,1,243.91,120.49,123.42
2024-06-29,Latin America,Argentina,Furniture,Desks,Home Office,4,1558.72,1195.49,363.23
2024-06-30,Europe,France,Office Supplies,Labels,Consumer,1,371.03,254.46,116.57
2022-04-02,Asia Pacific,South Korea,Office Supplies,Binders,Home Office,1,358.83,242.54,116.29
2023-12-19,North America,Canada,Clothing,Pants,Consumer,2,452.32,311.11,141.21
2023-10-18,Europe,Spain,Electronics,Accessories,Consumer,5,1076.45,456.47,619.98
2024-05-31,Europe,Spain,Furniture,Chairs,Consumer,4,540.32,357.1,183.22
2023-10-08,Asia Pacific,India,Electronics,Computers,Consumer,2,672.58,418.06,254.52
2024-04-15,Europe,France,Electronics,Computers,Consumer,1,158.81,125.04,33.77
2023-05-11,Latin America,Argentina,Office Supplies,Labels,Home Office,1,337.42,168.14,169.28
2023-05-06,North America,Canada,Electronics,Accessories,Home Office,4,363.96,186.66,177.3
2023-07-29,Latin America,Colombia,Electronics,Phones,Consumer,1,223.03,150.45,72.58
2022-05-14,Asia Pacific,South Korea,Electronics,Accessories,Consumer,5,1550.3,1063.91,486.39
2024-06-01,Asia Pacific,Japan,Clothing,Shoes,Consumer,3,554.25,370.26,183.99
2022-05-27,Latin America,Chile,Electronics,Computers,Corporate,3,1135.86,546.49,589.37
2022-06-03,Europe,France,Electronics,Audio,Consumer,4,1755.0,1378.83,376.17
2024-12-12,North America,United States,Office Supplies,Paper,Corporate,2,85.42,36.93,48.49
2023-05-07,Europe,Italy,Clothing,Pants,Consumer,1,344.61,143.21,201.4
2023-04-27,Europe,Italy,Clothing,Outerwear,Corporate,2,478.68,377.08,101.6
2024-01-23,Latin America,Chile,Electronics,Phones,Home Office,5,2150.55,1178.45,972.1
2022-03-06,Latin America,Argentina,Office Supplies,Binders,Home Office,1,104.59,57.95,46.64
2023-09-05,North America,United States,Furniture,Chairs,Home Office,5,2168.0,1712.56,455.44
2023-10-17,Asia Pacific,Japan,Furniture,Storage,Corporate,3,1439.01,933.43,505.58
2023-06-08,Europe,Germany,Office Supplies,Paper,Corporate,1,447.43,313.63,133.8
2023-02-20,Europe,France,Office Supplies,Labels,Consumer,2,226.86,107.96,118.9
2023-03-14,North America,Canada,Clothing,Shirts,Home Office,2,125.74,56.52,69.22
2023-05-15,Latin America,Argentina,Furniture,Desks,Corporate,5,182.6,86.22,96.38
2022-09-13,Europe,France,Furniture,Tables,Consumer,1,47.53,28.83,18.7
2022-03-03,Europe,United Kingdom,Clothing,Pants,Consumer,2,65.78,43.48,22.3
2022-05-10,Europe,Italy,Electronics,Accessories,Consumer,2,37.52,26.39,11.13
2024-11-10,Europe,Italy,Clothing,Shirts,Home Office,1,140.32,67.57,72.75
2023-10-13,Latin America,Argentina,Furniture,Storage,Home Office,5,70.5,55.8,14.7
2024-12-10,Latin America,Colombia,Clothing,Shirts,Corporate,4,1130.72,709.58,421.14
2023-01-01,Asia Pacific,Australia,Clothing,Outerwear,Corporate,2,929.52,615.75,313.77
2024-12-20,Latin America,Chile,Office Supplies,Paper,Home Office,5,505.1,358.12,146.98
2022-03-01,Europe,Italy,Electronics,Accessories,Corporate,3,1476.03,1060.42,415.61
2022-11-10,Asia Pacific,South Korea,Electronics,Phones,Corporate,4,798.24,503.39,294.85
2023-03-01,Latin America,Argentina,Electronics,Audio,Home Office,4,739.88,446.74,293.14
2024-05-03,North America,Canada,Electronics,Computers,Corporate,5,2133.25,1610.64,522.61
2023-07-22,Asia Pacific,Japan,Clothing,Shoes,Home Office,2,658.88,308.98,349.9
2024-05-03,Europe,Germany,Office Supplies,Binders,Home Office,4,154.08,102.9,51.18
2022-05-27,Latin America,Chile,Clothing,Shoes,Consumer,3,479.67,273.2,206.47
2024-02-04,Asia Pacific,South Korea,Electronics,Audio,Corporate,1,34.08,14.22,19.86
2022-08-27,North America,Canada,Electronics,Computers,Consumer,2,829.74,444.54,385.2
2024-05-05,North America,Canada,Office Supplies,Binders,Corporate,2,194.2,136.75,57.45
2024-01-12,North America,Mexico,Office Supplies,Binders,Consumer,4,76.4,53.02,23.38
2024-12-29,Asia Pacific,South Korea,Clothing,Shirts,Home Office,1,252.91,133.85,119.06
2023-10-10,Latin America,Colombia,Furniture,Desks,Home Office,2,799.98,511.48,288.5
2022-01-25,North America,Mexico,Clothing,Pants,Home Office,1,118.17,64.06,54.11
2022-03-13,Latin America,Colombia,Office Supplies,Labels,Corporate,3,346.11,179.62,166.49
2022-01-14,Latin America,Brazil,Office Supplies,Binders,Corporate,1,64.0,50.55,13.45
2023-02-13,Europe,Germany,Office Supplies,Pens,Home Office,1,491.04,288.72,202.32
2022-10-02,Latin America,Chile,Clothing,Pants,Consumer,5,2449.75,1328.92,1120.83
2023-06-12,North America,United States,Clothing,Shirts,Home Office,1,69.95,48.83,21.12
2023-10-18,Europe,Spain,Furniture,Tables,Consumer,1,32.53,22.16,10.37
2024-12-01,Asia Pacific,India,Clothing,Outerwear,Corporate,2,967.0,530.6,436.4
2023-08-18,Europe,United Kingdom,Electronics,Phones,Home Office,4,809.4,489.11,320.29
2024-08-20,Europe,Spain,Furniture,Storage,Consumer,1,392.43,242.63,149.8
2023-08-03,Latin America,Colombia,Office Supplies,Paper,Home Office,1,412.6,278.7,133.9
2022-09-16,Latin America,Brazil,Office Supplies,Paper,Consumer,1,299.07,182.52,116.55
2022-10-15,Latin America,Colombia,Furniture,Storage,Consumer,5,694.7,342.63,352.07
2024-07-03,North America,Mexico,Clothing,Pants,Corporate,3,724.59,356.76,367.83
2024-08-13,Asia Pacific,Australia,Clothing,Shirts,Corporate,4,402.72,203.64,199.08
2024-07-21,Europe,United Kingdom,Electronics,Accessories,Consumer,2,262.82,149.7,113.12
2024-11-16,North America,Mexico,Furniture,Chairs,Corporate,3,427.41,307.34,120.07
2022-11-24,Europe,Spain,Furniture,Desks,Corporate,1,142.84,63.02,79.82
2023-11-20,Latin America,Brazil,Furniture,Desks,Corporate,2,167.84,91.83,76.01
2022-03-08,Latin America,Argentina,Furniture,Desks,Corporate,3,1143.54,888.52,255.02
2024-10-23,Asia Pacific,China,Electronics,Audio,Consumer,1,404.62,319.9,84.72
2024-09-22,Asia Pacific,India,Clothing,Shirts,Consumer,5,1044.65,592.42,452.23
2024-03-10,Latin America,Argentina,Furniture,Desks,Home Office,2,400.84,274.93,125.91
2024-10-08,North America,Mexico,Clothing,Pants,Consumer,4,1331.44,920.78,410.66
2024-11-13,Europe,Germany,Electronics,Phones,Consumer,2,415.74,187.97,227.77
2022-01-12,Europe,United Kingdom,Office Supplies,Pens,Home Office,4,551.08,307.56,243.52
2023-08-09,Asia Pacific,Australia,Clothing,Pants,Home Office,2,161.66,106.33,55.33
2023-11-05,North America,Canada,Office Supplies,Labels,Corporate,5,2168.0,1586.84,581.16
2023-08-13,North America,Canada,Office Supplies,Binders,Corporate,3,296.04,121.78,174.26
2024-12-27,Europe,Germany,Office Supplies,Pens,Home Office,4,1736.56,759.97,976.59
2023-08-30,Europe,France,Furniture,Chairs,Consumer,2,912.14,533.15,378.99
2022-12-31,Asia Pacific,South Korea,Furniture,Storage,Consumer,5,1037.45,734.5,302.95
2023-10-11,Latin America,Argentina,Office Supplies,Pens,Home Office,4,657.08,509.81,147.27
2022-12-27,Europe,United Kingdom,Clothing,Pants,Consumer,3,1201.26,807.05,394.21
2022-04-08,Asia Pacific,India,Electronics,Computers,Consumer,2,283.7,187.46,96.24
2023-04-18,Europe,United Kingdom,Furniture,Tables,Corporate,5,2196.75,893.51,1303.24
2024-03-06,Asia Pacific,China,Clothing,Outerwear,Consumer,5,2061.35,1286.58,774.77
2024-01-12,Asia Pacific,Australia,Electronics,Accessories,Home Office,5,512.7,365.03,147.67
2022-01-16,North America,Mexico,Furniture,Tables,Corporate,3,1031.67,709.18,322.49
2022-09-06,Europe,United Kingdom,Clothing,Shirts,Consumer,5,958.95,635.39,323.56
2024-09-22,North America,Canada,Electronics,Computers,Corporate,3,32.67,22.91,9.76
2024-02-22,Asia Pacific,China,Office Supplies,Paper,Consumer,5,384.4,179.92,204.48
2022-08-19,Europe,Germany,Office Supplies,Paper,Consumer,1,72.3,34.09,38.21
2022-11-20,North America,United States,Furniture,Storage,Home Office,1,148.73,70.59,78.14
2023-04-24,Asia Pacific,China,Furniture,Tables,Consumer,3,1178.88,852.67,326.21
2022-06-23,Latin America,Brazil,Electronics,Phones,Home Office,5,881.7,593.4,288.3
2022-07-08,North America,Canada,Clothing,Outerwear,Home Office,2,816.8,606.38,210.42
2022-07-01,Asia Pacific,Japan,Office Supplies,Paper,Home Office,5,1636.8,1104.96,531.84
2022-09-08,Latin America,Brazil,Clothing,Shoes,Consumer,1,335.64,214.08,121.56
2022-07-30,North America,Canada,Office Supplies,Pens,Home Office,1,408.79,276.48,132.31
2022-04-17,North America,Mexico,Office Supplies,Paper,Consumer,3,1021.17,776.92,244.25
2024-12-04,Europe,United Kingdom,Clothing,Outerwear,Home Office,3,589.26,270.03,319.23
2022-03-02,North America,Mexico,Furniture,Tables,Home Office,4,413.32,292.08,121.24
2022-10-25,Europe,Italy,Clothing,Pants,Corporate,2,70.34,56.24,14.1
2023-10-08,Latin America,Chile,Clothing,Shoes,Home Office,1,441.37,251.69,189.68
2022-05-27,Europe,Spain,Office Supplies,Binders,Home Office,1,57.49,23.5,33.99
2024-07-11,Europe,France,Furniture,Tables,Home Office,2,323.3,210.81,112.49
2024-07-20,North America,Canada,Furniture,Chairs,Corporate,5,1092.05,676.24,415.81
2024-08-25,Latin America,Brazil,Furniture,Chairs,Home Office,2,822.84,375.54,447.3
2023-12-07,Asia Pacific,China,Office Supplies,Paper,Consumer,4,1510.52,863.15,647.37
2024-03-10,Asia Pacific,Australia,Electronics,Phones,Corporate,4,1507.0,681.16,825.84
2023-12-03,Asia Pacific,South Korea,Electronics,Phones,Corporate,1,152.3,111.4,40.9
2023-01-16,Latin America,Brazil,Office Supplies,Labels,Consumer,3,1005.69,577.07,428.62
2024-08-02,North America,Canada,Furniture,Chairs,Consumer,4,1144.24,501.28,642.96
2023-05-15,Europe,France,Office Supplies,Pens,Consumer,5,779.5,376.77,402.73
2022-10-11,Latin America,Colombia,Furniture,Tables,Consumer,1,490.82,230.94,259.88
2022-04-13,Asia Pacific,Japan,Electronics,Audio,Corporate,3,526.89,321.11,205.78
2023-01-23,Asia Pacific,Australia,Electronics,Audio,Home Office,3,672.57,466.56,206.01
2024-01-17,North America,Mexico,Clothing,Outerwear,Home Office,2,780.74,552.93,227.81
2022-03-13,Asia Pacific,Australia,Office Supplies,Pens,Home Office,1,300.55,153.88,146.67
2024-01-19,Asia Pacific,South Korea,Electronics,Computers,Home Office,2,90.92,39.93,50.99
2024-07-16,Asia Pacific,South Korea,Office Supplies,Binders,Consumer,2,842.86,416.91,425.95
2023-11-18,Latin America,Chile,Furniture,Desks,Home Office,4,1493.2,599.38,893.82
2023-07-24,Asia Pacific,Australia,Electronics,Audio,Corporate,5,1648.05,909.62,738.43
2023-08-07,North America,Canada,Furniture,Tables,Home Office,1,16.56,11.4,5.16
2023-11-20,Europe,France,Electronics,Computers,Consumer,1,436.81,262.78,174.03
2023-08-02,Latin America,Argentina,Furniture,Chairs,Consumer,4,1957.72,1077.53,880.19
2024-01-26,Latin America,Argentina,Clothing,Pants,Consumer,1,468.08,242.54,225.54
2023-01-31,Europe,France,Electronics,Phones,Corporate,4,1651.12,668.84,982.28
2024-01-18,Asia Pacific,India,Office Supplies,Paper,Corporate,4,1952.4,1490.96,461.44
2023-03-08,Asia Pacific,South Korea,Furniture,Tables,Home Office,5,988.6,454.23,534.37
2024-08-29,Latin America,Chile,Electronics,Accessories,Consumer,4,1843.84,1005.96,837.88
2024-03-16,Asia Pacific,India,Clothing,Outerwear,Consumer,4,456.76,252.65,204.11
2023-11-28,Latin America,Brazil,Clothing,Shirts,Consumer,1,216.99,158.28,58.71
2024-07-30,Latin America,Argentina,Furniture,Storage,Home Office,4,1861.2,913.18,948.02
2023-08-04,Europe,Spain,Furniture,Storage,Consumer,3,640.89,439.19,201.7
2023-02-27,Latin America,Chile,Clothing,Shoes,Home Office,3,131.73,91.52,40.21
2023-04-03,Europe,Spain,Electronics,Phones,Consumer,4,1899.52,1476.39,423.13
2024-09-05,Latin America,Brazil,Office Supplies,Pens,Corporate,3,83.73,44.49,39.24
2022-07-24,Latin America,Chile,Office Supplies,Paper,Home Office,4,253.84,187.44,66.4
2024-02-22,Asia Pacific,South Korea,Clothing,Shoes,Consumer,5,1687.8,925.55,762.25
2024-07-14,Latin America,Chile,Clothing,Shirts,Consumer,4,1757.88,845.68,912.2
2022-12-13,Asia Pacific,Japan,Clothing,Shoes,Consumer,2,509.34,390.29,119.05
2022-10-18,North America,Canada,Furniture,Desks,Corporate,3,1470.42,834.48,635.94
2023-04-20,North America,Canada,Electronics,Accessories,Consumer,4,1374.0,966.07,407.93
2023-02-04,Latin America,Chile,Clothing,Shoes,Consumer,3,705.51,404.25,301.26
2023-12-24,Latin America,Brazil,Clothing,Outerwear,Consumer,2,174.64,77.54,97.1
2022-09-18,Europe,France,Office Supplies,Binders,Home Office,4,381.6,257.83,123.77
2022-06-28,Latin America,Colombia,Office Supplies,Pens,Corporate,1,157.61,96.16,61.45
2022-05-30,North America,Mexico,Office Supplies,Labels,Home Office,1,482.24,240.01,242.23
2024-11-29,North America,Canada,Electronics,Computers,Home Office,2,753.76,407.25,346.51
2024-05-05,Latin America,Brazil,Office Supplies,Pens,Consumer,1,271.07,144.01,127.06
2023-02-13,Latin America,Brazil,Clothing,Shoes,Home Office,2,321.44,208.01,113.43
2024-01-16,Latin America,Brazil,Electronics,Phones,Consumer,1,472.46,346.1,126.36
2024-06-21,Asia Pacific,South Korea,Clothing,Pants,Home Office,1,467.29,197.19,270.1
2023-08-31,Asia Pacific,China,Clothing,Shirts,Corporate,4,1286.4,1022.0,264.4
2022-07-20,Europe,United Kingdom,Clothing,Pants,Corporate,3,803.46,383.67,419.79
2024-05-08,North America,Mexico,Electronics,Audio,Home Office,1,262.34,201.26,61.08
2023-10-07,Latin America,Chile,Clothing,Outerwear,Home Office,3,1179.57,872.69,306.88
2022-12-13,Asia Pacific,South Korea,Furniture,Desks,Consumer,2,547.7,350.17,197.53
2022-10-19,Latin America,Argentina,Office Supplies,Binders,Corporate,3,524.88,402.41,122.47
2022-02-17,Asia Pacific,India,Furniture,Chairs,Consumer,5,1879.2,994.01,885.19
2024-03-21,North America,Canada,Office Supplies,Labels,Home Office,5,467.55,242.2,225.35
2024-04-02,Latin America,Argentina,Clothing,Pants,Consumer,3,192.45,116.77,75.68
2022-06-21,Latin America,Argentina,Clothing,Shoes,Consumer,1,486.98,242.0,244.98
2023-02-11,Asia Pacific,India,Furniture,Desks,Home Office,3,687.69,476.33,211.36
2022-05-03,North America,Canada,Electronics,Computers,Corporate,2,137.08,101.37,35.71
2022-11-11,Europe,Germany,Office Supplies,Labels,Consumer,1,427.97,216.02,211.95
2023-02-03,Europe,France,Clothing,Shirts,Consumer,1,445.87,235.9,209.97
2023-09-28,Europe,United Kingdom,Furniture,Desks,Consumer,4,1028.28,629.62,398.66
2024-07-12,Europe,Italy,Clothing,Shirts,Consumer,3,573.96,300.68,273.28
2023-11-02,Europe,United Kingdom,Electronics,Accessories,Corporate,5,1769.4,1045.8,723.6
2022-01-31,Latin America,Brazil,Clothing,Shoes,Corporate,3,364.89,278.8,86.09
2023-04-08,Asia Pacific,Australia,Clothing,Shirts,Corporate,1,470.71,256.57,214.14
2024-05-21,Europe,Germany,Clothing,Shirts,Corporate,1,18.47,12.53,5.94
2022-06-11,Europe,Germany,Furniture,Chairs,Consumer,2,41.1,31.08,10.02
2024-10-14,Europe,Spain,Office Supplies,Labels,Consumer,1,275.82,155.68,120.14
2022-03-28,Europe,France,Electronics,Computers,Home Office,3,1455.3,607.66,847.64
2022-10-26,Asia Pacific,South Korea,Electronics,Audio,Consumer,3,1342.23,834.59,507.64
2022-07-24,North America,Mexico,Clothing,Pants,Home Office,2,91.5,38.99,52.51
2023-10-02,Europe,Spain,Clothing,Outerwear,Home Office,4,498.08,393.04,105.04
2023-06-26,Latin America,Colombia,Clothing,Shoes,Home Office,4,1080.68,698.44,382.24
2022-04-22,North America,Mexico,Clothing,Pants,Corporate,1,127.63,76.84,50.79
2024-07-16,Latin America,Chile,Clothing,Outerwear,Consumer,5,1676.0,681.7,994.3
2024-11-27,Europe,France,Clothing,Shirts,Corporate,3,1352.55,950.32,402.23
2023-12-15,Asia Pacific,Japan,Furniture,Storage,Home Office,5,1371.4,811.53,559.87
2023-06-05,Europe,United Kingdom,Electronics,Audio,Consumer,5,159.75,113.5,46.25
2024-07-21,Asia Pacific,South Korea,Furniture,Chairs,Consumer,5,1913.75,1091.28,822.47
2022-04-12,North America,Mexico,Clothing,Outerwear,Home Office,2,999.76,491.62,508.14
2024-01-09,Latin America,Colombia,Clothing,Shirts,Consumer,3,296.61,123.37,173.24
2024-11-20,Europe,Italy,Clothing,Outerwear,Corporate,5,2199.85,1394.51,805.34
2023-09-07,Europe,Germany,Electronics,Audio,Consumer,4,493.36,284.91,208.45
2022-06-12,Latin America,Colombia,Electronics,Audio,Corporate,5,201.45,131.36,70.09
2023-09-27,Asia Pacific,Australia,Furniture,Tables,Corporate,5,506.65,255.77,250.88
2022-08-09,Asia Pacific,South Korea,Electronics,Accessories,Corporate,3,870.57,381.91,488.66
2024-11-03,Europe,United Kingdom,Electronics,Audio,Home Office,4,802.12,487.87,314.25
2023-06-11,Latin America,Brazil,Office Supplies,Paper,Corporate,3,1107.84,470.85,636.99
2022-08-01,Latin America,Colombia,Office Supplies,Paper,Consumer,3,619.71,295.98,323.73
2022-09-23,Latin America,Argentina,Office Supplies,Labels,Consumer,1,98.32,69.53,28.79
2024-10-06,Latin America,Chile,Furniture,Storage,Corporate,5,989.7,550.7,439.0
2023-03-14,Latin America,Brazil,Furniture,Tables,Consumer,1,322.81,221.7,101.11
2023-07-22,Asia Pacific,South Korea,Clothing,Shirts,Corporate,3,739.26,466.61,272.65
2024-11-04,Asia Pacific,Australia,Electronics,Audio,Consumer,5,1506.15,911.34,594.81
2022-11-21,Latin America,Colombia,Furniture,Chairs,Home Office,2,917.62,545.06,372.56
2022-02-26,Asia Pacific,South Korea,Clothing,Shirts,Consumer,2,241.36,155.16,86.2
2022-02-11,Asia Pacific,India,Furniture,Tables,Corporate,2,146.32,69.66,76.66
2024-09-29,Asia Pacific,South Korea,Electronics,Phones,Corporate,2,357.06,198.6,158.46
2024-07-02,North America,Mexico,Office Supplies,Paper,Consumer,3,1014.57,808.38,206.19
2024-06-23,Latin America,Brazil,Clothing,Pants,Consumer,3,934.74,448.06,486.68
2022-04-14,Latin America,Argentina,Clothing,Shoes,Consumer,1,264.05,166.22,97.83
2022-12-04,Europe,France,Office Supplies,Paper,Consumer,4,1296.6,944.47,352.13
2024-11-16,Europe,France,Clothing,Outerwear,Home Office,2,387.2,202.18,185.02
2024-11-08,Asia Pacific,South Korea,Office Supplies,Pens,Consumer,3,928.14,505.8,422.34
2023-05-30,Europe,Italy,Clothing,Shoes,Corporate,3,667.2,351.17,316.03
2024-12-02,Latin America,Colombia,Electronics,Audio,Corporate,2,759.88,554.93,204.95
2023-09-21,North America,United States,Furniture,Desks,Consumer,2,806.92,633.81,173.11
2023-09-13,North America,Mexico,Electronics,Audio,Corporate,3,856.2,671.91,184.29
2022-10-26,North America,Mexico,Office Supplies,Pens,Corporate,2,369.4,233.69,135.71
2022-09-19,North America,Canada,Clothing,Shoes,Corporate,3,1075.95,786.3,289.65
2022-12-01,Latin America,Brazil,Furniture,Chairs,Corporate,2,681.5,411.77,269.73
2022-02-26,North America,United States,Electronics,Accessories,Consumer,3,657.24,460.81,196.43
2022-11-08,North America,Mexico,Furniture,Tables,Corporate,4,341.0,176.01,164.99
2024-08-02,Latin America,Argentina,Furniture,Chairs,Corporate,4,1850.04,932.71,917.33
2024-04-29,Latin America,Colombia,Electronics,Computers,Corporate,1,225.52,96.26,129.26
2022-04-15,Asia Pacific,Australia,Clothing,Outerwear,Consumer,5,2206.95,1723.31,483.64
2022-09-22,Asia Pacific,India,Office Supplies,Pens,Corporate,1,487.93,287.99,199.94
2022-05-27,Asia Pacific,India,Electronics,Phones,Home Office,4,1690.2,1045.55,644.65
2024-10-23,Latin America,Chile,Electronics,Audio,Home Office,5,1981.6,1211.54,770.06
2024-05-29,Europe,Germany,Furniture,Desks,Home Office,3,113.82,75.02,38.8
2022-05-19,Asia Pacific,India,Electronics,Audio,Corporate,2,766.34,309.47,456.87
2022-04-11,North America,Canada,Clothing,Shirts,Home Office,3,95.49,63.24,32.25
2024-06-06,Asia Pacific,South Korea,Electronics,Phones,Consumer,4,1846.04,1394.69,451.35
2024-05-03,North America,Canada,Clothing,Pants,Home Office,1,36.5,26.14,10.36
2024-07-30,Asia Pacific,Japan,Furniture,Desks,Home Office,2,457.2,301.54,155.66
2022-10-10,Europe,United Kingdom,Office Supplies,Labels,Consumer,1,486.07,270.99,215.08
2022-02-06,Asia Pacific,India,Furniture,Tables,Corporate,4,1192.48,903.75,288.73
2024-03-05,Europe,United Kingdom,Electronics,Computers,Corporate,2,871.24,436.13,435.11
2024-11-09,Latin America,Colombia,Furniture,Chairs,Consumer,5,1276.3,1020.84,255.46
2024-10-25,North America,United States,Electronics,Computers,Consumer,5,1007.05,612.58,394.47
2023-11-07,Europe,France,Electronics,Computers,Home Office,3,1391.46,660.49,730.97
2024-05-27,Europe,Spain,Office Supplies,Labels,Home Office,5,2161.05,1322.1,838.95
2022-10-17,Asia Pacific,Australia,Electronics,Accessories,Home Office,1,364.65,176.98,187.67
2022-09-04,Latin America,Argentina,Furniture,Tables,Home Office,5,436.5,307.69,128.81
2023-01-10,Latin America,Chile,Office Supplies,Paper,Consumer,5,1207.05,662.65,544.4
2023-10-16,Asia Pacific,Australia,Electronics,Audio,Home Office,3,744.84,402.78,342.06
2023-01-10,Asia Pacific,China,Furniture,Desks,Home Office,1,408.1,168.82,239.28
2022-11-20,Asia Pacific,South Korea,Electronics,Audio,Home Office,1,16.17,9.51,6.66
2022-07-20,Latin America,Colombia,Clothing,Shoes,Corporate,2,694.7,532.2,162.5
2022-01-02,Asia Pacific,Australia,Office Supplies,Binders,Corporate,5,740.8,443.37,297.43
2024-01-28,Europe,Spain,Furniture,Desks,Consumer,2,904.7,669.11,235.59
2023-12-09,Europe,Spain,Furniture,Storage,Corporate,3,867.03,512.0,355.03
2022-09-04,Europe,Germany,Clothing,Outerwear,Consumer,3,984.36,644.61,339.75
2023-05-11,Latin America,Argentina,Electronics,Phones,Home Office,1,390.49,311.03,79.46
2024-11-12,Asia Pacific,Japan,Office Supplies,Paper,Consumer,5,1236.95,503.13,733.82
2023-12-28,Europe,Italy,Clothing,Shirts,Corporate,3,81.63,39.36,42.27
2024-10-08,Asia Pacific,South Korea,Clothing,Shoes,Home Office,2,439.9,215.13,224.77
2024-10-01,Latin America,Argentina,Office Supplies,Labels,Consumer,1,172.16,131.96,40.2
2023-05-15,North America,Mexico,Electronics,Audio,Home Office,3,1171.89,754.28,417.61
2022-02-22,Asia Pacific,China,Office Supplies,Paper,Corporate,5,719.35,291.41,427.94
2022-05-05,Europe,France,Clothing,Pants,Corporate,1,446.59,192.11,254.48
2024-01-12,North America,United States,Electronics,Accessories,Consumer,5,1590.4,791.79,798.61
2022-11-02,North America,Canada,Clothing,Outerwear,Consumer,5,1557.25,949.59,607.66
2024-08-27,Latin America,Chile,Furniture,Chairs,Home Office,1,187.64,139.49,48.15
2023-10-23,North America,Canada,Office Supplies,Pens,Home Office,2,695.9,442.43,253.47
2022-09-25,Europe,Spain,Clothing,Shirts,Consumer,5,1165.05,861.42,303.63
2024-04-30,Europe,Italy,Clothing,Outerwear,Corporate,1,297.92,238.18,59.74
2024-07-30,Europe,Germany,Electronics,Accessories,Corporate,3,1250.19,914.55,335.64
2024-04-13,North America,Canada,Office Supplies,Binders,Consumer,2,838.96,348.01,490.95
2023-02-23,Europe,Germany,Electronics,Accessories,Corporate,4,388.68,220.78,167.9
2024-05-26,Latin America,Argentina,Furniture,Desks,Consumer,5,1586.1,1087.09,499.01
2022-03-01,Europe,Italy,Furniture,Desks,Consumer,5,1733.55,815.91,917.64
2023-10-02,Europe,Italy,Electronics,Computers,Consumer,3,187.74,141.94,45.8
2022-12-14,Latin America,Chile,Electronics,Accessories,Corporate,2,589.94,388.26,201.68
2023-01-13,Asia Pacific,India,Furniture,Desks,Consumer,4,1081.2,487.6,593.6
2022-02-05,Asia Pacific,Japan,Furniture,Storage,Consumer,4,135.32,57.83,77.49
2022-07-01,North America,United States,Furniture,Chairs,Corporate,2,534.42,414.36,120.06
2022-05-06,North America,Mexico,Furniture,Tables,Consumer,2,278.64,133.62,145.02
2024-04-30,Asia Pacific,Japan,Electronics,Phones,Consumer,1,227.04,148.82,78.22
2023-11-13,Europe,United Kingdom,Office Supplies,Paper,Consumer,5,2300.25,993.69,1306.56
2024-08-03,North America,Canada,Electronics,Audio,Home Office,1,50.82,34.43,16.39
2023-10-24,North America,Mexico,Office Supplies,Paper,Consumer,2,730.9,392.81,338.09
2022-06-05,North America,United States,Clothing,Outerwear,Consumer,5,495.2,290.69,204.51
2022-03-27,Europe,Italy,Electronics,Accessories,Consumer,5,70.3,45.46,24.84
2022-07-13,Asia Pacific,South Korea,Furniture,Desks,Consumer,5,278.45,142.11,136.34
2022-08-15,Asia Pacific,China,Office Supplies,Labels,Home Office,5,1279.15,1023.09,256.06
2024-10-10,Asia Pacific,India,Electronics,Phones,Home Office,3,846.66,607.49,239.17
2023-08-29,Europe,France,Electronics,Computers,Corporate,3,1317.57,1033.26,284.31
2023-01-14,Asia Pacific,India,Electronics,Audio,Consumer,2,689.14,535.13,154.01
2023-09-23,Latin America,Chile,Electronics,Phones,Corporate,5,523.45,362.48,160.97
2023-01-28,Latin America,Chile,Electronics,Audio,Home Office,3,773.82,332.14,441.68
2024-01-31,Asia Pacific,India,Clothing,Shirts,Corporate,1,226.83,131.68,95.15
2024-08-25,Latin America,Colombia,Furniture,Desks,Consumer,1,426.94,291.98,134.96
2022-07-31,North America,Canada,Furniture,Chairs,Consumer,1,241.66,185.69,55.97
2023-12-16,Europe,Italy,Clothing,Pants,Home Office,1,167.72,122.74,44.98
2024-08-14,North America,United States,Clothing,Shoes,Consumer,4,1225.68,520.72,704.96
2024-12-02,Asia Pacific,Japan,Office Supplies,Labels,Corporate,3,119.34,68.68,50.66
2024-12-10,North America,Canada,Office Supplies,Binders,Consumer,5,692.3,390.66,301.64
2022-12-11,Latin America,Colombia,Furniture,Desks,Consumer,5,2239.85,981.75,1258.1
2024-12-05,North America,Mexico,Furniture,Tables,Consumer,3,1373.76,1029.45,344.31
2023-09-16,North America,Canada,Office Supplies,Pens,Home Office,5,440.0,257.16,182.84
2024-07-18,North America,United States,Office Supplies,Labels,Consumer,4,85.72,37.06,48.66
2022-08-02,North America,United States,Clothing,Shoes,Consumer,5,1205.3,774.12,431.18
2024-08-02,Europe,Italy,Furniture,Chairs,Home Office,1,462.1,268.14,193.96
2024-08-24,Europe,France,Office Supplies,Paper,Consumer,5,1621.0,1203.55,417.45
2023-01-18,Asia Pacific,China,Office Supplies,Labels,Home Office,4,1346.64,540.67,805.97
2022-01-04,Latin America,Brazil,Furniture,Storage,Home Office,3,1109.19,825.97,283.22
2024-12-02,Latin America,Argentina,Clothing,Outerwear,Consumer,4,1331.52,672.73,658.79
2022-08-24,North America,United States,Office Supplies,Paper,Corporate,1,252.95,202.23,50.72
2023-01-26,Latin America,Colombia,Furniture,Chairs,Home Office,1,171.04,83.76,87.28
2023-02-03,North America,United States,Furniture,Storage,Consumer,5,2457.55,1260.45,1197.1
2022-02-10,Asia Pacific,South Korea,Office Supplies,Binders,Consumer,2,220.08,109.9,110.18
2024-07-10,Asia Pacific,Australia,Clothing,Shirts,Corporate,4,742.0,361.58,380.42
2024-08-27,North America,Canada,Electronics,Phones,Corporate,3,845.46,413.13,432.33
2024-11-11,Europe,Spain,Furniture,Chairs,Consumer,2,53.74,36.92,16.82
2022-08-09,Asia Pacific,Japan,Clothing,Pants,Consumer,4,1332.32,895.1,437.22
2024-05-21,Latin America,Chile,Clothing,Outerwear,Home Office,4,243.8,171.29,72.51
2024-06-06,Latin America,Argentina,Office Supplies,Paper,Consumer,4,1705.0,999.98,705.02
2024-05-17,Asia Pacific,South Korea,Clothing,Outerwear,Home Office,2,854.58,567.05,287.53
2022-09-02,Asia Pacific,China,Electronics,Phones,Home Office,5,242.15,144.66,97.49
2023-02-10,North America,United States,Office Supplies,Labels,Consumer,5,194.0,131.04,62.96
2024-04-19,Latin America,Brazil,Clothing,Shoes,Corporate,5,2444.4,1061.62,1382.78
2024-11-10,Europe,Spain,Clothing,Shirts,Corporate,1,328.53,190.64,137.89
2022-09-28,Asia Pacific,Australia,Electronics,Accessories,Corporate,5,700.75,335.16,365.59
2022-08-27,Latin America,Argentina,Clothing,Outerwear,Consumer,5,2393.65,1215.7,1177.95
2023-07-14,Asia Pacific,Japan,Office Supplies,Paper,Consumer,5,1328.75,897.06,431.69
2023-10-03,North America,United States,Clothing,Shoes,Consumer,4,655.08,376.46,278.62
2023-05-21,Asia Pacific,India,Electronics,Computers,Home Office,5,217.9,124.12,93.78
2024-11-30,Europe,Germany,Electronics,Phones,Corporate,2,562.48,379.09,183.39
2023-11-05,Asia Pacific,Japan,Clothing,Shirts,Consumer,1,74.77,41.68,33.09
2023-01-02,Latin America,Argentina,Furniture,Storage,Home Office,4,838.68,655.24,183.44
2023-03-25,Asia Pacific,South Korea,Clothing,Shoes,Home Office,4,125.52,61.35,64.17
2022-02-15,Latin America,Argentina,Office Supplies,Binders,Consumer,1,459.91,352.1,107.81
2024-10-05,North America,Mexico,Furniture,Desks,Corporate,2,196.74,114.58,82.16
2022-01-20,Latin America,Chile,Clothing,Shoes,Corporate,3,1292.61,706.37,586.24
2023-05-28,North America,Canada,Furniture,Chairs,Home Office,1,115.36,66.56,48.8
2024-07-13,Europe,Spain,Office Supplies,Binders,Corporate,4,1953.04,905.89,1047.15
2022-06-11,Europe,France,Clothing,Shoes,Home Office,3,139.92,75.66,64.26
2022-10-06,North America,Mexico,Furniture,Chairs,Home Office,5,253.4,160.42,92.98
2024-02-15,Europe,Italy,Electronics,Computers,Home Office,2,585.22,335.45,249.77
2022-12-28,Europe,United Kingdom,Clothing,Shirts,Home Office,1,115.53,63.12,52.41
2023-04-11,Europe,Spain,Clothing,Outerwear,Home Office,3,919.02,549.42,369.6
2023-02-26,Latin America,Colombia,Clothing,Outerwear,Corporate,4,407.56,319.12,88.44
2023-11-11,Latin America,Brazil,Office Supplies,Binders,Corporate,5,1912.7,1098.02,814.68
2023-06-03,Latin America,Argentina,Clothing,Shoes,Consumer,3,131.49,91.05,40.44
2022-07-09,Latin America,Colombia,Electronics,Accessories,Consumer,4,1964.32,1249.31,715.01
2023-08-11,Asia Pacific,Australia,Furniture,Tables,Home Office,4,457.84,335.39,122.45
2023-07-12,Latin America,Brazil,Electronics,Audio,Consumer,5,1720.0,1342.75,377.25
2023-10-22,Asia Pacific,India,Electronics,Computers,Consumer,1,226.09,179.01,47.08
2022-06-30,Latin America,Brazil,Electronics,Accessories,Home Office,2,284.56,141.74,142.82
2024-08-28,Latin America,Colombia,Clothing,Outerwear,Consumer,2,941.44,590.42,351.02
2023-03-31,North America,Mexico,Clothing,Outerwear,Home Office,5,175.55,105.48,70.07
2023-09-08,North America,Mexico,Office Supplies,Pens,Corporate,4,1658.92,1116.55,542.37
2022-08-25,North America,Mexico,Electronics,Computers,Home Office,3,619.98,259.32,360.66
2022-02-06,Latin America,Brazil,Clothing,Pants,Home Office,3,750.9,453.9,297.0
2022-03-02,Latin America,Argentina,Clothing,Shirts,Home Office,4,369.4,230.81,138.59
2022-03-16,Europe,Germany,Clothing,Shirts,Corporate,2,320.58,172.3,148.28
2024-03-09,Asia Pacific,South Korea,Office Supplies,Paper,Consumer,4,720.56,337.37,383.19
2023-09-26,North America,Mexico,Electronics,Phones,Corporate,3,562.38,290.84,271.54
2023-05-03,Asia Pacific,India,Electronics,Audio,Consumer,2,957.9,744.1,213.8
2022-02-18,North America,Mexico,Office Supplies,Pens,Consumer,5,1262.5,972.85,289.65
2023-05-04,Europe,Italy,Electronics,Computers,Consumer,5,1696.65,1176.63,520.02
2022-06-14,Latin America,Chile,Electronics,Phones,Corporate,3,358.47,163.95,194.52
2022-12-03,Asia Pacific,Japan,Furniture,Tables,Home Office,4,793.52,621.21,172.31
2023-03-13,Asia Pacific,India,Clothing,Pants,Home Office,3,431.94,197.92,234.02
2024-09-12,Europe,Germany,Furniture,Desks,Corporate,4,332.52,247.97,84.55
2023-05-17,Europe,France,Furniture,Tables,Home Office,4,126.24,95.23,31.01
2023-03-21,Europe,Germany,Furniture,Desks,Corporate,4,236.6,156.2,80.4
2023-12-26,Europe,France,Office Supplies,Paper,Corporate,2,44.82,32.5,12.32
2024-11-04,North America,Mexico,Electronics,Computers,Corporate,2,294.38,213.42,80.96
2022-12-16,Latin America,Argentina,Office Supplies,Labels,Corporate,2,154.62,104.9,49.72
2023-04-12,Europe,United Kingdom,Furniture,Desks,Corporate,5,1390.7,1011.12,379.58
2022-12-27,Europe,Spain,Clothing,Shoes,Home Office,3,1250.7,638.15,612.55
2023-12-17,Asia Pacific,Australia,Office Supplies,Binders,Corporate,3,237.12,189.3,47.82
2024-08-06,Europe,Spain,Furniture,Desks,Home Office,2,180.3,88.79,91.51
2023-06-04,Europe,Germany,Clothing,Outerwear,Corporate,4,1290.32,954.61,335.71
2023-03-25,Latin America,Chile,Electronics,Computers,Home Office,2,978.76,421.39,557.37
2024-03-08,Asia Pacific,Japan,Electronics,Computers,Corporate,3,539.13,297.86,241.27
2024-02-14,Latin America,Chile,Clothing,Shirts,Corporate,4,249.88,186.67,63.21
2022-07-11,Asia Pacific,South Korea,Electronics,Computers,Consumer,2,247.66,138.24,109.42
2024-02-01,Asia Pacific,China,Electronics,Computers,Corporate,5,797.45,561.68,235.77
2022-04-23,Europe,France,Electronics,Phones,Consumer,4,417.44,277.49,139.95
2022-02-18,Europe,Germany,Electronics,Phones,Corporate,2,964.52,594.17,370.35
2022-12-25,Europe,Spain,Electronics,Accessories,Home Office,4,1273.76,953.4,320.36
2024-04-27,Latin America,Argentina,Electronics,Accessories,Consumer,5,1575.1,890.34,684.76
2023-08-05,Latin America,Argentina,Clothing,Outerwear,Corporate,5,2369.7,1494.02,875.68
2023-11-11,North America,United States,Electronics,Computers,Home Office,5,797.7,526.4,271.3
2024-12-13,Europe,France,Electronics,Computers,Consumer,4,763.44,344.62,418.82
2024-03-06,Asia Pacific,South Korea,Clothing,Pants,Home Office,2,74.08,57.07,17.01
2023-05-12,North America,Canada,Office Supplies,Pens,Consumer,2,252.4,170.73,81.67
2024-03-13,North America,United States,Clothing,Shoes,Corporate,1,490.59,262.75,227.84
2024-02-29,Asia Pacific,Australia,Clothing,Outerwear,Home Office,2,208.04,117.78,90.26
2024-02-07,Latin America,Argentina,Clothing,Shirts,Consumer,5,86.2,44.2,42.0
2022-01-07,Europe,Germany,Furniture,Desks,Consumer,1,415.31,249.84,165.47
2024-12-24,Asia Pacific,Japan,Electronics,Computers,Home Office,3,940.86,468.61,472.25
2022-02-13,Asia Pacific,Japan,Furniture,Chairs,Consumer,5,1773.4,929.99,843.41
2023-07-12,Europe,Italy,Furniture,Tables,Home Office,4,284.12,117.43,166.69
2022-06-24,North America,Mexico,Clothing,Pants,Home Office,5,1578.3,1229.8,348.5
2024-12-24,Europe,United Kingdom,Furniture,Chairs,Consumer,1,483.76,340.0,143.76
2022-01-12,Latin America,Brazil,Clothing,Outerwear,Home Office,4,1365.56,699.99,665.57
2022-11-13,North America,Mexico,Clothing,Shoes,Home Office,4,1693.96,966.73,727.23
2023-05-09,North America,United States,Electronics,Audio,Corporate,2,95.18,65.76,29.42
2023-07-25,Europe,Germany,Furniture,Desks,Corporate,2,181.14,78.22,102.92
2024-09-13,Europe,France,Electronics,Accessories,Corporate,2,212.12,154.38,57.74
2024-07-27,Asia Pacific,China,Office Supplies,Binders,Corporate,5,594.25,355.5,238.75
2023-08-10,Europe,Spain,Electronics,Phones,Corporate,1,223.77,135.38,88.39
2024-02-25,Europe,United Kingdom,Clothing,Pants,Corporate,2,168.96,127.52,41.44
2023-10-10,Latin America,Chile,Office Supplies,Pens,Corporate,2,607.72,351.0,256.72
2022-03-08,North America,United States,Electronics,Phones,Consumer,5,837.2,482.78,354.42
2024-11-30,Europe,Germany,Furniture,Tables,Home Office,3,808.77,367.6,441.17
2023-07-15,Europe,Germany,Furniture,Storage,Consumer,2,429.44,184.85,244.59
2022-09-07,Asia Pacific,Australia,Furniture,Tables,Consumer,3,590.13,328.23,261.9
2023-11-23,Latin America,Colombia,Clothing,Shirts,Home Office,4,251.72,164.91,86.81
2024-01-02,North America,Canada,Office Supplies,Pens,Corporate,2,142.22,87.69,54.53
2023-04-26,Europe,Italy,Electronics,Computers,Home Office,1,223.28,126.1,97.18
2024-03-09,Latin America,Brazil,Furniture,Desks,Home Office,5,1214.9,846.96,367.94
2023-12-09,North America,Mexico,Electronics,Accessories,Corporate,4,264.48,135.45,129.03
2024-02-09,Asia Pacific,South Korea,Clothing,Shoes,Corporate,3,1183.65,740.3,443.35
2024-06-05,Asia Pacific,South Korea,Electronics,Computers,Home Office,2,483.68,375.55,108.13
2023-09-02,Latin America,Chile,Furniture,Storage,Home Office,3,1211.01,711.01,500.0
2023-05-14,Asia Pacific,Australia,Clothing,Pants,Consumer,1,63.45,37.83,25.62
2024-03-02,Europe,France,Furniture,Chairs,Consumer,4,293.0,148.14,144.86
2022-04-05,Asia Pacific,India,Office Supplies,Pens,Corporate,2,85.18,50.85,34.33
2022-05-07,Asia Pacific,India,Furniture,Desks,Corporate,4,1161.76,554.35,607.41
2022-03-31,North America,United States,Electronics,Computers,Consumer,3,310.59,130.29,180.3
2024-09-21,Latin America,Brazil,Electronics,Phones,Consumer,1,421.67,317.36,104.31
2023-01-05,Europe,Italy,Office Supplies,Paper,Home Office,5,880.15,471.24,408.91
2024-05-29,Europe,Spain,Electronics,Phones,Consumer,4,431.76,275.6,156.16
2024-01-21,Asia Pacific,Australia,Electronics,Accessories,Corporate,4,1789.2,988.63,800.57
2024-06-05,Europe,Italy,Electronics,Accessories,Corporate,1,205.52,89.23,116.29
2024-04-01,Asia Pacific,Australia,Clothing,Pants,Corporate,1,143.56,102.49,41.07
2022-05-13,Asia Pacific,China,Office Supplies,Pens,Consumer,5,1152.15,895.14,257.01
2024-12-18,Latin America,Brazil,Electronics,Phones,Home Office,5,885.7,677.48,208.22
2022-04-25,Latin America,Argentina,Office Supplies,Labels,Corporate,2,674.92,408.99,265.93
2022-08-28,Europe,Germany,Office Supplies,Binders,Home Office,2,970.14,641.35,328.79
2024-05-30,North America,Canada,Furniture,Chairs,Consumer,4,1955.28,826.0,1129.28
2022-03-21,Latin America,Brazil,Clothing,Pants,Corporate,2,902.38,512.29,390.09
2022-03-30,Europe,United Kingdom,Clothing,Shoes,Corporate,1,229.93,147.73,82.2
2023-07-05,Latin America,Colombia,Electronics,Phones,Corporate,3,899.85,445.05,454.8
2022-05-13,Asia Pacific,South Korea,Furniture,Storage,Corporate,5,1788.55,763.73,1024.82
2024-03-07,North America,Canada,Electronics,Computers,Home Office,4,1234.64,771.1,463.54
2022-11-08,Latin America,Argentina,Furniture,Storage,Corporate,3,684.84,357.39,327.45
2022-08-08,Asia Pacific,Australia,Electronics,Phones,Corporate,4,89.08,50.44,38.64
2023-06-29,North America,Mexico,Electronics,Accessories,Consumer,4,1148.88,516.23,632.65
2023-02-09,Europe,Spain,Furniture,Storage,Corporate,2,543.4,275.78,267.62
2023-03-26,Europe,Germany,Clothing,Outerwear,Corporate,3,1227.3,875.63,351.67
2022-07-15,Latin America,Chile,Office Supplies,Labels,Consumer,3,1317.27,861.77,455.5
2024-04-19,North America,Canada,Electronics,Audio,Corporate,4,631.24,442.19,189.05
2024-09-23,Asia Pacific,South Korea,Electronics,Accessories,Home Office,5,2446.45,1007.14,1439.31
2022-02-03,North America,United States,Office Supplies,Labels,Consumer,4,100.08,67.9,32.18
2024-12-23,Europe,Germany,Office Supplies,Labels,Consumer,3,729.66,581.21,148.45
2024-09-26,Asia Pacific,South Korea,Clothing,Outerwear,Consumer,1,389.88,258.66,131.22
2023-01-09,North America,Mexico,Clothing,Shoes,Home Office,4,634.72,417.69,217.03
2022-01-15,Asia Pacific,South Korea,Clothing,Shirts,Consumer,4,708.92,303.23,405.69
2023-09-28,Latin America,Colombia,Furniture,Storage,Corporate,5,899.7,410.52,489.18
2024-02-01,North America,Canada,Furniture,Chairs,Consumer,4,1817.96,1299.29,518.67
2023-07-17,Europe,Germany,Office Supplies,Labels,Corporate,4,1188.68,723.41,465.27
2022-09-08,Europe,Spain,Electronics,Audio,Home Office,1,324.27,164.29,159.98
2024-02-10,Europe,France,Electronics,Phones,Home Office,2,933.78,541.66,392.12
2022-10-08,North America,Canada,Electronics,Audio,Consumer,1,75.63,59.61,16.02
2022-03-25,Asia Pacific,South Korea,Office Supplies,Paper,Home Office,2,957.32,625.41,331.91
2022-12-11,Latin America,Argentina,Electronics,Computers,Home Office,3,890.16,507.04,383.12
2024-08-12,North America,Mexico,Furniture,Storage,Consumer,1,479.17,318.59,160.58
2023-12-03,Europe,Germany,Furniture,Tables,Consumer,1,162.44,77.01,85.43
2023-04-06,North America,United States,Office Supplies,Binders,Corporate,5,1744.3,1137.22,607.08
2022-01-18,Asia Pacific,South Korea,Furniture,Chairs,Home Office,2,36.96,24.56,12.4
2023-10-06,Europe,Italy,Office Supplies,Binders,Consumer,2,906.46,462.97,443.49
2022-06-06,Europe,Italy,Furniture,Desks,Home Office,5,2305.85,1171.69,1134.16
2022-06-07,North America,Canada,Office Supplies,Paper,Corporate,5,1155.35,847.17,308.18
2023-01-01,Latin America,Argentina,Electronics,Phones,Home Office,2,71.12,49.87,21.25
2024-12-27,Latin America,Brazil,Clothing,Pants,Consumer,5,412.05,209.6,202.45
2022-06-13,North America,Canada,Furniture,Chairs,Consumer,4,1099.72,455.04,644.68
2024-08-08,Europe,Germany,Electronics,Accessories,Corporate,1,232.77,107.1,125.67
2024-10-28,North America,Canada,Clothing,Outerwear,Home Office,1,335.32,191.22,144.1
2024-01-29,Europe,France,Electronics,Phones,Consumer,4,1378.2,823.12,555.08
2024-04-23,North America,Canada,Furniture,Desks,Corporate,3,374.01,240.96,133.05
2023-11-09,Asia Pacific,Japan,Electronics,Accessories,Consumer,1,274.54,174.66,99.88
2022-08-16,Asia Pacific,Japan,Electronics,Audio,Home Office,2,575.26,285.67,289.59
2022-02-21,Asia Pacific,Australia,Furniture,Tables,Home Office,3,636.66,475.84,160.82
2024-08-16,Latin America,Brazil,Clothing,Shoes,Consumer,1,272.39,159.44,112.95
2022-04-12,North America,United States,Furniture,Chairs,Corporate,2,454.24,347.8,106.44
2024-06-13,Latin America,Chile,Office Supplies,Labels,Consumer,5,873.1,681.9,191.2
2024-09-15,Europe,Italy,Electronics,Computers,Corporate,1,330.04,204.15,125.89
2023-10-05,North America,Canada,Clothing,Shoes,Home Office,2,655.7,301.26,354.44
2024-09-20,Europe,France,Electronics,Accessories,Consumer,3,930.3,453.63,476.67
2022-11-17,North America,Mexico,Office Supplies,Paper,Home Office,1,24.86,15.9,8.96
2022-08-10,Europe,Italy,Furniture,Storage,Home Office,4,224.16,151.0,73.16
2022-07-18,North America,United States,Office Supplies,Paper,Corporate,4,1740.84,755.88,984.96
2022-07-08,Europe,United Kingdom,Office Supplies,Binders,Home Office,5,612.45,361.53,250.92
2024-01-08,Latin America,Argentina,Office Supplies,Binders,Consumer,3,1096.89,816.86,280.03
2022-08-21,Latin America,Colombia,Furniture,Tables,Home Office,1,14.44,10.79,3.65
2023-04-23,Latin America,Argentina,Clothing,Outerwear,Corporate,1,263.88,140.51,123.37
2022-01-26,Latin America,Colombia,Furniture,Tables,Corporate,5,503.45,214.23,289.22
2023-09-13,Latin America,Chile,Office Supplies,Binders,Corporate,3,1341.78,572.43,769.35
2022-03-31,Europe,Spain,Clothing,Shoes,Corporate,2,484.9,280.17,204.73
2022-05-26,Asia Pacific,South Korea,Electronics,Computers,Corporate,3,223.2,98.0,125.2
2024-04-10,Asia Pacific,Japan,Clothing,Outerwear,Corporate,4,532.96,227.19,305.77
2023-11-15,Latin America,Colombia,Office Supplies,Pens,Corporate,2,373.48,198.84,174.64
2022-12-13,Europe,Germany,Office Supplies,Paper,Consumer,2,51.7,31.46,20.24
2022-05-30,Europe,Germany,Office Supplies,Pens,Home Office,4,246.16,172.02,74.14
2023-10-03,North America,United States,Electronics,Computers,Home Office,2,580.16,259.02,321.14
2022-09-25,North America,United States,Office Supplies,Paper,Consumer,4,1660.6,1212.71,447.89
2023-06-17,North America,Mexico,Furniture,Tables,Consumer,3,862.41,627.21,235.2
2022-08-18,North America,Mexico,Clothing,Shoes,Consumer,2,889.36,577.34,312.02
2022-05-31,Latin America,Argentina,Office Supplies,Labels,Home Office,5,1930.3,1129.82,800.48
2022-10-20,Latin America,Chile,Clothing,Shoes,Home Office,2,915.62,620.75,294.87
2024-08-03,Europe,United Kingdom,Clothing,Pants,Consumer,5,1766.8,1373.11,393.69
2024-09-17,North America,Mexico,Electronics,Accessories,Home Office,5,1643.85,1281.97,361.88
2024-03-16,Asia Pacific,Japan,Clothing,Pants,Corporate,3,1002.21,774.85,227.36
2023-01-26,Asia Pacific,South Korea,Clothing,Pants,Consumer,1,51.86,25.21,26.65
2023-08-14,Europe,France,Clothing,Shoes,Corporate,3,629.43,491.73,137.7
2023-08-19,Asia Pacific,Japan,Electronics,Computers,Consumer,5,320.55,223.81,96.74
2024-03-01,North America,United States,Clothing,Pants,Consumer,2,978.48,675.1,303.38
2022-03-12,Asia Pacific,India,Electronics,Audio,Corporate,4,1950.68,806.45,1144.23
2022-09-30,Asia Pacific,South Korea,Electronics,Phones,Home Office,4,1263.16,810.91,452.25
2022-07-29,Latin America,Brazil,Office Supplies,Paper,Corporate,2,500.42,339.56,160.86
2022-05-29,Asia Pacific,Japan,Clothing,Outerwear,Home Office,1,238.23,165.13,73.1
2023-02-23,Latin America,Brazil,Furniture,Tables,Consumer,3,113.31,84.78,28.53
2024-03-25,Europe,Germany,Furniture,Tables,Corporate,2,649.84,515.05,134.79
2024-07-23,North America,United States,Electronics,Computers,Consumer,4,488.84,277.75,211.09
2022-07-04,Latin America,Colombia,Electronics,Accessories,Home Office,4,1582.48,1008.98,573.5
2024-12-09,North America,Canada,Furniture,Desks,Corporate,4,225.4,114.58,110.82
2024-06-06,Europe,Spain,Office Supplies,Labels,Consumer,1,228.14,176.3,51.84
2022-08-16,Europe,Spain,Electronics,Computers,Consumer,3,211.29,137.0,74.29
2024-06-28,North America,Mexico,Clothing,Pants,Corporate,2,127.06,72.62,54.44
2023-02-21,Asia Pacific,South Korea,Furniture,Storage,Consumer,4,996.88,563.9,432.98
2022-07-08,Latin America,Chile,Electronics,Audio,Corporate,5,904.05,716.24,187.81
2022-08-20,Europe,United Kingdom,Clothing,Shirts,Consumer,4,1044.24,616.6,427.64
2023-05-25,Latin America,Brazil,Electronics,Audio,Corporate,5,1709.2,1349.4,359.8
2024-10-25,Latin America,Colombia,Electronics,Audio,Home Office,5,1875.85,844.53,1031.32
2024-10-05,North America,Mexico,Furniture,Storage,Home Office,5,622.55,427.84,194.71
2022-06-07,Latin America,Argentina,Clothing,Shoes,Corporate,2,135.24,57.76,77.48
2022-10-01,Latin America,Brazil,Electronics,Phones,Home Office,2,536.9,247.16,289.74
2024-09-24,Asia Pacific,India,Office Supplies,Pens,Home Office,5,2003.0,1364.32,638.68
2024-10-02,Latin America,Colombia,Furniture,Tables,Corporate,3,1493.22,694.04,799.18
2024-04-30,Latin America,Colombia,Furniture,Chairs,Consumer,3,1388.88,1011.16,377.72
2023-11-28,Europe,Spain,Office Supplies,Pens,Corporate,1,498.92,290.91,208.01
2024-04-11,Europe,Spain,Clothing,Shoes,Corporate,4,1075.88,801.27,274.61
2023-09-22,Latin America,Brazil,Office Supplies,Labels,Corporate,1,122.44,83.67,38.77
2024-03-31,Latin America,Colombia,Electronics,Computers,Home Office,4,321.32,167.56,153.76
2022-08-29,Europe,France,Clothing,Shirts,Home Office,5,177.65,117.76,59.89
2024-12-01,North America,Canada,Electronics,Phones,Corporate,3,1302.27,954.75,347.52
2024-01-17,North America,United States,Clothing,Pants,Home Office,2,441.36,349.47,91.89
2024-08-30,Asia Pacific,China,Office Supplies,Binders,Consumer,2,955.66,657.48,298.18
2022-01-21,Europe,Spain,Office Supplies,Labels,Home Office,2,297.58,125.65,171.93
2024-11-24,Europe,Spain,Office Supplies,Binders,Home Office,3,802.23,592.93,209.3
2022-04-22,Europe,Germany,Electronics,Accessories,Home Office,1,31.11,16.53,14.58
2023-09-19,North America,Mexico,Electronics,Accessories,Corporate,3,185.79,113.31,72.48
2024-10-11,Asia Pacific,Japan,Office Supplies,Paper,Home Office,5,1263.8,643.63,620.17
2022-07-23,Asia Pacific,Australia,Electronics,Accessories,Corporate,4,1944.76,979.15,965.61
2024-02-10,Europe,Italy,Furniture,Chairs,Corporate,5,2004.5,1258.91,745.59
2023-09-29,Europe,France,Electronics,Audio,Consumer,4,757.04,528.24,228.8
2022-06-12,North America,Mexico,Clothing,Shirts,Consumer,2,714.26,329.07,385.19
2023-11-09,Latin America,Colombia,Furniture,Desks,Corporate,2,316.28,234.83,81.45
2022-07-19,Latin America,Brazil,Office Supplies,Paper,Home Office,5,1776.9,987.43,789.47
2024-02-22,North America,Canada,Clothing,Pants,Home Office,1,349.08,258.0,91.08
2023-04-01,Latin America,Colombia,Office Supplies,Labels,Corporate,1,93.51,43.9,49.61
2024-11-06,Latin America,Colombia,Clothing,Shirts,Home Office,3,422.52,325.66,96.86
2022-05-26,Latin America,Chile,Electronics,Computers,Home Office,1,134.44,82.81,51.63
2024-11-05,Latin America,Argentina,Furniture,Storage,Home Office,3,962.52,423.89,538.63
2023-01-12,Latin America,Brazil,Furniture,Chairs,Home Office,1,366.21,282.67,83.54
2022-05-11,Europe,France,Office Supplies,Pens,Corporate,2,636.26,437.63,198.63
2023-08-14,North America,United States,Clothing,Shoes,Corporate,2,956.88,400.09,556.79
2023-10-31,Latin America,Colombia,Electronics,Phones,Home Office,2,524.72,279.41,245.31
2023-09-15,North America,United States,Electronics,Phones,Home Office,2,48.24,26.22,22.02
2022-11-13,Latin America,Brazil,Office Supplies,Binders,Corporate,2,474.44,365.72,108.72
2024-07-02,North America,Mexico,Office Supplies,Paper,Consumer,3,1378.56,626.64,751.92
2024-12-03,Latin America,Colombia,Office Supplies,Labels,Home Office,5,102.4,79.82,22.58
2022-02-21,Asia Pacific,South Korea,Office Supplies,Pens,Corporate,1,174.36,130.9,43.46
2024-10-24,Asia Pacific,Australia,Clothing,Outerwear,Consumer,2,496.54,360.5,136.04
2022-08-08,North America,United States,Furniture,Tables,Consumer,3,415.32,254.71,160.61
2023-04-14,Latin America,Colombia,Electronics,Computers,Home Office,3,570.33,438.21,132.12
2023-12-05,Latin America,Chile,Furniture,Desks,Corporate,4,114.52,48.41,66.11
2024-04-20,Europe,Italy,Office Supplies,Binders,Consumer,2,629.28,259.9,369.38
2022-06-30,North America,Canada,Electronics,Accessories,Consumer,5,1729.7,1083.06,646.64
2023-10-31,Latin America,Brazil,Furniture,Desks,Consumer,3,1195.62,482.28,713.34
2022-01-15,Europe,Spain,Office Supplies,Pens,Consumer,2,995.18,644.7,350.48
2024-11-15,Latin America,Brazil,Electronics,Accessories,Corporate,3,687.45,300.62,386.83
2024-01-12,Asia Pacific,India,Furniture,Tables,Home Office,3,760.2,397.94,362.26
2024-04-16,North America,Mexico,Office Supplies,Binders,Corporate,5,1998.45,1294.51,703.94
2022-01-15,Asia Pacific,China,Electronics,Audio,Home Office,5,1943.25,824.81,1118.44
2024-02-10,North America,United States,Furniture,Desks,Corporate,2,733.2,393.02,340.18
2022-07-19,North America,United States,Electronics,Audio,Consumer,1,259.5,188.14,71.36
2023-05-05,Europe,United Kingdom,Furniture,Storage,Corporate,4,1852.64,1051.49,801.15
2024-05-10,Latin America,Brazil,Clothing,Outerwear,Consumer,1,258.9,205.42,53.48
2022-05-16,North America,Canada,Furniture,Desks,Corporate,2,192.44,136.24,56.2
2024-12-15,Asia Pacific,Australia,Electronics,Audio,Home Office,4,110.36,53.09,57.27
2023-02-20,Asia Pacific,South Korea,Electronics,Accessories,Consumer,1,35.9,23.73,12.17
2023-12-03,Latin America,Brazil,Office Supplies,Pens,Home Office,2,964.6,635.75,328.85
2023-09-23,Asia Pacific,Japan,Clothing,Outerwear,Corporate,3,116.55,56.32,60.23
2023-11-22,Europe,Italy,Furniture,Desks,Home Office,2,388.3,245.77,142.53
2023-04-22,Asia Pacific,China,Electronics,Audio,Consumer,3,645.27,462.23,183.04
2024-03-28,Asia Pacific,China,Clothing,Outerwear,Consumer,2,835.34,342.75,492.59
2023-08-28,North America,Mexico,Clothing,Shoes,Corporate,1,145.21,66.26,78.95
2022-12-28,Latin America,Argentina,Office Supplies,Labels,Consumer,5,656.9,279.17,377.73
2022-10-30,Europe,France,Electronics,Phones,Corporate,4,271.72,146.94,124.78
2023-01-29,Latin America,Colombia,Furniture,Chairs,Home Office,4,1595.4,1241.77,353.63
2022-05-16,North America,Canada,Furniture,Chairs,Home Office,5,2308.6,1070.26,1238.34
2024-06-06,Europe,Spain,Electronics,Accessories,Consumer,4,412.76,266.96,145.8
2024-01-30,Asia Pacific,China,Furniture,Chairs,Consumer,2,637.52,399.98,237.54
2024-05-27,Latin America,Argentina,Office Supplies,Binders,Consumer,2,240.72,160.94,79.78
2024-08-25,Asia Pacific,India,Clothing,Outerwear,Corporate,2,476.2,327.95,148.25
2022-03-15,Latin America,Chile,Furniture,Tables,Corporate,4,448.44,318.51,129.93
2022-05-20,Latin America,Brazil,Furniture,Chairs,Consumer,1,390.18,311.94,78.24
2023-09-07,Asia Pacific,Japan,Furniture,Chairs,Corporate,3,1266.24,535.22,731.02
2022-10-10,Latin America,Chile,Electronics,Audio,Corporate,4,532.32,245.98,286.34
2024-01-28,Europe,Germany,Clothing,Shirts,Home Office,2,975.38,393.83,581.55
2023-09-12,Asia Pacific,China,Electronics,Audio,Home Office,5,992.95,638.75,354.2
2024-09-24,Europe,Germany,Office Supplies,Binders,Consumer,5,332.75,155.13,177.62
2022-09-13,Latin America,Colombia,Electronics,Audio,Home Office,1,449.67,336.03,113.64
2022-02-26,Europe,Spain,Clothing,Shirts,Consumer,4,323.92,252.77,71.15
2022-06-27,Asia Pacific,India,Office Supplies,Binders,Consumer,1,39.61,19.86,19.75
2023-05-27,North America,Mexico,Furniture,Tables,Consumer,4,626.32,493.13,133.19
2023-03-30,Europe,Spain,Furniture,Storage,Home Office,3,1174.2,767.09,407.11
2024-01-06,North America,United States,Furniture,Storage,Corporate,4,1321.36,1035.04,286.32
2023-10-19,Europe,Germany,Furniture,Storage,Consumer,4,971.72,503.73,467.99
2023-01-05,Europe,Spain,Clothing,Shirts,Corporate,3,836.16,415.17,420.99
2023-12-06,North America,Canada,Office Supplies,Binders,Home Office,4,303.32,126.18,177.14
2023-12-04,Europe,Italy,Office Supplies,Binders,Corporate,5,1275.4,1012.65,262.75
2022-07-21,North America,United States,Office Supplies,Labels,Corporate,3,432.06,279.42,152.64
2023-12-17,Asia Pacific,Japan,Electronics,Phones,Consumer,2,879.04,634.68,244.36
2023-03-02,Europe,United Kingdom,Furniture,Chairs,Corporate,1,447.46,341.18,106.28
2024-07-15,Latin America,Argentina,Office Supplies,Paper,Home Office,4,445.56,299.21,146.35
2022-03-03,Europe,Italy,Furniture,Tables,Consumer,2,448.32,346.46,101.86
2022-10-17,North America,United States,Electronics,Accessories,Corporate,5,1388.9,922.78,466.12
2024-09-08,North America,United States,Office Supplies,Binders,Home Office,3,84.54,60.3,24.24
2022-04-19,North America,Mexico,Clothing,Shoes,Corporate,3,793.02,525.2,267.82
2023-10-07,Europe,Italy,Furniture,Desks,Consumer,2,878.54,436.33,442.21
2023-05-09,Europe,Spain,Office Supplies,Labels,Home Office,3,423.24,284.4,138.84
2024-06-01,Asia Pacific,South Korea,Furniture,Chairs,Corporate,3,798.81,486.97,311.84
2022-04-16,Latin America,Argentina,Furniture,Storage,Corporate,5,264.6,125.39,139.21
2022-04-27,Latin America,Colombia,Furniture,Desks,Home Office,2,377.16,182.55,194.61
2022-09-22,North America,Mexico,Clothing,Shoes,Consumer,4,1969.08,1486.1,482.98
2023-11-28,North America,Canada,Electronics,Phones,Consumer,1,16.13,10.0,6.13
2022-04-04,Latin America,Chile,Furniture,Tables,Consumer,4,288.96,151.69,137.27
2023-10-20,Europe,United Kingdom,Clothing,Outerwear,Home Office,4,1030.04,684.58,345.46
2024-09-17,Europe,France,Electronics,Audio,Consumer,5,1020.05,603.61,416.44
2024-04-07,Latin America,Colombia,Electronics,Computers,Corporate,2,453.42,329.53,123.89
2024-08-31,Europe,Italy,Electronics,Computers,Corporate,4,1766.56,1207.78,558.78
2023-05-29,Latin America,Chile,Electronics,Phones,Consumer,2,991.52,588.22,403.3
2022-10-26,Europe,Germany,Office Supplies,Labels,Consumer,5,589.4,247.25,342.15
2022-11-07,Latin America,Argentina,Office Supplies,Pens,Corporate,3,484.14,246.17,237.97
2024-08-28,Latin America,Colombia,Office Supplies,Binders,Home Office,5,725.2,435.48,289.72
2023-04-11,Latin America,Brazil,Electronics,Computers,Consumer,1,225.04,125.12,99.92
2023-08-22,North America,Canada,Office Supplies,Binders,Consumer,3,1257.33,618.68,638.65
2022-05-16,Europe,France,Office Supplies,Pens,Corporate,1,451.52,317.72,133.8
2023-01-30,North America,Mexico,Clothing,Pants,Home Office,4,1743.48,732.76,1010.72
2022-12-24,Latin America,Colombia,Electronics,Computers,Consumer,2,885.68,394.53,491.15
2023-11-25,Europe,Spain,Furniture,Chairs,Consumer,5,357.7,261.02,96.68
2024-12-10,Latin America,Colombia,Office Supplies,Pens,Home Office,4,84.2,50.65,33.55
2024-12-23,Europe,Germany,Clothing,Pants,Home Office,5,1730.75,771.33,959.42
2024-06-17,Asia Pacific,China,Clothing,Shirts,Home Office,5,769.15,606.16,162.99
2022-05-14,North America,Mexico,Clothing,Outerwear,Consumer,2,102.58,46.03,56.55
2023-07-19,Europe,Italy,Clothing,Shoes,Consumer,1,228.9,127.37,101.53
2024-03-07,Europe,Italy,Clothing,Outerwear,Corporate,1,39.8,31.37,8.43
2024-07-22,North America,United States,Clothing,Shoes,Home Office,3,940.95,553.72,387.23
2023-10-29,Asia Pacific,South Korea,Furniture,Tables,Home Office,1,210.57,96.44,114.13
2022-03-12,Asia Pacific,South Korea,Electronics,Audio,Home Office,1,265.67,187.18,78.49
2024-01-14,Latin America,Argentina,Furniture,Tables,Consumer,5,2112.05,1414.19,697.86
2022-08-14,Latin America,Colombia,Furniture,Chairs,Consumer,2,463.24,355.94,107.3
2023-09-21,Latin America,Brazil,Office Supplies,Paper,Home Office,5,2458.1,1940.43,517.67
2023-02-05,North America,Canada,Office Supplies,Binders,Corporate,2,939.36,388.73,550.63
2022-01-17,Europe,France,Furniture,Chairs,Corporate,4,1307.32,979.32,328.0
2023-02-07,Europe,Germany,Clothing,Pants,Home Office,1,470.62,226.99,243.63
2024-10-14,Europe,Spain,Electronics,Accessories,Corporate,2,732.84,373.88,358.96
2024-04-04,North America,United States,Office Supplies,Labels,Home Office,5,1675.85,752.67,923.18
2022-12-06,Europe,Germany,Electronics,Accessories,Consumer,2,70.48,48.29,22.19
2023-01-14,Asia Pacific,India,Furniture,Chairs,Consumer,3,1360.47,1011.56,348.91
2022-07-13,Asia Pacific,Japan,Electronics,Phones,Corporate,1,88.66,65.36,23.3
2022-05-28,Latin America,Colombia,Electronics,Computers,Home Office,5,1494.0,744.24,749.76
2023-03-25,Asia Pacific,Australia,Office Supplies,Pens,Home Office,2,762.92,367.89,395.03
2022-06-24,Latin America,Colombia,Electronics,Accessories,Consumer,1,367.12,286.84,80.28
2024-08-31,Latin America,Chile,Clothing,Outerwear,Corporate,1,244.1,112.37,131.73
2023-06-06,North America,Canada,Furniture,Storage,Consumer,2,82.88,39.36,43.52
2022-02-16,Latin America,Brazil,Electronics,Audio,Consumer,1,376.32,209.19,167.13
2023-08-03,Asia Pacific,Australia,Furniture,Chairs,Consumer,5,674.05,286.96,387.09
2022-09-18,Asia Pacific,Australia,Office Supplies,Paper,Corporate,1,493.75,258.18,235.57
2024-04-14,Asia Pacific,Japan,Clothing,Shirts,Home Office,2,233.44,141.15,92.29
2024-08-22,Europe,Germany,Furniture,Tables,Home Office,2,717.56,566.81,150.75
2024-06-19,North America,Mexico,Office Supplies,Pens,Corporate,2,367.0,260.45,106.55
2024-10-13,North America,United States,Furniture,Storage,Home Office,5,2141.9,1437.94,703.96
2022-09-05,Asia Pacific,Australia,Office Supplies,Pens,Corporate,5,1461.75,730.71,731.04
2022-01-03,Latin America,Brazil,Furniture,Chairs,Consumer,4,219.76,136.76,83.0
2022-02-24,Asia Pacific,China,Electronics,Computers,Consumer,2,397.32,166.86,230.46
2022-01-10,Latin America,Brazil,Electronics,Computers,Home Office,5,1954.9,1086.83,868.07
2023-07-02,Latin America,Colombia,Clothing,Shirts,Consumer,3,869.94,415.62,454.32
2024-06-11,Europe,Italy,Furniture,Storage,Home Office,2,379.1,218.62,160.48
2022-03-02,Asia Pacific,India,Office Supplies,Labels,Consumer,4,907.32,478.98,428.34
2024-04-19,Asia Pacific,South Korea,Clothing,Outerwear,Consumer,2,168.04,84.81,83.23
2024-03-14,Latin America,Argentina,Electronics,Phones,Corporate,5,1508.5,857.11,651.39
2023-02-08,Europe,Spain,Furniture,Storage,Consumer,1,303.56,173.72,129.84
2022-02-09,Asia Pacific,South Korea,Furniture,Storage,Consumer,1,404.79,218.15,186.64
2022-05-24,Latin America,Argentina,Electronics,Phones,Consumer,5,2059.1,1627.01,432.09
2023-05-04,Europe,Germany,Office Supplies,Labels,Consumer,3,1000.23,536.77,463.46
2024-03-27,Latin America,Argentina,Electronics,Computers,Consumer,4,1155.16,821.37,333.79
2024-12-01,North America,Mexico,Office Supplies,Binders,Consumer,4,513.92,381.95,131.97
2023-04-14,North America,Mexico,Electronics,Audio,Home Office,4,1412.84,721.2,691.64
2024-11-22,Latin America,Colombia,Office Supplies,Labels,Consumer,1,492.14,337.73,154.41
2023-08-11,Europe,Germany,Clothing,Shirts,Home Office,3,580.17,337.72,242.45
2022-11-17,North America,United States,Office Supplies,Pens,Corporate,5,2034.85,1400.42,634.43
2022-04-17,Latin America,Chile,Furniture,Storage,Home Office,2,845.06,397.6,447.46
2022-07-29,Latin America,Colombia,Clothing,Shoes,Home Office,1,90.22,64.42,25.8
2023-07-05,Asia Pacific,China,Electronics,Audio,Consumer,1,483.87,214.39,269.48
2024-10-08,North America,Canada,Furniture,Desks,Corporate,2,70.62,55.53,15.09
2022-11-06,Latin America,Argentina,Office Supplies,Binders,Corporate,1,414.45,262.18,152.27
2024-05-28,Latin America,Chile,Office Supplies,Paper,Corporate,1,221.56,109.26,112.3
2022-11-14,Asia Pacific,Japan,Clothing,Outerwear,Home Office,3,518.82,338.77,180.05
2023-11-25,Latin America,Colombia,Electronics,Phones,Consumer,1,27.77,15.08,12.69
2023-10-19,Asia Pacific,Australia,Furniture,Chairs,Home Office,3,60.0,43.16,16.84
2023-07-24,Europe,Italy,Furniture,Desks,Consumer,4,1721.64,1016.05,705.59
2024-01-11,Europe,Germany,Office Supplies,Pens,Corporate,2,211.06,109.72,101.34
2022-09-23,Europe,Germany,Electronics,Phones,Home Office,4,162.52,90.79,71.73
2024-09-23,North America,Mexico,Electronics,Accessories,Home Office,5,2033.8,1255.72,778.08
2023-12-05,Asia Pacific,Japan,Office Supplies,Binders,Corporate,1,75.48,47.06,28.42
2022-04-24,Europe,Italy,Office Supplies,Paper,Corporate,5,2200.7,1288.66,912.04
2022-01-14,Asia Pacific,South Korea,Electronics,Computers,Consumer,5,1647.05,803.21,843.84
2023-04-23,Europe,France,Electronics,Audio,Consumer,5,1065.05,485.84,579.21
2023-05-20,Asia Pacific,Australia,Electronics,Audio,Home Office,5,1912.95,1338.63,574.32
2023-05-16,Europe,Germany,Furniture,Tables,Corporate,5,1242.3,829.14,413.16
2023-04-16,Asia Pacific,South Korea,Electronics,Audio,Home Office,2,620.28,454.36,165.92
2024-12-23,Asia Pacific,South Korea,Electronics,Audio,Home Office,5,79.55,61.88,17.67
2023-11-16,North America,Canada,Office Supplies,Labels,Corporate,3,622.95,282.41,340.54
2023-01-10,Latin America,Argentina,Electronics,Phones,Corporate,2,403.64,236.24,167.4
2023-07-24,Latin America,Brazil,Office Supplies,Pens,Home Office,1,484.57,373.49,111.08
2022-08-11,Europe,Italy,Office Supplies,Binders,Corporate,4,460.4,301.21,159.19
2024-07-21,Latin America,Argentina,Electronics,Audio,Corporate,1,65.6,48.28,17.32
2023-02-12,Latin America,Colombia,Electronics,Audio,Home Office,1,297.27,130.57,166.7
2024-10-06,Latin America,Brazil,Office Supplies,Labels,Home Office,4,464.32,189.53,274.79
2022-04-17,Europe,Spain,Electronics,Computers,Corporate,2,824.08,389.65,434.43
2023-10-13,Asia Pacific,India,Office Supplies,Paper,Home Office,1,132.11,59.63,72.48
2022-06-01,North America,United States,Clothing,Shirts,Home Office,4,889.4,366.51,522.89
2024-08-25,North America,Mexico,Office Supplies,Paper,Home Office,5,838.5,666.21,172.29
2022-11-23,Asia Pacific,China,Clothing,Outerwear,Home Office,5,2391.45,1565.8,825.65
2023-12-19,Europe,Spain,Electronics,Phones,Corporate,2,735.18,384.98,350.2
2024-01-15,Europe,France,Clothing,Outerwear,Home Office,2,899.4,590.11,309.29
2023-03-11,North America,Mexico,Electronics,Phones,Corporate,5,1478.55,1058.54,420.01
2023-04-21,Asia Pacific,Australia,Clothing,Outerwear,Consumer,2,597.96,245.5,352.46
2024-08-19,Europe,Spain,Clothing,Outerwear,Home Office,3,1273.02,882.02,391.0
2024-02-08,Europe,France,Electronics,Accessories,Home Office,1,330.13,251.04,79.09
2024-09-11,North America,Canada,Furniture,Tables,Corporate,2,492.12,365.92,126.2
2022-11-27,Europe,Spain,Furniture,Desks,Consumer,4,256.04,159.98,96.06
2023-01-30,Europe,France,Electronics,Accessories,Home Office,1,24.29,13.2,11.09
2023-09-03,Asia Pacific,China,Furniture,Storage,Corporate,5,568.45,298.02,270.43
2022-05-27,North America,Mexico,Furniture,Storage,Corporate,5,1990.85,869.33,1121.52
2023-06-21,Asia Pacific,China,Electronics,Audio,Corporate,5,1444.05,926.82,517.23
2023-09-13,Europe,United Kingdom,Office Supplies,Pens,Consumer,4,1433.28,929.85,503.43
2022-08-14,North America,Mexico,Clothing,Outerwear,Corporate,3,531.27,221.1,310.17
2024-01-27,Europe,United Kingdom,Furniture,Chairs,Consumer,4,1093.16,614.41,478.75
2023-12-12,Europe,Germany,Furniture,Chairs,Corporate,2,836.84,549.56,287.28
2022-11-24,Europe,France,Clothing,Shirts,Corporate,2,531.5,421.22,110.28
2023-08-30,Asia Pacific,China,Electronics,Computers,Corporate,4,310.08,165.73,144.35
2023-05-01,Europe,United Kingdom,Electronics,Audio,Home Office,5,1715.3,1294.84,420.46
2023-10-24,Europe,United Kingdom,Furniture,Tables,Corporate,5,779.15,517.77,261.38
2023-09-20,Europe,United Kingdom,Electronics,Computers,Home Office,1,371.99,286.65,85.34
2022-02-25,Latin America,Colombia,Office Supplies,Pens,Home Office,3,754.62,496.22,258.4
2024-08-20,Latin America,Argentina,Electronics,Computers,Corporate,5,1463.35,945.93,517.42
2023-05-29,Europe,Germany,Office Supplies,Paper,Corporate,3,236.76,142.32,94.44
2022-01-19,North America,Canada,Office Supplies,Paper,Consumer,4,976.56,499.11,477.45
2023-12-14,North America,United States,Electronics,Accessories,Home Office,5,350.25,204.23,146.02
2024-05-25,Latin America,Chile,Electronics,Accessories,Home Office,1,66.71,27.38,39.33
2023-03-07,North America,Mexico,Electronics,Accessories,Home Office,1,338.79,195.56,143.23
2023-11-25,Asia Pacific,Australia,Office Supplies,Paper,Home Office,5,1413.0,754.7,658.3
2022-01-23,Europe,Spain,Furniture,Chairs,Home Office,2,46.52,34.67,11.85
2022-02-04,Asia Pacific,South Korea,Furniture,Desks,Consumer,3,647.22,273.32,373.9
2024-10-19,Europe,Italy,Office Supplies,Pens,Consumer,2,117.72,83.09,34.63
2023-04-18,Asia Pacific,Japan,Clothing,Shoes,Home Office,2,635.86,287.0,348.86
2023-05-15,North America,Canada,Office Supplies,Labels,Corporate,2,709.88,508.1,201.78
2023-12-31,Asia Pacific,India,Office Supplies,Binders,Consumer,5,611.4,252.2,359.2
2023-12-07,Asia Pacific,China,Furniture,Chairs,Corporate,3,1311.42,654.85,656.57
2024-09-20,Europe,United Kingdom,Furniture,Tables,Consumer,1,388.45,191.89,196.56
2024-07-16,North America,Mexico,Furniture,Tables,Home Office,2,534.8,422.22,112.58
2024-08-28,North America,Mexico,Furniture,Desks,Consumer,1,321.17,146.32,174.85
2024-05-17,North America,United States,Office Supplies,Paper,Consumer,4,1531.6,1170.02,361.58
2024-10-12,Latin America,Colombia,Office Supplies,Pens,Consumer,2,558.34,266.15,292.19
2024-09-18,Latin America,Argentina,Clothing,Outerwear,Consumer,1,226.7,121.02,105.68
2024-08-23,Europe,Germany,Electronics,Audio,Home Office,2,408.08,177.89,230.19
2023-08-27,Europe,Germany,Electronics,Accessories,Home Office,1,294.84,127.68,167.16
2022-04-20,North America,Canada,Office Supplies,Binders,Corporate,2,719.6,510.08,209.52
2023-02-12,Latin America,Brazil,Electronics,Audio,Consumer,1,94.91,45.58,49.33
2024-03-02,Europe,Italy,Clothing,Outerwear,Consumer,1,202.13,129.68,72.45
2024-10-02,Latin America,Brazil,Furniture,Tables,Home Office,1,338.39,264.1,74.29
2024-05-25,Asia Pacific,South Korea,Electronics,Computers,Corporate,3,692.19,394.12,298.07
2024-11-29,Latin America,Argentina,Furniture,Chairs,Home Office,1,46.94,35.93,11.01
2023-12-16,Asia Pacific,Australia,Electronics,Audio,Corporate,3,451.11,268.15,182.96
2022-02-16,Europe,Italy,Electronics,Accessories,Consumer,4,1639.56,972.96,666.6
2022-02-15,Latin America,Argentina,Furniture,Tables,Home Office,3,328.23,248.2,80.03
2023-05-24,Latin America,Argentina,Furniture,Chairs,Home Office,3,1146.72,642.76,503.96
2022-04-13,Latin America,Argentina,Clothing,Shoes,Home Office,2,139.72,85.68,54.04
2024-01-19,Asia Pacific,Japan,Electronics,Accessories,Consumer,3,355.92,193.35,162.57
2024-03-09,Europe,Italy,Office Supplies,Labels,Corporate,2,151.1,72.76,78.34
2023-08-22,North America,Mexico,Furniture,Storage,Consumer,4,1519.68,963.4,556.28
2022-11-17,Latin America,Argentina,Office Supplies,Binders,Corporate,5,565.25,282.88,282.37
2022-02-07,Asia Pacific,Australia,Office Supplies,Labels,Consumer,1,301.84,197.63,104.21
2024-10-01,Europe,Italy,Clothing,Shoes,Corporate,4,832.16,511.72,320.44
2022-02-18,Latin America,Argentina,Office Supplies,Binders,Home Office,4,1670.64,683.83,986.81
2022-08-03,Latin America,Brazil,Clothing,Outerwear,Corporate,1,94.27,49.15,45.12
2022-10-02,Europe,Germany,Electronics,Audio,Corporate,3,1191.33,498.51,692.82
2022-01-27,Latin America,Colombia,Office Supplies,Labels,Home Office,4,1916.88,1346.35,570.53
2023-12-16,North America,Mexico,Furniture,Storage,Consumer,3,1048.95,614.07,434.88
2024-06-23,Latin America,Argentina,Furniture,Desks,Home Office,5,992.75,664.41,328.34
2024-07-03,Latin America,Brazil,Furniture,Chairs,Corporate,3,1477.77,882.88,594.89
2024-04-19,Latin America,Chile,Electronics,Audio,Home Office,3,1375.08,566.8,808.28
2022-12-08,Asia Pacific,China,Electronics,Phones,Corporate,3,660.36,520.5,139.86
2022-12-30,Europe,Spain,Electronics,Computers,Corporate,2,273.24,169.29,103.95
2023-06-30,Latin America,Colombia,Clothing,Pants,Consumer,5,629.95,337.57,292.38
2022-04-21,Europe,Spain,Clothing,Pants,Home Office,4,435.44,291.93,143.51
2022-08-10,Asia Pacific,China,Furniture,Storage,Home Office,1,104.56,76.94,27.62
2024-07-12,Asia Pacific,China,Office Supplies,Paper,Consumer,1,422.87,180.46,242.41
2022-02-19,Latin America,Colombia,Clothing,Pants,Corporate,5,832.25,558.19,274.06
2024-07-20,Asia Pacific,India,Clothing,Shirts,Consumer,3,533.13,369.83,163.3
2024-09-05,Europe,Italy,Office Supplies,Paper,Consumer,5,322.3,235.69,86.61
2024-01-01,Europe,United Kingdom,Furniture,Storage,Consumer,4,869.32,491.12,378.2
2024-12-06,Latin America,Brazil,Clothing,Shoes,Corporate,3,326.4,198.05,128.35
2024-07-22,Europe,Germany,Electronics,Phones,Corporate,3,673.77,276.28,397.49
2023-01-31,North America,United States,Clothing,Shoes,Corporate,2,652.32,325.25,327.07
2024-04-18,Asia Pacific,China,Office Supplies,Binders,Consumer,2,491.22,346.26,144.96
2024-09-09,North America,United States,Clothing,Pants,Consumer,5,1542.9,1039.55,503.35
2023-11-10,Europe,France,Electronics,Computers,Consumer,5,1349.75,1072.84,276.91
2024-01-04,Asia Pacific,Australia,Clothing,Shoes,Home Office,1,15.14,8.93,6.21
2024-07-30,North America,United States,Furniture,Chairs,Home Office,4,103.76,52.89,50.87
2022-09-04,Latin America,Argentina,Clothing,Shirts,Consumer,1,14.36,6.89,7.47
2022-07-31,Asia Pacific,Japan,Office Supplies,Pens,Corporate,5,103.7,74.94,28.76
2023-11-01,Latin America,Brazil,Clothing,Pants,Home Office,3,155.76,122.05,33.71
2022-10-15,Asia Pacific,China,Office Supplies,Binders,Corporate,3,601.92,247.75,354.17
2024-01-07,Latin America,Argentina,Furniture,Tables,Home Office,1,387.66,185.73,201.93
2023-10-23,Latin America,Colombia,Office Supplies,Pens,Home Office,5,618.3,328.25,290.05
2022-09-16,Asia Pacific,China,Office Supplies,Paper,Corporate,5,1034.15,454.68,579.47
2023-01-03,Latin America,Colombia,Office Supplies,Labels,Home Office,4,1456.36,913.92,542.44
2024-07-19,Europe,Spain,Office Supplies,Labels,Home Office,5,2029.9,1405.22,624.68
2024-11-26,Asia Pacific,South Korea,Clothing,Shoes,Corporate,2,136.08,75.16,60.92
2023-03-24,Asia Pacific,South Korea,Clothing,Shoes,Home Office,3,1499.1,1152.18,346.92
2024-12-03,North America,United States,Electronics,Audio,Consumer,1,257.77,185.6,72.17
2022-10-12,Latin America,Chile,Electronics,Phones,Consumer,2,814.92,342.43,472.49
2024-12-30,Europe,France,Office Supplies,Labels,Home Office,5,102.55,62.88,39.67
2023-12-11,Europe,Spain,Furniture,Desks,Consumer,5,491.55,274.57,216.98
2022-02-03,Latin America,Colombia,Electronics,Accessories,Consumer,3,1496.91,1155.62,341.29
2022-06-14,Latin America,Argentina,Clothing,Shirts,Consumer,5,2383.15,1466.79,916.36
2022-05-06,Asia Pacific,India,Electronics,Accessories,Home Office,5,1543.15,1064.62,478.53
2023-05-17,Europe,Germany,Clothing,Shoes,Home Office,2,411.78,220.73,191.05
2023-06-08,North America,United States,Clothing,Pants,Consumer,1,53.99,25.27,28.72
2022-10-18,Latin America,Argentina,Furniture,Chairs,Corporate,2,955.42,568.86,386.56
2022-07-15,Europe,Italy,Furniture,Desks,Consumer,2,986.66,752.68,233.98
2022-02-02,Asia Pacific,South Korea,Clothing,Pants,Corporate,3,671.73,318.45,353.28
2022-10-13,Latin America,Colombia,Furniture,Storage,Consumer,5,1832.3,1458.78,373.52
2024-05-19,Latin America,Argentina,Electronics,Accessories,Corporate,2,668.72,380.67,288.05
2023-03-08,North America,United States,Furniture,Chairs,Consumer,2,827.68,543.78,283.9
2022-04-23,Latin America,Brazil,Furniture,Chairs,Corporate,1,234.55,116.83,117.72
2023-05-25,Latin America,Brazil,Furniture,Tables,Home Office,2,217.8,95.04,122.76
2023-06-11,Asia Pacific,Australia,Clothing,Outerwear,Consumer,3,261.93,185.75,76.18
2023-12-01,Latin America,Argentina,Office Supplies,Paper,Corporate,4,1434.48,702.69,731.79
2022-09-30,Europe,Spain,Electronics,Phones,Consumer,1,127.51,98.38,29.13
2023-10-02,Asia Pacific,Japan,Electronics,Phones,Corporate,2,237.14,179.56,57.58
2023-04-05,Europe,Germany,Clothing,Outerwear,Consumer,5,82.0,38.52,43.48
2024-12-16,North America,Mexico,Office Supplies,Pens,Home Office,4,627.32,401.67,225.65
2022-05-08,Europe,United Kingdom,Electronics,Accessories,Corporate,5,1501.8,992.69,509.11
2023-02-20,Asia Pacific,India,Electronics,Accessories,Home Office,1,198.13,110.6,87.53
2022-10-24,North America,Mexico,Clothing,Outerwear,Corporate,2,997.96,592.79,405.17
2023-03-10,Asia Pacific,China,Clothing,Shoes,Corporate,2,491.78,369.09,122.69
2023-02-11,Latin America,Colombia,Clothing,Shirts,Corporate,2,828.66,430.76,397.9
2022-09-14,North America,Mexico,Electronics,Computers,Consumer,4,1845.84,1185.1,660.74
2022-10-04,Europe,Spain,Office Supplies,Pens,Home Office,3,226.65,148.23,78.42
2022-03-01,Asia Pacific,India,Clothing,Shirts,Corporate,2,914.4,662.71,251.69
2022-12-18,Latin America,Colombia,Office Supplies,Labels,Corporate,2,628.86,488.36,140.5
2022-01-16,Asia Pacific,Japan,Electronics,Computers,Corporate,1,14.41,5.86,8.55
2023-07-05,Latin America,Brazil,Office Supplies,Paper,Consumer,1,57.63,36.05,21.58
2023-12-01,North America,United States,Clothing,Pants,Corporate,3,1311.75,599.93,711.82
2022-07-28,Latin America,Colombia,Office Supplies,Pens,Consumer,3,873.21,671.44,201.77
2023-11-14,Asia Pacific,China,Office Supplies,Labels,Home Office,2,250.28,149.76,100.52
2023-01-15,Asia Pacific,India,Office Supplies,Pens,Home Office,3,825.03,361.67,463.36
2023-10-09,Latin America,Chile,Clothing,Outerwear,Consumer,5,1355.15,771.55,583.6
2024-02-06,Latin America,Argentina,Electronics,Accessories,Consumer,2,201.04,125.5,75.54
2024-11-13,Asia Pacific,South Korea,Clothing,Outerwear,Consumer,4,287.72,203.14,84.58
2023-12-31,Europe,Italy,Furniture,Chairs,Home Office,5,443.6,215.54,228.06
2023-10-02,Europe,United Kingdom,Furniture,Storage,Consumer,1,15.68,7.07,8.61
2024-11-24,North America,Canada,Furniture,Desks,Home Office,5,161.2,95.32,65.88
2022-12-21,Asia Pacific,Japan,Office Supplies,Labels,Corporate,1,297.41,232.54,64.87
2024-10-29,Asia Pacific,China,Clothing,Shirts,Corporate,1,132.11,87.22,44.89
2022-09-06,Latin America,Brazil,Clothing,Pants,Corporate,4,1876.96,1209.81,667.15
2024-09-02,Asia Pacific,Japan,Furniture,Tables,Consumer,5,2315.2,1827.43,487.77
2023-09-16,Asia Pacific,India,Electronics,Phones,Corporate,5,1837.95,1439.62,398.33
2023-09-11,Asia Pacific,India,Electronics,Phones,Corporate,1,154.33,120.22,34.11
2023-09-26,North America,Canada,Furniture,Desks,Consumer,3,522.33,223.96,298.37
2023-03-24,North America,United States,Furniture,Chairs,Home Office,5,318.95,175.68,143.27
2024-08-27,North America,Canada,Electronics,Audio,Corporate,1,15.48,6.55,8.93
2024-09-23,Europe,Spain,Electronics,Accessories,Corporate,5,1721.55,930.79,790.76
2024-05-12,Asia Pacific,China,Clothing,Outerwear,Consumer,1,174.89,123.44,51.45
2023-08-13,Asia Pacific,Australia,Electronics,Computers,Home Office,2,993.04,707.61,285.43
2022-10-14,Asia Pacific,Japan,Electronics,Phones,Corporate,4,1622.76,833.27,789.49
2024-09-01,Europe,France,Furniture,Tables,Corporate,5,838.05,435.8,402.25
2024-01-20,North America,United States,Furniture,Desks,Corporate,5,1467.6,703.43,764.17
2023-06-08,Asia Pacific,South Korea,Furniture,Tables,Home Office,5,266.6,158.76,107.84
2024-03-24,Asia Pacific,India,Clothing,Outerwear,Corporate,5,2222.15,1433.93,788.22
2022-10-06,Europe,France,Clothing,Shoes,Home Office,1,241.49,128.45,113.04
2024-06-25,Asia Pacific,China,Furniture,Chairs,Corporate,3,644.85,367.1,277.75
2024-05-14,Europe,United Kingdom,Furniture,Desks,Consumer,4,329.2,169.23,159.97
2023-07-19,Asia Pacific,India,Furniture,Desks,Consumer,3,551.19,367.51,183.68
2024-03-09,Latin America,Chile,Electronics,Phones,Home Office,3,806.91,600.07,206.84
2023-02-19,Europe,Spain,Furniture,Desks,Consumer,1,162.83,82.83,80.0
2022-08-21,Asia Pacific,South Korea,Clothing,Shoes,Home Office,1,291.94,225.03,66.91
2023-07-14,Asia Pacific,South Korea,Office Supplies,Labels,Consumer,3,86.82,56.03,30.79
2024-07-19,Latin America,Chile,Electronics,Audio,Consumer,2,920.46,460.98,459.48
2022-03-01,Asia Pacific,Japan,Office Supplies,Pens,Home Office,2,845.82,383.96,461.86
2024-08-05,Latin America,Colombia,Furniture,Chairs,Corporate,4,393.92,237.94,155.98
2023-07-26,Asia Pacific,Japan,Furniture,Desks,Consumer,4,1251.32,735.12,516.2
2023-06-12,Europe,Italy,Office Supplies,Binders,Home Office,2,182.78,124.98,57.8
2022-07-24,North America,Canada,Office Supplies,Binders,Corporate,1,37.26,27.73,9.53
2024-12-19,Latin America,Argentina,Electronics,Computers,Home Office,4,1319.56,540.97,778.59
2023-12-09,Latin America,Argentina,Furniture,Desks,Corporate,1,388.06,225.46,162.6
2022-10-28,Europe,Spain,Electronics,Computers,Home Office,5,1396.8,1075.86,320.94
2024-04-20,Europe,United Kingdom,Electronics,Accessories,Home Office,4,1819.28,999.77,819.51
2023-09-06,North America,Canada,Clothing,Outerwear,Home Office,5,1820.35,1343.17,477.18
2024-04-30,Europe,United Kingdom,Office Supplies,Pens,Consumer,5,274.6,219.59,55.01
2024-09-20,Europe,United Kingdom,Clothing,Shoes,Corporate,2,684.24,420.42,263.82
2023-06-27,Europe,Spain,Clothing,Pants,Corporate,2,472.0,283.41,188.59
2022-06-15,Asia Pacific,China,Clothing,Outerwear,Consumer,3,832.65,608.8,223.85
2024-01-28,Europe,United Kingdom,Clothing,Outerwear,Corporate,1,193.16,146.6,46.56
2023-06-24,Latin America,Chile,Furniture,Storage,Consumer,4,1304.4,847.9,456.5
2023-03-19,Europe,Italy,Office Supplies,Binders,Corporate,5,1303.2,820.47,482.73
2022-10-22,Europe,Italy,Electronics,Accessories,Consumer,1,278.83,127.48,151.35
2022-09-03,Asia Pacific,China,Furniture,Tables,Corporate,5,1760.8,1026.52,734.28
2023-05-23,Europe,Spain,Clothing,Pants,Corporate,5,1399.75,717.82,681.93
2023-07-15,North America,Mexico,Clothing,Shoes,Home Office,5,281.15,169.08,112.07
2022-10-16,Europe,United Kingdom,Electronics,Accessories,Home Office,4,1562.64,873.47,689.17
2023-07-30,Latin America,Chile,Furniture,Tables,Corporate,4,783.4,475.83,307.57
2022-12-07,Europe,Germany,Clothing,Shirts,Corporate,5,2269.15,1360.71,908.44
2024-09-21,Europe,United Kingdom,Office Supplies,Pens,Home Office,5,817.3,346.67,470.63
2024-06-15,North America,Mexico,Furniture,Tables,Corporate,5,268.75,113.25,155.5
2023-06-15,Latin America,Argentina,Clothing,Pants,Consumer,1,53.02,41.05,11.97
2023-09-05,Latin America,Brazil,Furniture,Chairs,Corporate,5,2124.05,1581.58,542.47
2022-12-26,Europe,Italy,Clothing,Shoes,Consumer,1,335.17,168.95,166.22
2022-09-05,Asia Pacific,South Korea,Furniture,Desks,Home Office,3,1028.49,459.98,568.51
2023-11-10,North America,United States,Electronics,Computers,Home Office,2,110.3,71.95,38.35
2022-12-07,North America,Mexico,Electronics,Accessories,Consumer,2,324.26,209.0,115.26
2022-05-07,North America,Mexico,Office Supplies,Pens,Corporate,5,1212.75,594.06,618.69
2024-12-02,North America,Canada,Office Supplies,Labels,Consumer,4,1767.0,1074.12,692.88
2022-07-31,Latin America,Chile,Office Supplies,Binders,Corporate,2,198.7,99.4,99.3
2023-12-10,Asia Pacific,China,Office Supplies,Pens,Corporate,1,205.88,117.11,88.77
2022-07-25,Asia Pacific,Australia,Electronics,Audio,Home Office,2,114.52,78.02,36.5
2023-01-08,Latin America,Argentina,Furniture,Tables,Consumer,3,1128.12,637.21,490.91
2022-08-08,Asia Pacific,Australia,Clothing,Shirts,Home Office,4,411.68,239.2,172.48
2023-05-14,North America,Mexico,Clothing,Shoes,Home Office,4,914.4,604.88,309.52
2022-01-11,North America,United States,Office Supplies,Labels,Home Office,4,1824.96,1157.63,667.33
2024-01-19,Europe,France,Clothing,Shirts,Corporate,1,81.42,61.97,19.45
2022-04-20,Asia Pacific,India,Clothing,Outerwear,Home Office,2,880.92,622.59,258.33
2023-12-12,Latin America,Argentina,Furniture,Storage,Corporate,1,270.94,128.7,142.24
2024-11-22,North America,Mexico,Office Supplies,Pens,Corporate,1,39.48,20.32,19.16
2023-10-12,Europe,Spain,Electronics,Accessories,Home Office,1,438.89,180.15,258.74
2024-07-20,Asia Pacific,China,Clothing,Shoes,Corporate,2,177.72,76.35,101.37
2024-11-03,North America,Canada,Clothing,Shoes,Corporate,3,1280.82,548.32,732.5
2023-02-14,North America,Mexico,Electronics,Accessories,Consumer,4,1024.52,800.17,224.35
2022-09-14,Latin America,Argentina,Furniture,Desks,Consumer,5,2148.15,940.6,1207.55
2023-05-03,Asia Pacific,Australia,Clothing,Outerwear,Corporate,2,476.06,295.16,180.9
2022-08-19,Asia Pacific,China,Office Supplies,Labels,Corporate,2,811.18,543.33,267.85
2024-11-09,North America,United States,Clothing,Shoes,Consumer,5,759.05,324.78,434.27
2024-05-22,Latin America,Colombia,Electronics,Accessories,Corporate,1,264.29,133.5,130.79
2024-05-10,North America,Canada,Electronics,Computers,Home Office,2,440.62,211.51,229.11
2022-10-25,Europe,Italy,Electronics,Computers,Home Office,4,1217.84,735.88,481.96
2022-05-30,Europe,France,Clothing,Pants,Home Office,1,470.0,269.59,200.41
2023-05-16,Latin America,Colombia,Clothing,Outerwear,Consumer,5,1106.2,535.31,570.89
2024-03-05,Latin America,Brazil,Furniture,Tables,Corporate,3,942.6,601.56,341.04
2023-09-01,Europe,Italy,Furniture,Desks,Home Office,3,1233.54,662.55,570.99
2023-03-26,North America,Mexico,Furniture,Tables,Corporate,1,453.41,234.51,218.9
2024-09-30,North America,Canada,Electronics,Phones,Home Office,5,1707.85,1035.79,672.06
2023-01-12,Latin America,Brazil,Furniture,Tables,Home Office,2,310.72,187.14,123.58
2022-05-12,Europe,Spain,Electronics,Audio,Consumer,4,564.72,309.28,255.44
2024-03-20,Latin America,Argentina,Office Supplies,Paper,Home Office,1,289.81,131.03,158.78
2023-11-11,Asia Pacific,South Korea,Furniture,Desks,Corporate,3,901.5,686.49,215.01
2024-07-14,Europe,Germany,Clothing,Shirts,Consumer,5,419.55,277.42,142.13
2024-08-06,Asia Pacific,South Korea,Office Supplies,Labels,Home Office,4,442.88,261.22,181.66
2022-05-27,Europe,France,Electronics,Accessories,Consumer,5,1166.65,518.38,648.27
2023-10-04,North America,Mexico,Electronics,Accessories,Consumer,2,806.22,643.94,162.28
2024-03-20,North America,United States,Office Supplies,Pens,Corporate,2,560.04,247.06,312.98
2023-07-18,Asia Pacific,Japan,Office Supplies,Binders,Corporate,3,268.5,175.39,93.11
2024-08-09,Europe,France,Office Supplies,Labels,Corporate,2,796.02,584.69,211.33
2024-07-05,Europe,United Kingdom,Electronics,Audio,Home Office,2,996.04,642.21,353.83
2023-02-12,Latin America,Argentina,Office Supplies,Labels,Home Office,4,1943.8,1027.65,916.15
2024-02-17,Latin America,Brazil,Electronics,Phones,Corporate,3,525.03,406.31,118.72
2024-03-27,Asia Pacific,China,Electronics,Audio,Consumer,2,337.48,184.93,152.55
2022-07-30,North America,Mexico,Electronics,Accessories,Corporate,1,184.19,136.21,47.98
2024-09-17,Latin America,Argentina,Electronics,Computers,Corporate,1,29.67,21.3,8.37
2023-03-14,North America,United States,Clothing,Pants,Home Office,5,1526.4,753.41,772.99
2024-12-20,Europe,Germany,Clothing,Shirts,Consumer,5,1714.25,1183.08,531.17
2024-10-19,Latin America,Argentina,Electronics,Phones,Corporate,2,676.44,456.77,219.67
2022-08-14,Latin America,Chile,Electronics,Accessories,Home Office,1,25.29,18.46,6.83
2023-01-13,North America,Canada,Furniture,Storage,Corporate,1,19.99,9.66,10.33
2024-11-07,Latin America,Brazil,Clothing,Shirts,Consumer,1,35.78,24.72,11.06
2023-11-02,Asia Pacific,China,Electronics,Accessories,Home Office,5,78.95,63.01,15.94
2023-10-28,Europe,Italy,Office Supplies,Pens,Consumer,2,368.18,245.04,123.14
2023-02-18,Europe,France,Furniture,Tables,Consumer,1,462.09,310.0,152.09
2023-02-12,North America,United States,Office Supplies,Pens,Consumer,1,116.84,76.13,40.71
2023-05-05,Europe,Germany,Clothing,Shoes,Home Office,5,85.95,43.16,42.79
2024-09-17,Asia Pacific,Australia,Clothing,Pants,Consumer,5,1600.55,968.98,631.57
2022-09-05,North America,Mexico,Clothing,Shirts,Home Office,5,1245.65,909.28,336.37
2024-09-11,Asia Pacific,Australia,Furniture,Tables,Corporate,2,734.54,396.84,337.7
2024-07-31,Asia Pacific,Japan,Clothing,Shirts,Consumer,1,258.65,201.65,57.0
2022-04-04,Europe,Germany,Clothing,Shirts,Consumer,4,456.64,311.52,145.12
2023-10-31,North America,Canada,Electronics,Audio,Consumer,2,258.46,177.98,80.48
2024-02-06,North America,United States,Clothing,Pants,Home Office,4,1130.48,858.43,272.05
2023-08-13,Asia Pacific,India,Furniture,Desks,Consumer,3,1334.97,662.75,672.22
2023-05-17,Asia Pacific,Japan,Clothing,Shirts,Consumer,4,1677.8,796.32,881.48
2022-09-20,Latin America,Argentina,Clothing,Pants,Home Office,5,1186.75,536.44,650.31
2023-09-12,North America,United States,Clothing,Outerwear,Consumer,1,11.81,5.6,6.21
2023-05-01,Asia Pacific,China,Clothing,Outerwear,Corporate,4,1713.52,1067.59,645.93
2024-01-04,Latin America,Chile,Office Supplies,Paper,Corporate,1,113.34,85.64,27.7
2023-04-01,Europe,Italy,Furniture,Storage,Corporate,2,725.7,321.44,404.26
2023-08-22,Europe,Germany,Furniture,Chairs,Consumer,2,769.88,580.19,189.69
2022-04-14,Asia Pacific,Japan,Office Supplies,Labels,Consumer,2,48.3,21.81,26.49
2023-02-12,North America,Mexico,Office Supplies,Labels,Home Office,2,45.86,18.78,27.08
2024-07-16,Asia Pacific,Japan,Electronics,Phones,Home Office,2,339.08,188.91,150.17
2023-03-10,North America,Mexico,Clothing,Shirts,Corporate,2,238.36,156.15,82.21
2022-08-28,Asia Pacific,Japan,Clothing,Outerwear,Corporate,2,503.58,250.9,252.68
2023-12-19,Europe,France,Clothing,Pants,Corporate,4,503.04,208.25,294.79
2024-09-30,Latin America,Argentina,Furniture,Storage,Consumer,4,1327.48,853.42,474.06
2024-03-01,Latin America,Chile,Electronics,Computers,Home Office,1,144.39,108.18,36.21
2023-04-19,Latin America,Chile,Clothing,Outerwear,Consumer,3,394.86,289.99,104.87
2022-03-01,North America,United States,Clothing,Outerwear,Consumer,5,951.45,650.91,300.54
2023-02-18,Latin America,Brazil,Office Supplies,Pens,Home Office,3,47.49,29.19,18.3
2024-12-27,Asia Pacific,India,Furniture,Chairs,Consumer,5,1955.9,898.6,1057.3
2022-11-08,North America,United States,Office Supplies,Paper,Corporate,3,1401.99,1059.6,342.39
2024-01-07,North America,Canada,Office Supplies,Labels,Corporate,5,2299.45,1680.83,618.62
2023-01-21,Europe,United Kingdom,Clothing,Shirts,Consumer,5,949.4,395.28,554.12
2024-11-24,Asia Pacific,Japan,Furniture,Storage,Home Office,3,42.9,29.75,13.15
2022-05-22,Latin America,Brazil,Clothing,Shirts,Consumer,3,952.89,458.93,493.96
2024-02-26,Europe,Germany,Office Supplies,Binders,Corporate,2,957.22,510.6,446.62
2024-04-22,North America,Canada,Clothing,Shoes,Consumer,2,351.26,188.88,162.38
2022-06-22,Latin America,Argentina,Clothing,Outerwear,Home Office,5,776.5,598.89,177.61
2023-01-16,Latin America,Brazil,Office Supplies,Binders,Corporate,4,233.32,114.21,119.11
2023-04-09,Latin America,Brazil,Clothing,Outerwear,Corporate,4,1478.24,592.9,885.34
2024-09-29,Asia Pacific,China,Electronics,Computers,Corporate,1,85.21,51.37,33.84
2022-04-22,North America,Mexico,Clothing,Shirts,Consumer,1,220.19,114.17,106.02
2022-04-19,Europe,Germany,Furniture,Storage,Home Office,5,1022.4,663.06,359.34
2024-11-10,North America,United States,Electronics,Audio,Home Office,3,825.36,529.58,295.78
2024-03-04,Asia Pacific,Australia,Electronics,Phones,Consumer,3,1493.1,701.46,791.64
2022-10-23,Latin America,Brazil,Clothing,Shirts,Consumer,5,493.95,341.99,151.96
2024-08-28,Europe,Italy,Office Supplies,Pens,Home Office,1,283.61,162.29,121.32
2024-11-25,Europe,Germany,Clothing,Shoes,Corporate,4,1450.08,818.97,631.11
2024-01-30,Asia Pacific,South Korea,Clothing,Pants,Corporate,5,1207.2,792.68,414.52
2024-12-20,Asia Pacific,Australia,Clothing,Shirts,Consumer,5,1569.95,930.31,639.64
2022-09-26,Asia Pacific,South Korea,Electronics,Accessories,Consumer,4,430.08,254.32,175.76
2024-07-22,Asia Pacific,India,Furniture,Desks,Corporate,2,180.8,100.19,80.61
2024-11-28,North America,United States,Clothing,Shirts,Corporate,5,594.4,311.12,283.28
2024-09-16,Latin America,Argentina,Electronics,Computers,Home Office,5,428.85,313.43,115.42
2022-03-01,Latin America,Chile,Office Supplies,Labels,Consumer,3,160.98,80.23,80.75
2022-10-20,Asia Pacific,Australia,Electronics,Computers,Consumer,1,149.93,100.94,48.99
2023-07-07,Europe,United Kingdom,Office Supplies,Pens,Corporate,3,1437.6,771.62,665.98
2022-08-29,Asia Pacific,Japan,Office Supplies,Pens,Home Office,2,358.4,151.47,206.93
2024-02-22,Europe,United Kingdom,Office Supplies,Paper,Consumer,2,266.16,189.07,77.09
2024-01-07,Asia Pacific,South Korea,Furniture,Tables,Corporate,5,744.25,451.66,292.59
2023-12-24,Europe,Spain,Electronics,Accessories,Consumer,4,985.48,680.91,304.57
2022-06-02,Asia Pacific,South Korea,Clothing,Shoes,Corporate,2,247.04,197.43,49.61
2022-08-07,Latin America,Brazil,Furniture,Tables,Corporate,2,198.54,101.86,96.68
2024-07-30,Latin America,Argentina,Electronics,Phones,Corporate,1,27.65,12.86,14.79
2023-10-06,Latin America,Brazil,Electronics,Phones,Consumer,4,1706.52,1011.21,695.31
2022-03-19,Asia Pacific,China,Furniture,Desks,Consumer,5,714.1,569.09,145.01
2023-12-21,Europe,United Kingdom,Electronics,Accessories,Consumer,4,1969.4,1429.47,539.93
2023-01-10,Asia Pacific,India,Electronics,Audio,Corporate,2,434.3,268.03,166.27
2024-03-27,Asia Pacific,India,Office Supplies,Paper,Corporate,3,582.24,323.06,259.18
2024-04-29,Europe,Italy,Office Supplies,Pens,Corporate,4,1647.4,1057.45,589.95
2022-05-18,Latin America,Brazil,Electronics,Computers,Home Office,4,497.48,352.27,145.21
2023-01-27,North America,United States,Furniture,Chairs,Consumer,2,693.06,412.8,280.26
2022-04-17,Latin America,Chile,Office Supplies,Binders,Corporate,5,1983.75,956.02,1027.73
2022-02-10,Asia Pacific,South Korea,Clothing,Shirts,Consumer,2,59.16,28.63,30.53
2024-08-30,North America,Canada,Electronics,Audio,Home Office,1,88.81,51.97,36.84
2024-06-18,North America,Canada,Office Supplies,Binders,Consumer,5,563.95,232.3,331.65
2023-10-18,Latin America,Colombia,Clothing,Shirts,Corporate,1,197.77,137.72,60.05
2024-03-13,North America,United States,Office Supplies,Binders,Consumer,5,1064.75,573.96,490.79
2024-09-27,Asia Pacific,China,Office Supplies,Paper,Corporate,3,420.33,216.9,203.43
2022-06-03,Europe,Italy,Furniture,Storage,Home Office,2,724.38,514.53,209.85
2023-12-21,Asia Pacific,Japan,Clothing,Pants,Corporate,2,260.42,183.94,76.48
2024-02-25,North America,Canada,Clothing,Shirts,Corporate,2,543.6,236.24,307.36
2022-04-19,North America,Canada,Furniture,Chairs,Consumer,3,1416.48,924.86,491.62
2023-12-22,North America,Canada,Clothing,Shirts,Corporate,1,338.86,205.3,133.56
2024-11-02,Latin America,Brazil,Clothing,Shirts,Corporate,2,994.42,487.41,507.01
2022-10-27,North America,United States,Furniture,Chairs,Consumer,5,313.6,160.42,153.18
2024-12-12,Europe,United Kingdom,Clothing,Outerwear,Consumer,5,2422.8,1901.48,521.32
2024-11-13,Asia Pacific,India,Furniture,Tables,Home Office,4,1837.24,923.81,913.43
2024-03-11,North America,Mexico,Clothing,Shirts,Consumer,5,1097.05,535.76,561.29
2023-04-25,Europe,Germany,Furniture,Tables,Consumer,2,386.52,225.47,161.05
2023-10-30,Latin America,Argentina,Clothing,Shirts,Corporate,5,373.55,244.72,128.83
2022-02-27,North America,Mexico,Clothing,Pants,Consumer,4,1248.8,679.32,569.48
2024-06-22,Latin America,Colombia,Clothing,Shoes,Home Office,5,1205.3,573.58,631.72
2022-01-21,Asia Pacific,South Korea,Furniture,Desks,Consumer,1,458.94,255.5,203.44
2024-05-20,Europe,Germany,Office Supplies,Labels,Home Office,5,1375.05,756.8,618.25
2024-06-18,Asia Pacific,South Korea,Furniture,Desks,Corporate,1,221.45,94.39,127.06
2024-10-09,Asia Pacific,China,Electronics,Computers,Home Office,1,407.79,306.89,100.9
2022-04-25,Asia Pacific,Japan,Electronics,Phones,Corporate,2,88.72,69.7,19.02
2022-01-13,North America,Canada,Furniture,Storage,Home Office,2,316.44,195.16,121.28
2023-08-24,Europe,France,Office Supplies,Labels,Consumer,3,1375.77,1052.48,323.29
2024-06-23,Asia Pacific,Japan,Clothing,Shoes,Consumer,1,389.29,271.64,117.65
2023-02-10,Europe,France,Clothing,Shirts,Home Office,4,1208.92,820.25,388.67
2023-04-19,Asia Pacific,Japan,Office Supplies,Labels,Home Office,2,761.6,434.89,326.71
2023-06-18,Europe,France,Electronics,Audio,Home Office,1,43.79,33.82,9.97
2023-10-03,North America,Mexico,Office Supplies,Pens,Home Office,2,293.84,233.09,60.75
2024-01-12,Latin America,Chile,Furniture,Storage,Home Office,2,328.64,178.11,150.53
2022-06-04,Europe,Germany,Clothing,Outerwear,Consumer,5,1921.85,939.5,982.35
2024-10-23,Europe,United Kingdom,Electronics,Accessories,Consumer,5,985.45,706.5,278.95
2022-10-05,North America,Mexico,Electronics,Phones,Home Office,4,479.16,306.0,173.16
2022-06-06,Europe,Germany,Office Supplies,Labels,Consumer,3,451.95,335.4,116.55
2023-06-16,Europe,Germany,Office Supplies,Pens,Consumer,2,882.94,570.19,312.75
2024-10-29,Asia Pacific,Australia,Clothing,Pants,Home Office,2,613.44,311.03,302.41
2024-03-27,North America,Mexico,Office Supplies,Binders,Consumer,2,983.46,548.09,435.37
2024-02-07,North America,Canada,Furniture,Storage,Consumer,5,2055.25,1600.7,454.55
2023-10-15,Latin America,Brazil,Clothing,Pants,Consumer,4,160.68,92.25,68.43
2024-09-22,Europe,Spain,Furniture,Desks,Consumer,1,57.14,43.3,13.84
2023-01-11,Latin America,Colombia,Furniture,Desks,Corporate,5,1991.55,870.72,1120.83
2024-12-24,Asia Pacific,Australia,Clothing,Shirts,Corporate,2,582.96,359.73,223.23
2023-08-05,Asia Pacific,China,Electronics,Phones,Consumer,3,1212.96,935.89,277.07
2024-07-24,Europe,France,Clothing,Pants,Consumer,2,41.78,19.33,22.45
2022-03-05,Europe,Spain,Furniture,Storage,Corporate,1,430.13,234.93,195.2
2023-04-22,Europe,France,Electronics,Phones,Corporate,3,1459.38,1072.45,386.93
2024-07-31,Asia Pacific,China,Clothing,Shirts,Home Office,2,214.02,91.52,122.5
2024-02-19,Asia Pacific,South Korea,Office Supplies,Paper,Consumer,2,715.84,485.47,230.37
2022-05-23,Asia Pacific,India,Office Supplies,Binders,Home Office,1,286.3,202.25,84.05
2023-02-26,Europe,Germany,Electronics,Accessories,Consumer,3,280.77,147.85,132.92
2022-03-02,North America,Mexico,Electronics,Accessories,Corporate,5,2315.25,1585.69,729.56
2023-10-05,North America,Canada,Clothing,Shirts,Consumer,4,399.56,211.36,188.2
2022-04-01,North America,Canada,Clothing,Outerwear,Home Office,1,237.78,121.92,115.86
2022-03-18,Europe,Germany,Furniture,Desks,Consumer,3,972.66,577.68,394.98
2024-08-08,North America,Canada,Clothing,Shirts,Home Office,3,754.74,416.67,338.07
2023-10-20,Europe,Spain,Furniture,Tables,Consumer,1,88.21,65.13,23.08
2024-10-28,Europe,Germany,Electronics,Accessories,Consumer,1,221.6,102.46,119.14
2023-08-20,Asia Pacific,Australia,Office Supplies,Paper,Corporate,5,2359.0,1021.33,1337.67
2024-09-27,North America,United States,Office Supplies,Paper,Home Office,3,920.34,559.89,360.45
2023-04-06,North America,Canada,Electronics,Computers,Home Office,4,1286.8,639.31,647.49
2023-05-15,North America,Mexico,Electronics,Accessories,Corporate,3,493.08,252.66,240.42
2022-02-18,Latin America,Argentina,Electronics,Audio,Consumer,4,1242.2,745.55,496.65
2024-03-19,North America,Canada,Furniture,Storage,Consumer,5,515.55,337.46,178.09
2023-03-26,North America,United States,Electronics,Accessories,Home Office,2,802.06,325.11,476.95
2023-03-16,Asia Pacific,Australia,Furniture,Chairs,Consumer,3,872.22,528.38,343.84
2024-07-04,Asia Pacific,Japan,Furniture,Tables,Corporate,4,208.2,85.97,122.23
2022-11-15,North America,United States,Clothing,Pants,Consumer,3,1197.69,499.7,697.99
2022-09-20,Asia Pacific,Australia,Electronics,Computers,Consumer,5,1901.85,1207.11,694.74
2024-03-14,Europe,Italy,Office Supplies,Pens,Home Office,4,609.88,393.44,216.44
2024-10-03,North America,Canada,Electronics,Computers,Corporate,3,585.45,251.1,334.35
2024-01-06,Asia Pacific,Japan,Clothing,Outerwear,Consumer,1,205.71,158.28,47.43
2024-01-01,Latin America,Chile,Office Supplies,Paper,Home Office,5,1837.45,919.37,918.08
2023-06-26,North America,Canada,Office Supplies,Binders,Home Office,4,1071.2,784.69,286.51
2022-10-28,Asia Pacific,China,Clothing,Shoes,Corporate,1,464.63,308.47,156.16
2024-12-17,Latin America,Brazil,Electronics,Accessories,Corporate,5,1943.7,1208.45,735.25
2022-01-26,North America,Canada,Electronics,Phones,Consumer,1,457.61,204.07,253.54
2024-01-28,Latin America,Colombia,Clothing,Outerwear,Consumer,1,492.2,277.78,214.42
2024-01-23,Europe,France,Office Supplies,Binders,Corporate,1,230.79,183.09,47.7
2023-09-20,Latin America,Brazil,Office Supplies,Binders,Home Office,2,630.28,399.57,230.71
2024-10-02,Asia Pacific,China,Office Supplies,Pens,Corporate,5,101.55,70.83,30.72
2022-10-25,Europe,United Kingdom,Furniture,Chairs,Consumer,4,1496.92,1076.64,420.28
2022-01-25,North America,United States,Office Supplies,Binders,Consumer,2,193.34,87.47,105.87
2022-08-12,Asia Pacific,Japan,Electronics,Audio,Consumer,4,1193.08,820.14,372.94
2023-11-03,Europe,Italy,Office Supplies,Pens,Consumer,4,178.72,107.99,70.73
2024-04-20,Latin America,Brazil,Electronics,Computers,Home Office,3,191.82,97.39,94.43
2022-04-15,Europe,Germany,Furniture,Chairs,Consumer,5,528.05,291.77,236.28
2022-03-14,Asia Pacific,India,Furniture,Chairs,Home Office,4,434.92,186.33,248.59
2024-04-25,Latin America,Colombia,Furniture,Tables,Home Office,4,743.44,336.81,406.63
2023-04-25,North America,United States,Clothing,Shirts,Home Office,1,102.57,81.14,21.43
2023-03-17,Latin America,Chile,Furniture,Desks,Consumer,3,41.25,22.35,18.9
2024-10-06,Asia Pacific,Australia,Electronics,Audio,Home Office,4,1258.84,616.8,642.04
2022-11-17,Europe,Italy,Electronics,Phones,Consumer,5,2196.05,884.43,1311.62
2022-05-20,North America,Canada,Clothing,Shirts,Consumer,5,2116.3,1291.81,824.49
2024-09-25,Latin America,Brazil,Clothing,Outerwear,Corporate,4,1056.76,826.2,230.56
2024-06-15,Latin America,Colombia,Electronics,Computers,Consumer,4,998.96,693.75,305.21
2023-08-03,Asia Pacific,Australia,Electronics,Audio,Corporate,3,691.11,335.7,355.41
2024-09-12,Asia Pacific,South Korea,Furniture,Storage,Home Office,1,115.67,89.08,26.59
2022-08-27,North America,United States,Furniture,Storage,Corporate,5,718.25,366.21,352.04
2024-07-05,Europe,France,Furniture,Desks,Corporate,1,403.11,178.67,224.44
2023-09-16,North America,United States,Electronics,Phones,Corporate,4,1848.24,1014.04,834.2
2024-10-17,Asia Pacific,China,Office Supplies,Binders,Corporate,3,501.81,360.16,141.65
2022-05-18,Europe,Italy,Electronics,Computers,Home Office,2,433.86,190.76,243.1
2023-06-07,Latin America,Argentina,Furniture,Desks,Consumer,2,460.5,350.48,110.02
2022-03-10,Asia Pacific,China,Electronics,Computers,Home Office,5,2167.2,1663.22,503.98
2022-06-20,Europe,Germany,Furniture,Desks,Home Office,4,233.72,145.19,88.53
2022-11-06,Asia Pacific,China,Electronics,Accessories,Home Office,3,1396.74,646.61,750.13
2022-09-03,Asia Pacific,South Korea,Furniture,Chairs,Home Office,2,187.9,111.43,76.47
2024-10-02,North America,United States,Office Supplies,Paper,Home Office,4,1714.2,1185.76,528.44
2022-07-11,Asia Pacific,South Korea,Office Supplies,Binders,Consumer,4,324.52,230.35,94.17
2023-07-01,North America,Mexico,Clothing,Pants,Consumer,4,1460.6,1095.15,365.45
2023-10-06,Europe,Italy,Clothing,Shoes,Corporate,2,819.86,494.68,325.18
2024-03-10,Asia Pacific,China,Furniture,Desks,Consumer,4,1393.04,927.99,465.05
2023-12-23,Latin America,Argentina,Clothing,Outerwear,Consumer,5,172.5,113.42,59.08
2023-04-05,North America,Canada,Electronics,Phones,Consumer,5,250.95,190.74,60.21
2022-07-27,Latin America,Brazil,Office Supplies,Paper,Corporate,4,1106.52,733.87,372.65
2024-08-19,Europe,Spain,Office Supplies,Paper,Corporate,2,135.66,91.54,44.12
2022-01-08,Europe,United Kingdom,Clothing,Pants,Home Office,4,1545.32,652.85,892.47
2022-06-13,Latin America,Argentina,Electronics,Accessories,Consumer,5,823.05,640.44,182.61
2022-04-17,Latin America,Colombia,Electronics,Accessories,Home Office,4,891.16,666.12,225.04
2023-06-09,North America,Mexico,Clothing,Shoes,Consumer,4,562.32,301.02,261.3
2024-12-08,Asia Pacific,Australia,Office Supplies,Pens,Corporate,3,115.62,58.85,56.77
2024-11-04,Latin America,Chile,Office Supplies,Pens,Home Office,4,1135.64,903.69,231.95
2023-08-23,Asia Pacific,China,Furniture,Desks,Corporate,2,503.6,285.14,218.46
2024-06-29,Europe,United Kingdom,Office Supplies,Binders,Consumer,3,1261.8,551.07,710.73
2024-08-12,Europe,Germany,Electronics,Phones,Consumer,4,1906.4,1488.89,417.51
2024-04-24,Asia Pacific,China,Clothing,Pants,Corporate,3,1447.26,884.15,563.11
2023-11-30,Latin America,Colombia,Clothing,Shirts,Consumer,3,569.88,449.26,120.62
2024-10-30,Europe,Spain,Furniture,Storage,Consumer,3,298.68,162.43,136.25
2023-01-14,Latin America,Brazil,Electronics,Audio,Consumer,3,150.66,72.9,77.76
2023-01-08,Latin America,Argentina,Office Supplies,Labels,Consumer,5,500.55,213.27,287.28
2023-06-11,North America,Mexico,Office Supplies,Labels,Corporate,2,424.62,228.78,195.84
2023-10-01,Latin America,Brazil,Furniture,Chairs,Home Office,4,1880.44,1107.36,773.08
2024-07-20,Europe,Germany,Furniture,Chairs,Consumer,4,226.52,169.01,57.51
2023-04-03,Latin America,Chile,Furniture,Desks,Corporate,5,74.0,55.2,18.8
2023-02-02,Europe,France,Furniture,Tables,Corporate,5,1593.45,1071.82,521.63
2024-06-06,Europe,Italy,Furniture,Storage,Corporate,1,230.69,146.09,84.6
2022-05-25,Latin America,Brazil,Office Supplies,Binders,Corporate,4,239.76,171.84,67.92
2024-05-27,North America,Mexico,Office Supplies,Labels,Home Office,3,1369.56,611.61,757.95
2022-01-14,Asia Pacific,Japan,Office Supplies,Pens,Corporate,5,686.45,377.35,309.1
2023-03-05,Europe,Germany,Office Supplies,Labels,Consumer,4,1854.12,1147.32,706.8
2024-01-08,Europe,Italy,Office Supplies,Binders,Consumer,5,1851.6,940.71,910.89
2024-07-15,Latin America,Argentina,Clothing,Shoes,Consumer,5,109.5,82.0,27.5
2024-10-15,Latin America,Brazil,Office Supplies,Paper,Consumer,3,1197.15,920.86,276.29
2022-04-18,Latin America,Brazil,Clothing,Pants,Corporate,1,259.39,204.87,54.52
2023-11-22,Latin America,Chile,Furniture,Storage,Corporate,2,913.52,508.11,405.41
2022-12-04,North America,Mexico,Electronics,Phones,Home Office,5,173.45,81.1,92.35
2023-10-30,Asia Pacific,South Korea,Office Supplies,Pens,Consumer,1,328.8,146.32,182.48
2024-01-17,Asia Pacific,India,Furniture,Tables,Consumer,5,312.85,240.16,72.69
2024-08-26,Asia Pacific,Japan,Clothing,Shoes,Home Office,1,59.62,34.99,24.63
2024-02-08,North America,Mexico,Office Supplies,Pens,Consumer,4,160.44,72.1,88.34
2023-04-29,Latin America,Argentina,Clothing,Outerwear,Consumer,3,971.46,739.26,232.2
2023-03-20,Latin America,Chile,Clothing,Pants,Home Office,4,1437.56,903.9,533.66
2023-12-08,Asia Pacific,Australia,Furniture,Chairs,Home Office,1,393.35,183.51,209.84
2024-08-29,North America,United States,Office Supplies,Binders,Consumer,3,1205.46,682.16,523.3
2022-04-30,Europe,United Kingdom,Clothing,Pants,Corporate,3,647.85,263.13,384.72
2024-09-26,Latin America,Chile,Electronics,Accessories,Corporate,5,908.7,502.33,406.37
2023-06-13,Europe,France,Office Supplies,Pens,Consumer,3,812.64,488.83,323.81
2023-10-16,Asia Pacific,India,Electronics,Phones,Consumer,2,952.18,634.28,317.9
2024-06-26,Latin America,Chile,Clothing,Outerwear,Consumer,1,356.95,213.84,143.11
2024-02-05,Asia Pacific,South Korea,Clothing,Pants,Home Office,4,557.76,407.05,150.71
2023-04-20,Asia Pacific,China,Furniture,Tables,Corporate,2,644.06,378.87,265.19
2023-05-09,Latin America,Chile,Furniture,Desks,Home Office,4,1044.84,617.52,427.32
2023-04-13,North America,Canada,Electronics,Computers,Home Office,3,588.3,419.37,168.93
2023-04-18,Europe,Germany,Clothing,Shoes,Corporate,1,194.39,94.68,99.71
2024-10-24,Asia Pacific,South Korea,Electronics,Phones,Corporate,2,777.2,357.13,420.07
2022-08-29,Europe,France,Clothing,Outerwear,Home Office,1,431.88,308.1,123.78
2023-01-03,Asia Pacific,India,Electronics,Accessories,Consumer,5,1308.55,851.04,457.51
2022-01-12,Asia Pacific,Australia,Office Supplies,Pens,Consumer,4,44.52,28.97,15.55
2023-05-27,Latin America,Brazil,Electronics,Accessories,Home Office,5,1873.3,1181.43,691.87
2023-03-16,Asia Pacific,China,Clothing,Shirts,Corporate,4,394.52,190.14,204.38
2024-11-12,Europe,United Kingdom,Clothing,Outerwear,Consumer,1,127.46,79.51,47.95
2024-05-31,Asia Pacific,India,Clothing,Shirts,Consumer,2,202.66,92.2,110.46
2023-06-15,North America,United States,Clothing,Pants,Home Office,2,567.98,299.71,268.27
2023-10-22,Asia Pacific,Japan,Electronics,Computers,Corporate,4,997.48,402.76,594.72
2022-01-09,Asia Pacific,China,Office Supplies,Pens,Corporate,5,297.35,152.8,144.55
2022-08-28,Asia Pacific,South Korea,Clothing,Pants,Corporate,1,439.89,248.49,191.4
2023-04-21,Asia Pacific,China,Office Supplies,Paper,Consumer,1,32.61,19.08,13.53
2023-04-23,Asia Pacific,Japan,Furniture,Desks,Home Office,1,258.8,126.99,131.81
2022-09-10,Latin America,Colombia,Electronics,Accessories,Consumer,5,2203.25,1247.18,956.07
2022-05-15,Latin America,Chile,Office Supplies,Paper,Corporate,3,1231.26,812.49,418.77
2023-05-20,Europe,France,Furniture,Chairs,Corporate,4,135.8,66.12,69.68
2022-12-11,Asia Pacific,India,Office Supplies,Labels,Home Office,4,1942.16,879.88,1062.28
2024-10-08,North America,Mexico,Office Supplies,Binders,Home Office,1,122.67,51.73,70.94
2023-12-21,Latin America,Colombia,Electronics,Accessories,Home Office,3,177.18,107.16,70.02
2024-05-06,Latin America,Argentina,Furniture,Desks,Home Office,2,579.64,403.02,176.62
2023-11-06,Latin America,Argentina,Electronics,Computers,Consumer,2,896.52,417.22,479.3
2022-05-07,Asia Pacific,South Korea,Electronics,Phones,Corporate,4,1076.64,469.0,607.64
2024-12-29,Europe,Germany,Electronics,Computers,Home Office,4,429.84,335.59,94.25
2023-08-15,Europe,Germany,Office Supplies,Pens,Home Office,3,922.62,549.01,373.61
2022-08-17,North America,Canada,Electronics,Accessories,Corporate,2,809.62,503.87,305.75
2023-11-12,North America,United States,Furniture,Chairs,Consumer,4,577.8,240.8,337.0
2023-07-02,North America,United States,Clothing,Shoes,Consumer,1,64.17,49.0,15.17
2022-02-11,Latin America,Brazil,Office Supplies,Pens,Home Office,5,245.8,128.21,117.59
2024-11-15,Europe,United Kingdom,Electronics,Computers,Consumer,4,327.44,256.77,70.67
2023-08-12,North America,Mexico,Office Supplies,Paper,Consumer,4,1568.84,1086.59,482.25
2022-06-11,Asia Pacific,China,Office Supplies,Labels,Home Office,3,597.18,436.26,160.92
2022-06-01,Europe,France,Furniture,Chairs,Corporate,2,836.68,535.84,300.84
2022-07-12,Asia Pacific,South Korea,Furniture,Tables,Home Office,5,1633.15,1162.12,471.03
2023-03-02,Asia Pacific,South Korea,Clothing,Pants,Corporate,4,1658.88,774.48,884.4
2024-05-28,Europe,France,Clothing,Shirts,Home Office,2,580.32,329.76,250.56
2022-12-07,Latin America,Colombia,Furniture,Chairs,Home Office,4,1414.96,948.25,466.71
2022-01-21,Europe,Spain,Office Supplies,Paper,Consumer,2,671.28,363.85,307.43
2023-08-12,North America,Canada,Office Supplies,Labels,Home Office,4,868.04,675.7,192.34
2024-10-04,Europe,Spain,Clothing,Outerwear,Consumer,2,586.54,466.0,120.54
2023-02-21,Latin America,Chile,Office Supplies,Labels,Corporate,3,189.48,120.25,69.23
2022-01-10,North America,United States,Office Supplies,Paper,Consumer,5,496.9,387.41,109.49
2023-05-03,North America,Mexico,Furniture,Tables,Home Office,5,598.55,313.49,285.06
2024-03-01,Asia Pacific,Australia,Office Supplies,Labels,Corporate,2,42.88,30.76,12.12
2022-04-02,Latin America,Colombia,Office Supplies,Paper,Home Office,3,1166.79,593.08,573.71
2024-03-12,Latin America,Chile,Office Supplies,Labels,Corporate,1,172.4,75.44,96.96
2022-11-08,Europe,United Kingdom,Electronics,Computers,Home Office,5,546.5,391.42,155.08
2022-09-17,Asia Pacific,Australia,Office Supplies,Binders,Consumer,4,647.8,426.25,221.55
2022-12-18,Europe,Italy,Electronics,Computers,Home Office,4,1937.28,1305.18,632.1
2023-07-03,North America,United States,Electronics,Phones,Consumer,3,667.08,531.47,135.61
2024-09-17,Latin America,Brazil,Furniture,Desks,Corporate,5,972.75,506.4,466.35
2022-11-10,North America,Canada,Clothing,Pants,Home Office,5,1109.5,659.77,449.73
2024-07-18,Europe,France,Office Supplies,Labels,Consumer,3,726.33,327.88,398.45
2023-02-13,North America,Canada,Furniture,Desks,Consumer,3,1041.69,607.38,434.31
2023-08-09,North America,Canada,Clothing,Outerwear,Home Office,1,497.61,206.14,291.47
2024-01-26,Asia Pacific,Australia,Clothing,Outerwear,Consumer,2,275.9,151.33,124.57
2023-04-27,Latin America,Chile,Electronics,Phones,Consumer,1,406.02,198.58,207.44
2024-11-27,Latin America,Brazil,Clothing,Shoes,Home Office,1,244.53,168.64,75.89
2023-04-26,Europe,Germany,Office Supplies,Paper,Home Office,1,395.53,272.15,123.38
2024-01-09,Latin America,Argentina,Furniture,Tables,Consumer,2,257.64,116.96,140.68
2022-03-17,North America,Canada,Office Supplies,Binders,Consumer,4,1261.36,871.59,389.77
2024-12-23,Europe,Germany,Electronics,Phones,Consumer,3,249.18,130.66,118.52
2023-01-21,North America,Mexico,Clothing,Shirts,Home Office,5,713.2,379.94,333.26
2024-09-17,Europe,Spain,Office Supplies,Labels,Consumer,1,75.56,58.53,17.03
2023-03-07,Asia Pacific,South Korea,Office Supplies,Labels,Home Office,4,195.84,109.2,86.64
2023-04-24,Europe,Italy,Electronics,Computers,Consumer,2,752.7,313.03,439.67
2024-12-05,Europe,Germany,Clothing,Outerwear,Consumer,2,975.64,560.79,414.85
2023-08-15,Latin America,Chile,Furniture,Storage,Consumer,5,1350.35,1058.31,292.04
2024-01-09,Latin America,Colombia,Office Supplies,Paper,Corporate,1,79.7,48.19,31.51
2023-06-18,Asia Pacific,South Korea,Furniture,Chairs,Home Office,3,202.02,87.63,114.39
2024-04-16,Europe,Italy,Clothing,Shirts,Home Office,5,116.4,62.86,53.54
2022-01-17,Europe,United Kingdom,Furniture,Tables,Corporate,2,382.66,203.58,179.08
2024-01-09,Europe,Italy,Clothing,Pants,Consumer,3,1229.73,499.68,730.05
2024-05-05,Asia Pacific,Japan,Electronics,Computers,Consumer,3,864.75,625.71,239.04
2024-04-29,Latin America,Brazil,Clothing,Shirts,Consumer,4,1424.08,582.2,841.88
2022-07-24,North America,Mexico,Furniture,Chairs,Consumer,2,178.98,142.51,36.47
2022-11-23,Europe,France,Office Supplies,Pens,Consumer,4,1452.68,731.83,720.85
2023-03-02,Latin America,Chile,Clothing,Shirts,Consumer,4,972.12,510.11,462.01
2022-07-24,Europe,United Kingdom,Clothing,Pants,Home Office,2,265.88,168.44,97.44
2024-02-23,Europe,Germany,Furniture,Desks,Consumer,3,1044.48,642.33,402.15
2023-06-22,Europe,Italy,Clothing,Shirts,Home Office,5,980.75,413.57,567.18
2024-07-28,Europe,Italy,Electronics,Phones,Corporate,1,183.07,75.49,107.58
2024-07-30,North America,Mexico,Electronics,Phones,Corporate,3,324.09,241.06,83.03
2024-12-27,Asia Pacific,China,Office Supplies,Pens,Home Office,2,80.72,52.21,28.51
2023-04-13,Asia Pacific,Japan,Office Supplies,Pens,Home Office,3,970.02,516.64,453.38
2022-06-13,Asia Pacific,Japan,Electronics,Phones,Home Office,4,555.52,339.36,216.16
2024-04-17,North America,Mexico,Office Supplies,Labels,Home Office,4,1596.4,1010.15,586.25
2023-01-14,Asia Pacific,India,Clothing,Outerwear,Home Office,2,950.3,729.71,220.59
2024-06-06,Europe,Italy,Clothing,Shirts,Consumer,2,716.22,394.55,321.67
2023-01-30,North America,United States,Office Supplies,Binders,Corporate,4,588.12,447.9,140.22
2022-12-12,Asia Pacific,South Korea,Office Supplies,Binders,Consumer,5,486.9,299.95,186.95
2024-11-19,Europe,Germany,Office Supplies,Binders,Consumer,2,387.96,277.93,110.03
2022-05-15,Latin America,Argentina,Clothing,Pants,Home Office,4,1730.52,770.05,960.47
2024-06-07,North America,Mexico,Clothing,Shoes,Consumer,2,987.5,626.52,360.98
2023-04-14,North America,Canada,Office Supplies,Paper,Consumer,2,289.56,122.73,166.83
2022-01-21,Europe,France,Electronics,Accessories,Corporate,1,335.77,217.17,118.6
2022-08-22,Europe,Spain,Clothing,Shoes,Home Office,2,529.36,274.77,254.59
2023-06-21,Latin America,Brazil,Office Supplies,Pens,Consumer,5,2365.65,1347.27,1018.38
2024-04-07,Asia Pacific,India,Clothing,Pants,Corporate,5,1731.0,864.99,866.01
2022-06-05,Europe,Germany,Clothing,Outerwear,Consumer,3,388.68,205.74,182.94
2023-02-10,North America,Mexico,Clothing,Shirts,Home Office,3,1136.19,736.66,399.53
2022-11-29,Europe,United Kingdom,Clothing,Pants,Home Office,3,1366.32,1019.84,346.48
2022-12-22,Europe,France,Electronics,Audio,Home Office,1,445.84,267.14,178.7
2023-02-12,Europe,France,Electronics,Accessories,Consumer,2,850.52,389.71,460.81
2022-09-30,Latin America,Chile,Office Supplies,Paper,Consumer,5,325.2,155.66,169.54
2022-10-06,Europe,Spain,Clothing,Shirts,Consumer,5,2395.0,1720.28,674.72
2022-07-31,Latin America,Chile,Electronics,Accessories,Corporate,2,907.86,549.05,358.81
2023-11-11,North America,United States,Clothing,Shoes,Home Office,2,857.7,520.4,337.3
2022-03-03,Asia Pacific,South Korea,Furniture,Chairs,Home Office,4,805.72,331.62,474.1
2023-08-30,Latin America,Argentina,Office Supplies,Paper,Corporate,4,495.92,347.04,148.88
2023-11-23,Europe,Spain,Clothing,Outerwear,Consumer,2,364.32,243.23,121.09
2023-06-12,North America,Mexico,Office Supplies,Pens,Consumer,2,652.06,438.02,214.04
2023-05-23,Europe,France,Electronics,Accessories,Home Office,5,1944.25,1449.57,494.68
2023-05-14,Europe,Italy,Electronics,Computers,Corporate,3,763.53,332.72,430.81
2022-12-27,Latin America,Brazil,Clothing,Shoes,Corporate,3,841.29,669.64,171.65
2024-04-12,Latin America,Colombia,Furniture,Desks,Home Office,5,923.9,486.35,437.55
2022-10-29,Latin America,Brazil,Electronics,Phones,Home Office,2,432.66,241.5,191.16
2023-04-09,Latin America,Brazil,Office Supplies,Binders,Corporate,3,632.01,337.95,294.06
2023-11-16,Asia Pacific,China,Office Supplies,Pens,Consumer,5,1074.25,847.64,226.61
2023-10-08,North America,Mexico,Office Supplies,Paper,Consumer,5,466.8,336.22,130.58
2024-11-20,North America,Canada,Electronics,Phones,Home Office,1,487.65,326.0,161.65
2022-02-20,Asia Pacific,China,Office Supplies,Binders,Home Office,2,675.1,297.52,377.58
2023-09-17,Asia Pacific,South Korea,Electronics,Phones,Consumer,4,1412.52,1078.69,333.83
2024-01-01,North America,Mexico,Clothing,Pants,Corporate,2,305.86,155.71,150.15
2023-10-15,Latin America,Chile,Furniture,Storage,Corporate,4,1132.12,765.44,366.68
2023-10-10,Asia Pacific,Australia,Clothing,Pants,Consumer,1,191.56,85.9,105.66
2022-06-25,Latin America,Brazil,Electronics,Computers,Corporate,5,789.3,500.38,288.92
2024-09-01,Latin America,Colombia,Clothing,Shirts,Home Office,2,66.68,42.12,24.56
2024-08-12,Latin America,Argentina,Clothing,Shoes,Corporate,3,1254.42,834.68,419.74
2024-06-25,Asia Pacific,Japan,Electronics,Computers,Corporate,4,911.4,398.16,513.24
2024-03-30,Europe,France,Furniture,Storage,Consumer,2,982.84,715.93,266.91
2024-03-25,Europe,Italy,Electronics,Accessories,Home Office,5,542.3,359.78,182.52
2024-08-14,Asia Pacific,South Korea,Furniture,Desks,Home Office,2,488.64,384.06,104.58
2023-03-20,North America,Canada,Clothing,Pants,Consumer,4,181.92,87.72,94.2
2024-12-09,Asia Pacific,India,Clothing,Outerwear,Corporate,1,227.55,114.7,112.85
2023-12-09,Europe,Italy,Furniture,Storage,Consumer,1,100.51,48.98,51.53
2024-04-15,Asia Pacific,India,Furniture,Storage,Consumer,4,1163.8,677.92,485.88
2022-11-15,North America,Canada,Office Supplies,Labels,Corporate,1,358.74,196.67,162.07
2022-02-03,Europe,Spain,Office Supplies,Paper,Consumer,4,40.12,21.9,18.22
2022-03-30,Asia Pacific,India,Clothing,Shirts,Consumer,2,490.02,341.94,148.08
2024-08-18,Europe,France,Clothing,Shoes,Home Office,3,667.77,307.59,360.18
2024-04-26,Asia Pacific,Japan,Electronics,Audio,Corporate,4,199.96,135.13,64.83
2023-06-04,North America,Canada,Clothing,Shoes,Corporate,3,802.47,519.84,282.63
2022-09-01,Asia Pacific,China,Clothing,Shirts,Consumer,5,78.8,40.48,38.32
2023-02-22,Asia Pacific,South Korea,Furniture,Storage,Home Office,1,10.92,6.19,4.73
2024-08-22,North America,Mexico,Clothing,Shoes,Consumer,2,905.18,610.43,294.75
2024-01-21,Europe,United Kingdom,Electronics,Accessories,Home Office,2,295.18,160.54,134.64
2024-09-09,Asia Pacific,Japan,Electronics,Computers,Home Office,1,130.42,102.09,28.33
2023-08-30,Europe,Italy,Electronics,Phones,Home Office,1,274.68,163.88,110.8
2023-12-22,Europe,Spain,Office Supplies,Paper,Consumer,4,74.92,57.79,17.13
2024-05-17,Latin America,Chile,Office Supplies,Labels,Consumer,5,1446.0,960.09,485.91
2023-06-12,Europe,United Kingdom,Clothing,Pants,Corporate,5,1360.1,817.18,542.92
2022-03-05,Europe,Italy,Furniture,Storage,Consumer,4,721.56,380.39,341.17
2022-11-14,North America,Canada,Furniture,Storage,Home Office,1,124.48,58.46,66.02
2023-12-24,North America,Canada,Clothing,Shirts,Corporate,1,305.16,209.31,95.85
2024-04-19,Latin America,Argentina,Furniture,Chairs,Home Office,3,1437.09,635.93,801.16
2024-01-22,North America,Canada,Electronics,Phones,Consumer,5,2431.4,1788.46,642.94
2023-12-08,North America,Canada,Clothing,Pants,Corporate,3,1496.85,838.06,658.79
2023-07-22,Asia Pacific,Australia,Clothing,Shoes,Consumer,1,218.56,137.02,81.54
2023-04-19,Asia Pacific,South Korea,Clothing,Shoes,Consumer,4,73.28,49.22,24.06
2022-08-11,Latin America,Colombia,Electronics,Accessories,Corporate,2,155.66,88.47,67.19
2022-06-21,Latin America,Argentina,Furniture,Storage,Corporate,1,153.46,95.36,58.1
2024-11-07,Asia Pacific,China,Electronics,Computers,Home Office,5,1447.05,587.76,859.29
2022-07-10,North America,United States,Electronics,Computers,Corporate,2,871.96,552.05,319.91
2022-03-22,North America,Mexico,Electronics,Phones,Corporate,2,576.1,293.16,282.94
2023-05-22,Asia Pacific,China,Furniture,Chairs,Corporate,1,231.79,136.75,95.04
2022-05-15,Latin America,Argentina,Clothing,Shirts,Consumer,3,492.18,329.99,162.19
2024-10-28,Europe,United Kingdom,Furniture,Storage,Corporate,4,1353.6,860.61,492.99
2023-03-01,Latin America,Chile,Furniture,Tables,Corporate,4,1003.8,799.64,204.16
2024-11-11,Europe,United Kingdom,Office Supplies,Pens,Consumer,3,502.23,302.98,199.25
2023-02-08,Europe,Germany,Electronics,Computers,Home Office,1,43.59,27.79,15.8
2024-02-26,Europe,Germany,Clothing,Shoes,Consumer,2,356.64,156.98,199.66
2023-08-13,Europe,Spain,Electronics,Audio,Corporate,3,600.51,381.08,219.43
2022-11-03,Europe,France,Office Supplies,Pens,Consumer,5,2339.8,1535.66,804.14
2023-06-11,Asia Pacific,Australia,Clothing,Shirts,Corporate,5,1337.55,714.74,622.81
2023-02-13,Asia Pacific,India,Electronics,Accessories,Home Office,5,193.15,143.58,49.57
2024-08-24,Latin America,Brazil,Electronics,Accessories,Home Office,4,758.92,315.61,443.31
2024-01-12,North America,United States,Furniture,Tables,Corporate,4,1458.84,1039.05,419.79
2023-09-04,North America,Canada,Clothing,Shirts,Corporate,2,99.74,79.45,20.29
2023-10-13,Asia Pacific,Japan,Office Supplies,Paper,Consumer,4,236.6,116.77,119.83
2023-06-19,Latin America,Argentina,Furniture,Chairs,Consumer,5,2189.55,1262.29,927.26
2024-01-31,Asia Pacific,South Korea,Electronics,Computers,Home Office,5,1704.55,783.39,921.16
2024-08-04,Latin America,Colombia,Electronics,Computers,Home Office,2,276.4,217.38,59.02
2024-12-11,Latin America,Argentina,Clothing,Outerwear,Corporate,1,363.44,162.69,200.75
2022-04-17,North America,Mexico,Clothing,Shirts,Corporate,1,126.19,100.01,26.18
2022-01-27,Latin America,Colombia,Electronics,Phones,Home Office,3,61.86,36.22,25.64
2024-07-14,North America,United States,Office Supplies,Labels,Consumer,1,257.91,143.96,113.95
2023-01-27,Latin America,Chile,Clothing,Outerwear,Corporate,2,153.04,120.62,32.42
2022-03-30,Latin America,Chile,Clothing,Shoes,Consumer,1,286.12,210.33,75.79
2023-05-13,Europe,France,Furniture,Chairs,Consumer,4,1033.8,518.86,514.94
2024-06-26,North America,Canada,Electronics,Computers,Corporate,4,681.08,300.59,380.49
2022-06-08,Asia Pacific,Australia,Electronics,Computers,Corporate,2,545.92,318.0,227.92
2024-04-08,Latin America,Argentina,Electronics,Phones,Consumer,1,237.9,131.85,106.05
2023-01-09,Latin America,Brazil,Furniture,Desks,Consumer,3,437.25,340.57,96.68
2024-11-17,Asia Pacific,India,Electronics,Phones,Consumer,5,2207.55,1146.39,1061.16
2022-09-07,North America,United States,Furniture,Tables,Corporate,3,338.85,213.36,125.49
2022-08-15,Latin America,Chile,Furniture,Tables,Consumer,4,749.52,474.46,275.06
2022-07-17,North America,Canada,Clothing,Shirts,Consumer,4,1674.2,966.85,707.35
2024-12-05,Asia Pacific,Japan,Clothing,Pants,Home Office,1,201.17,99.81,101.36
2024-02-22,Europe,France,Electronics,Accessories,Home Office,2,620.88,274.15,346.73
2022-05-19,North America,Mexico,Office Supplies,Pens,Corporate,1,274.0,197.17,76.83
2023-07-25,Europe,United Kingdom,Electronics,Computers,Consumer,5,2160.8,1496.55,664.25
2024-12-11,Europe,Italy,Electronics,Audio,Corporate,3,1324.11,777.61,546.5
2023-10-18,Asia Pacific,Japan,Furniture,Tables,Consumer,2,334.28,227.63,106.65
2023-08-24,Europe,Germany,Office Supplies,Binders,Home Office,2,744.92,352.64,392.28
2022-05-03,Latin America,Brazil,Electronics,Audio,Home Office,1,420.9,266.63,154.27
2023-07-07,North America,Mexico,Electronics,Accessories,Home Office,4,354.88,274.3,80.58
2023-03-15,Latin America,Argentina,Office Supplies,Paper,Home Office,1,237.39,143.67,93.72
2022-05-09,Asia Pacific,Japan,Office Supplies,Pens,Corporate,4,975.6,697.1,278.5
2023-08-08,North America,Canada,Office Supplies,Paper,Home Office,3,645.78,373.1,272.68
2024-01-23,Asia Pacific,India,Furniture,Desks,Home Office,1,69.01,40.98,28.03
2022-07-19,Asia Pacific,China,Furniture,Chairs,Consumer,4,410.44,169.99,240.45
2024-05-06,North America,United States,Furniture,Desks,Consumer,2,768.62,426.52,342.1
2022-08-16,Asia Pacific,India,Clothing,Shoes,Corporate,3,1390.86,668.46,722.4
2024-12-22,Asia Pacific,China,Clothing,Shirts,Home Office,3,707.4,381.49,325.91
2023-02-08,North America,United States,Furniture,Storage,Home Office,1,61.62,30.26,31.36
2022-01-12,North America,United States,Electronics,Computers,Corporate,5,627.7,277.74,349.96
2023-12-28,Europe,Germany,Electronics,Computers,Consumer,3,141.78,59.19,82.59
2022-01-01,Asia Pacific,China,Clothing,Shoes,Corporate,5,1980.05,1459.64,520.41
2023-12-02,Latin America,Brazil,Office Supplies,Paper,Consumer,5,1823.55,949.19,874.36
2023-12-19,Europe,Italy,Clothing,Shirts,Corporate,5,1502.05,1085.8,416.25
2024-09-17,Asia Pacific,Australia,Clothing,Shirts,Corporate,3,912.18,630.02,282.16
2022-12-21,Europe,France,Office Supplies,Labels,Corporate,2,577.7,318.51,259.19
2022-04-07,Latin America,Colombia,Office Supplies,Paper,Home Office,4,678.76,423.01,255.75
2022-02-24,North America,Canada,Furniture,Storage,Consumer,4,519.8,387.34,132.46
2023-09-01,North America,Mexico,Clothing,Shoes,Home Office,3,357.18,182.41,174.77
2023-10-05,Latin America,Colombia,Office Supplies,Paper,Home Office,4,517.84,235.3,282.54
2023-09-08,Europe,Germany,Office Supplies,Paper,Home Office,3,162.0,72.26,89.74
2024-08-09,Asia Pacific,South Korea,Electronics,Accessories,Consumer,4,1500.48,974.99,525.49
2024-01-24,Europe,United Kingdom,Office Supplies,Labels,Home Office,4,53.52,36.26,17.26
2023-02-01,Europe,United Kingdom,Clothing,Outerwear,Corporate,3,1466.22,707.66,758.56
2024-12-23,Europe,France,Clothing,Shirts,Consumer,5,1137.4,634.01,503.39
2024-06-18,Latin America,Brazil,Furniture,Chairs,Consumer,2,654.08,404.17,249.91
2023-09-30,North America,United States,Furniture,Desks,Corporate,1,30.7,20.48,10.22
2023-05-26,North America,Mexico,Electronics,Audio,Corporate,5,2261.55,1407.6,853.95
2023-10-11,Asia Pacific,Japan,Furniture,Chairs,Home Office,4,736.92,532.27,204.65
2024-07-18,Latin America,Chile,Clothing,Shirts,Consumer,3,1133.52,858.71,274.81
2024-08-30,North America,United States,Clothing,Shirts,Home Office,5,1122.7,832.86,289.84
2023-05-13,Europe,Italy,Office Supplies,Binders,Corporate,4,1195.6,705.72,489.88
2023-06-06,North America,Mexico,Office Supplies,Pens,Consumer,5,1071.6,844.6,227.0
2024-12-17,Europe,Spain,Furniture,Desks,Consumer,4,704.24,403.85,300.39
2022-11-23,Latin America,Colombia,Furniture,Tables,Corporate,1,410.77,320.19,90.58
2024-08-02,Latin America,Brazil,Office Supplies,Pens,Home Office,5,1250.45,841.31,409.14
2022-11-28,Asia Pacific,South Korea,Clothing,Shoes,Home Office,2,699.7,313.96,385.74
2024-01-03,Asia Pacific,China,Office Supplies,Labels,Consumer,4,894.76,502.6,392.16
2024-02-19,Latin America,Argentina,Furniture,Storage,Corporate,4,1591.4,858.11,733.29
2023-11-20,North America,Canada,Clothing,Outerwear,Home Office,5,1288.65,549.06,739.59
2023-02-14,North America,Mexico,Office Supplies,Pens,Consumer,1,275.38,206.42,68.96
2023-05-01,North America,Mexico,Office Supplies,Pens,Consumer,3,1007.04,693.53,313.51
2024-02-19,Asia Pacific,Australia,Furniture,Tables,Home Office,5,1426.3,813.12,613.18
2022-08-11,North America,Canada,Office Supplies,Pens,Corporate,1,261.56,173.58,87.98
2024-08-12,Asia Pacific,India,Clothing,Shoes,Consumer,4,1325.56,989.68,335.88
2022-09-14,Asia Pacific,China,Clothing,Outerwear,Home Office,4,251.8,180.73,71.07
2023-04-17,Asia Pacific,India,Office Supplies,Binders,Consumer,1,155.57,115.94,39.63
2024-01-04,North America,United States,Clothing,Shirts,Consumer,1,482.86,375.37,107.49
2024-11-29,Asia Pacific,Japan,Clothing,Pants,Corporate,5,1028.7,544.15,484.55
2024-05-27,Asia Pacific,South Korea,Clothing,Pants,Corporate,1,451.03,226.74,224.29
2024-03-16,Europe,Italy,Office Supplies,Paper,Consumer,4,72.24,43.97,28.27
2022-02-28,Europe,Germany,Electronics,Phones,Corporate,1,64.95,29.87,35.08
2024-03-04,North America,Canada,Electronics,Accessories,Home Office,2,930.28,642.68,287.6
2024-08-28,Latin America,Colombia,Office Supplies,Labels,Corporate,1,389.19,209.06,180.13
2024-10-15,Asia Pacific,Japan,Electronics,Audio,Consumer,1,271.21,204.15,67.06
2022-03-16,North America,Mexico,Furniture,Desks,Consumer,4,402.76,314.74,88.02
2022-09-07,North America,Canada,Clothing,Shirts,Home Office,5,148.3,62.53,85.77
2023-09-23,Europe,Germany,Furniture,Desks,Home Office,4,477.84,244.78,233.06
2024-04-01,Asia Pacific,Australia,Electronics,Audio,Consumer,4,1200.04,620.93,579.11
2022-10-29,Asia Pacific,South Korea,Furniture,Tables,Consumer,2,81.34,39.95,41.39
2023-11-01,Europe,United Kingdom,Clothing,Shoes,Corporate,2,356.78,173.57,183.21
2024-01-19,Latin America,Brazil,Furniture,Desks,Consumer,1,394.13,229.24,164.89
2024-09-10,Asia Pacific,Australia,Electronics,Accessories,Corporate,2,134.68,91.59,43.09
2024-11-19,Asia Pacific,South Korea,Office Supplies,Labels,Home Office,1,218.91,153.51,65.4
2023-04-03,Latin America,Brazil,Clothing,Outerwear,Corporate,5,2466.7,1649.63,817.07
2024-03-29,North America,Canada,Electronics,Audio,Corporate,1,459.91,300.76,159.15
2023-11-18,Latin America,Brazil,Electronics,Audio,Home Office,1,431.59,256.39,175.2
2023-01-24,Europe,Spain,Office Supplies,Paper,Consumer,2,536.66,305.0,231.66
2022-06-09,Europe,United Kingdom,Furniture,Storage,Corporate,4,110.24,62.61,47.63
2022-07-19,Latin America,Brazil,Office Supplies,Binders,Consumer,3,1049.19,556.03,493.16
2022-10-09,Asia Pacific,Japan,Clothing,Shirts,Home Office,3,258.33,189.34,68.99
2024-03-05,Asia Pacific,South Korea,Office Supplies,Binders,Corporate,1,279.13,112.99,166.14
2023-10-12,Europe,Italy,Furniture,Chairs,Home Office,3,1201.74,892.85,308.89
2024-05-22,Europe,United Kingdom,Furniture,Desks,Corporate,2,663.98,355.6,308.38
2024-10-22,Europe,Germany,Office Supplies,Pens,Corporate,5,2461.35,1958.99,502.36
2023-01-01,Latin America,Argentina,Clothing,Outerwear,Home Office,2,380.8,191.63,189.17
2024-09-21,North America,Canada,Office Supplies,Binders,Corporate,3,310.14,191.86,118.28
2022-12-15,Europe,Germany,Office Supplies,Paper,Home Office,1,228.49,162.21,66.28
2023-10-19,Latin America,Chile,Furniture,Tables,Corporate,4,1076.48,671.51,404.97
2024-06-21,Asia Pacific,South Korea,Clothing,Shoes,Home Office,1,238.23,148.12,90.11
2022-05-21,North America,Canada,Electronics,Computers,Consumer,3,672.27,487.56,184.71
2023-03-25,Europe,Italy,Clothing,Pants,Corporate,3,771.36,360.93,410.43
2024-02-27,Europe,Spain,Furniture,Storage,Home Office,5,754.4,496.74,257.66
2022-06-01,North America,Mexico,Office Supplies,Binders,Corporate,3,806.31,470.6,335.71
2024-12-24,Latin America,Brazil,Office Supplies,Paper,Home Office,4,631.04,276.75,354.29
2023-11-14,Europe,France,Clothing,Shirts,Home Office,4,1505.56,1089.81,415.75
2022-02-08,North America,United States,Furniture,Chairs,Consumer,2,354.14,160.59,193.55
2024-08-30,Asia Pacific,China,Clothing,Pants,Home Office,4,474.84,242.99,231.85
2023-09-19,Latin America,Argentina,Clothing,Shirts,Home Office,1,449.13,288.82,160.31
2023-09-13,Asia Pacific,Australia,Furniture,Chairs,Corporate,4,1272.96,746.25,526.71
2022-12-10,Latin America,Brazil,Electronics,Phones,Consumer,5,1416.25,1008.55,407.7
2022-09-14,North America,Canada,Furniture,Tables,Corporate,1,222.48,122.8,99.68
2024-10-31,Asia Pacific,Australia,Clothing,Outerwear,Home Office,2,105.26,50.25,55.01
2022-10-02,Europe,United Kingdom,Clothing,Pants,Corporate,5,125.5,99.28,26.22
2024-07-23,Asia Pacific,Japan,Office Supplies,Binders,Corporate,5,568.0,407.88,160.12
2022-09-19,Latin America,Chile,Furniture,Storage,Consumer,1,483.03,257.11,225.92
2022-11-30,Asia Pacific,China,Electronics,Audio,Consumer,5,1595.05,1091.5,503.55
2023-08-07,Asia Pacific,China,Furniture,Desks,Consumer,3,48.18,22.73,25.45
2024-02-26,Europe,France,Furniture,Desks,Consumer,4,768.16,419.88,348.28
2023-06-08,North America,Mexico,Furniture,Tables,Home Office,5,1156.3,487.99,668.31
2022-05-19,Europe,Spain,Electronics,Computers,Home Office,5,1441.75,674.84,766.91
2022-11-14,Europe,Italy,Clothing,Outerwear,Home Office,3,512.55,395.65,116.9
2022-11-25,Europe,Spain,Clothing,Shirts,Corporate,5,1076.45,433.81,642.64
2024-07-04,Latin America,Chile,Office Supplies,Pens,Consumer,4,113.68,67.72,45.96
2023-04-19,Asia Pacific,South Korea,Furniture,Tables,Consumer,1,95.72,62.05,33.67
2024-10-21,Asia Pacific,China,Electronics,Accessories,Home Office,1,180.11,81.22,98.89
2022-06-04,North America,Mexico,Furniture,Desks,Consumer,3,1173.72,596.54,577.18
2024-11-16,Asia Pacific,India,Clothing,Shoes,Corporate,4,1443.24,774.79,668.45
2024-01-14,Latin America,Chile,Electronics,Audio,Consumer,3,218.07,111.37,106.7
2022-10-16,Asia Pacific,China,Office Supplies,Paper,Consumer,3,480.3,301.84,178.46
2023-06-28,Latin America,Chile,Electronics,Audio,Corporate,3,346.89,255.78,91.11
2023-11-30,Asia Pacific,Japan,Furniture,Chairs,Home Office,2,711.8,404.66,307.14
2022-12-15,Latin America,Chile,Electronics,Audio,Corporate,5,1089.05,794.47,294.58
2024-07-09,Europe,Germany,Office Supplies,Pens,Consumer,1,264.65,169.94,94.71
2024-03-19,North America,United States,Electronics,Accessories,Corporate,2,991.98,461.68,530.3
2024-11-27,Latin America,Colombia,Office Supplies,Pens,Corporate,5,237.75,174.22,63.53
2023-12-27,Latin America,Brazil,Clothing,Pants,Consumer,3,795.12,495.17,299.95
2022-12-04,Europe,Italy,Office Supplies,Binders,Consumer,3,179.61,127.67,51.94
2023-05-17,Asia Pacific,India,Clothing,Shoes,Consumer,1,258.06,159.05,99.01
2022-01-14,Asia Pacific,South Korea,Electronics,Phones,Consumer,4,1551.96,700.45,851.51
2024-10-06,Asia Pacific,India,Electronics,Phones,Consumer,1,53.66,30.8,22.86
2024-04-30,Europe,United Kingdom,Electronics,Phones,Home Office,5,705.45,386.66,318.79
2024-07-23,Europe,Italy,Furniture,Chairs,Consumer,3,58.35,41.93,16.42
2024-10-02,Latin America,Colombia,Clothing,Outerwear,Home Office,3,663.9,485.53,178.37
2022-08-06,North America,United States,Office Supplies,Binders,Consumer,5,2326.7,1541.35,785.35
2022-07-29,Latin America,Argentina,Electronics,Audio,Consumer,1,465.39,349.53,115.86
2023-01-24,Latin America,Chile,Electronics,Computers,Consumer,1,369.69,253.54,116.15
2022-08-03,Latin America,Argentina,Office Supplies,Binders,Home Office,5,1561.5,701.27,860.23
2024-09-06,Latin America,Colombia,Furniture,Chairs,Corporate,4,1955.68,828.49,1127.19
2022-06-11,Latin America,Argentina,Office Supplies,Binders,Consumer,3,558.51,325.01,233.5
2024-08-26,Europe,Italy,Electronics,Computers,Corporate,2,334.38,180.28,154.1
2024-05-28,North America,Canada,Furniture,Desks,Home Office,3,55.59,29.04,26.55
2022-09-13,North America,United States,Clothing,Shirts,Home Office,2,409.2,208.98,200.22
2024-04-10,Asia Pacific,India,Clothing,Shirts,Home Office,1,186.43,85.01,101.42
2024-10-18,Europe,Germany,Clothing,Outerwear,Corporate,2,904.74,472.59,432.15
2024-09-14,North America,United States,Office Supplies,Pens,Corporate,1,250.19,153.46,96.73
2023-03-19,Asia Pacific,South Korea,Furniture,Desks,Home Office,5,1901.05,1100.73,800.32
2022-08-18,Latin America,Colombia,Office Supplies,Paper,Corporate,3,410.55,167.01,243.54
2023-04-09,Europe,Germany,Electronics,Computers,Corporate,5,2497.8,1888.53,609.27
2022-08-19,Asia Pacific,Japan,Clothing,Outerwear,Consumer,3,772.92,340.97,431.95
2024-02-18,Asia Pacific,Australia,Office Supplies,Pens,Corporate,2,469.6,222.49,247.11
2023-06-13,North America,Canada,Furniture,Storage,Consumer,3,205.14,153.79,51.35
2022-02-06,Asia Pacific,South Korea,Electronics,Phones,Corporate,1,203.33,82.39,120.94
2024-12-12,Latin America,Colombia,Furniture,Storage,Consumer,5,2497.35,1557.9,939.45
2023-03-18,North America,United States,Furniture,Desks,Consumer,2,530.1,244.52,285.58
2022-12-31,Asia Pacific,India,Electronics,Computers,Home Office,4,1368.16,633.64,734.52
2022-12-10,Asia Pacific,India,Electronics,Audio,Corporate,4,495.08,222.39,272.69
2024-09-10,Asia Pacific,Japan,Clothing,Pants,Home Office,4,1096.48,606.37,490.11
2022-03-29,Europe,Spain,Electronics,Audio,Consumer,5,1821.8,1119.1,702.7
2022-11-24,Europe,Germany,Clothing,Shirts,Home Office,3,678.75,400.72,278.03
2023-03-02,North America,United States,Furniture,Chairs,Home Office,3,587.01,293.85,293.16
2023-10-21,Latin America,Colombia,Office Supplies,Pens,Home Office,5,1160.85,884.65,276.2
2023-03-04,Europe,United Kingdom,Furniture,Chairs,Home Office,2,908.38,394.85,513.53
2024-10-04,Europe,Germany,Electronics,Computers,Home Office,4,1838.08,1363.45,474.63
2024-02-13,Europe,Germany,Clothing,Outerwear,Corporate,2,977.62,771.33,206.29
2022-02-01,Europe,United Kingdom,Office Supplies,Paper,Corporate,1,41.15,20.57,20.58
2022-12-20,Asia Pacific,India,Electronics,Phones,Corporate,5,1885.35,1210.18,675.17
2024-04-14,Latin America,Brazil,Clothing,Outerwear,Consumer,4,1320.32,978.22,342.1
2022-01-20,Europe,Spain,Clothing,Shirts,Consumer,2,649.66,375.03,274.63
2023-03-05,Latin America,Colombia,Clothing,Pants,Home Office,1,292.89,140.98,151.91
2023-08-01,North America,United States,Furniture,Chairs,Home Office,4,715.92,516.31,199.61
2024-09-21,Europe,France,Electronics,Computers,Consumer,1,422.74,215.48,207.26
2023-03-28,North America,United States,Furniture,Storage,Home Office,1,425.7,217.9,207.8
2024-11-10,Europe,France,Electronics,Computers,Home Office,2,365.5,214.52,150.98
2022-03-05,Latin America,Brazil,Electronics,Phones,Corporate,4,477.52,243.86,233.66
2022-10-14,Latin America,Argentina,Furniture,Chairs,Home Office,5,2036.05,1252.32,783.73
2022-01-22,North America,Mexico,Electronics,Audio,Consumer,4,1688.2,1122.5,565.7
2024-10-30,Latin America,Argentina,Furniture,Chairs,Corporate,5,2367.5,1402.13,965.37
2024-04-19,Asia Pacific,Japan,Office Supplies,Paper,Corporate,2,263.86,167.67,96.19
2023-01-10,North America,United States,Electronics,Phones,Corporate,4,762.0,336.96,425.04
2022-05-24,Latin America,Chile,Clothing,Shoes,Consumer,2,677.4,327.63,349.77
2024-05-31,Latin America,Colombia,Office Supplies,Labels,Home Office,5,1659.95,1100.43,559.52
2024-06-02,Asia Pacific,China,Furniture,Tables,Corporate,1,140.48,84.58,55.9
2022-04-07,North America,Canada,Furniture,Desks,Corporate,3,85.41,61.51,23.9
2022-03-10,Europe,United Kingdom,Clothing,Outerwear,Home Office,5,890.45,572.84,317.61
2023-02-18,Latin America,Argentina,Furniture,Tables,Home Office,5,2409.3,1549.73,859.57
2023-11-20,Latin America,Colombia,Furniture,Storage,Consumer,2,606.26,430.05,176.21
2022-05-23,Europe,Germany,Clothing,Pants,Consumer,4,270.6,132.44,138.16
2024-06-30,Latin America,Brazil,Clothing,Shirts,Home Office,5,2114.0,1581.13,532.87
2022-04-08,North America,Mexico,Clothing,Shirts,Corporate,4,1323.0,1048.91,274.09
2023-02-15,Asia Pacific,China,Electronics,Audio,Corporate,4,995.4,667.72,327.68
2023-06-25,Europe,Spain,Office Supplies,Pens,Consumer,4,1760.48,1354.85,405.63
2024-11-15,Asia Pacific,Japan,Clothing,Shirts,Corporate,1,104.15,76.83,27.32
2024-03-29,Asia Pacific,South Korea,Clothing,Shoes,Home Office,1,139.19,68.02,71.17
2023-07-21,Europe,Spain,Electronics,Accessories,Corporate,5,2358.2,1776.0,582.2
2024-11-16,Latin America,Brazil,Electronics,Computers,Corporate,1,463.56,288.49,175.07
2022-12-17,North America,Canada,Electronics,Computers,Corporate,2,251.08,129.7,121.38
2022-08-23,North America,United States,Furniture,Chairs,Consumer,2,571.52,244.93,326.59
2022-02-20,Europe,Germany,Furniture,Desks,Consumer,5,1840.35,1377.83,462.52
2022-12-23,Latin America,Argentina,Furniture,Tables,Home Office,2,916.44,447.9,468.54
2022-04-17,North America,United States,Furniture,Tables,Home Office,3,269.64,123.11,146.53
2022-01-18,North America,Canada,Furniture,Tables,Corporate,1,246.78,128.66,118.12
2024-12-17,Latin America,Brazil,Electronics,Accessories,Corporate,5,1726.8,1038.66,688.14
2022-11-19,Asia Pacific,India,Clothing,Shirts,Home Office,2,600.06,447.51,152.55
2022-12-25,Latin America,Colombia,Electronics,Audio,Corporate,1,339.48,211.56,127.92
2022-02-03,Europe,Spain,Furniture,Desks,Home Office,2,823.84,533.33,290.51
2022-11-27,Asia Pacific,Japan,Furniture,Desks,Corporate,3,361.71,183.25,178.46
2022-06-03,Europe,Spain,Office Supplies,Paper,Home Office,3,642.12,307.78,334.34
2022-01-20,Latin America,Chile,Furniture,Chairs,Consumer,3,792.15,557.94,234.21
2024-12-25,Europe,Spain,Electronics,Accessories,Home Office,3,1457.85,1073.44,384.41
2023-09-16,Asia Pacific,India,Furniture,Storage,Home Office,5,1868.05,950.81,917.24
2023-03-21,Europe,Germany,Clothing,Shoes,Consumer,4,399.32,218.48,180.84
2023-04-03,North America,Mexico,Electronics,Accessories,Consumer,2,974.1,637.48,336.62
2023-09-05,Asia Pacific,Japan,Electronics,Audio,Corporate,2,294.64,195.18,99.46
2022-05-02,Asia Pacific,Japan,Clothing,Shoes,Consumer,5,1638.6,990.06,648.54
2022-01-26,Latin America,Colombia,Electronics,Computers,Consumer,5,1937.15,1318.44,618.71
2023-04-13,Asia Pacific,Australia,Electronics,Phones,Consumer,2,28.6,13.25,15.35
2024-06-08,Latin America,Colombia,Office Supplies,Paper,Consumer,4,1486.44,1111.98,374.46
2023-10-05,Latin America,Brazil,Furniture,Desks,Consumer,1,387.63,308.47,79.16
2024-11-29,Europe,United Kingdom,Electronics,Phones,Home Office,1,116.77,47.26,69.51
2022-07-02,North America,United States,Electronics,Phones,Home Office,2,822.26,620.36,201.9
2022-08-19,North America,United States,Clothing,Shirts,Corporate,1,446.46,197.35,249.11
2024-10-28,Europe,Spain,Office Supplies,Binders,Consumer,1,437.67,333.54,104.13
2022-12-27,Asia Pacific,Japan,Office Supplies,Binders,Corporate,2,519.94,218.25,301.69
2024-09-06,North America,Canada,Office Supplies,Pens,Consumer,1,186.18,123.77,62.41
2022-10-11,Europe,Spain,Electronics,Audio,Home Office,4,685.56,344.01,341.55
2024-04-09,Europe,Germany,Office Supplies,Pens,Corporate,4,833.76,437.58,396.18
2023-01-07,Asia Pacific,South Korea,Office Supplies,Pens,Consumer,1,420.37,172.01,248.36
2022-08-07,Asia Pacific,Japan,Electronics,Phones,Consumer,4,1296.08,831.31,464.77
2022-02-22,Latin America,Colombia,Electronics,Audio,Home Office,2,30.8,15.68,15.12
2023-03-18,Asia Pacific,China,Electronics,Audio,Corporate,2,220.76,156.7,64.06
2024-10-20,Asia Pacific,China,Office Supplies,Paper,Home Office,1,377.57,292.59,84.98
2023-05-28,Europe,Italy,Electronics,Audio,Consumer,3,679.14,508.35,170.79
2022-01-20,Asia Pacific,Japan,Clothing,Shirts,Home Office,3,998.13,532.92,465.21
2024-10-09,Europe,Italy,Clothing,Shoes,Home Office,3,983.13,432.36,550.77
2022-07-29,Latin America,Argentina,Furniture,Desks,Consumer,2,858.08,392.16,465.92
2023-04-25,Asia Pacific,China,Electronics,Accessories,Home Office,2,708.36,445.97,262.39
2023-04-15,Europe,Italy,Office Supplies,Binders,Corporate,1,174.17,91.95,82.22
2024-03-01,Europe,Germany,Electronics,Computers,Corporate,1,14.82,10.45,4.37
2024-03-11,Europe,Spain,Clothing,Shirts,Consumer,5,2324.7,1650.93,673.77
2023-09-01,Latin America,Colombia,Electronics,Accessories,Corporate,5,1296.35,821.29,475.06
2024-12-15,Latin America,Argentina,Clothing,Shoes,Corporate,2,246.94,180.49,66.45
2024-12-02,Asia Pacific,Japan,Office Supplies,Paper,Corporate,5,1657.1,1121.17,535.93
2023-12-31,Europe,France,Office Supplies,Paper,Consumer,1,394.43,192.61,201.82
2023-11-18,Europe,United Kingdom,Furniture,Chairs,Consumer,3,1275.15,544.08,731.07
2024-11-02,Asia Pacific,India,Office Supplies,Paper,Corporate,3,375.09,271.67,103.42
2022-05-11,Europe,Spain,Furniture,Chairs,Home Office,4,1556.84,1177.83,379.01
2022-08-03,Asia Pacific,Australia,Clothing,Pants,Corporate,3,473.37,250.62,222.75
2024-11-19,Latin America,Colombia,Electronics,Phones,Home Office,3,1457.49,1106.38,351.11
2022-07-30,North America,Canada,Electronics,Phones,Consumer,4,623.76,333.54,290.22
2022-11-23,Asia Pacific,Australia,Clothing,Shirts,Home Office,3,91.05,55.74,35.31
2023-10-31,North America,United States,Electronics,Phones,Consumer,1,206.58,92.21,114.37
2023-08-29,Latin America,Brazil,Electronics,Audio,Corporate,5,1189.85,940.8,249.05
2023-05-23,Latin America,Brazil,Furniture,Chairs,Consumer,5,806.85,365.88,440.97
2024-07-22,North America,United States,Electronics,Computers,Corporate,4,1961.24,1504.23,457.01
2022-01-19,Latin America,Argentina,Furniture,Desks,Home Office,5,1415.95,997.48,418.47
2023-07-13,Asia Pacific,India,Electronics,Accessories,Home Office,3,1430.88,944.18,486.7
2022-08-09,Asia Pacific,Japan,Office Supplies,Pens,Corporate,3,1008.63,648.67,359.96
2022-07-28,Latin America,Brazil,Office Supplies,Pens,Home Office,4,542.36,384.79,157.57
2022-05-16,Latin America,Argentina,Furniture,Chairs,Consumer,2,26.26,13.74,12.52
2023-12-20,Europe,United Kingdom,Furniture,Tables,Corporate,1,433.73,280.84,152.89
2024-11-16,Europe,United Kingdom,Electronics,Audio,Home Office,4,428.16,258.4,169.76
2024-10-11,Latin America,Chile,Office Supplies,Binders,Consumer,2,130.12,83.03,47.09
2022-05-17,Latin America,Brazil,Clothing,Pants,Consumer,1,254.84,201.24,53.6
2023-09-23,Europe,Spain,Electronics,Computers,Consumer,1,13.46,9.26,4.2
2023-03-10,North America,United States,Electronics,Audio,Corporate,2,364.74,191.32,173.42
2022-11-09,Europe,Italy,Electronics,Phones,Consumer,1,26.24,16.69,9.55
2022-01-28,North America,United States,Office Supplies,Binders,Consumer,2,408.7,277.77,130.93
2023-10-16,Latin America,Colombia,Furniture,Tables,Home Office,2,604.72,351.11,253.61
2022-12-03,Europe,Germany,Electronics,Audio,Corporate,3,32.67,15.62,17.05
2023-04-15,Latin America,Colombia,Electronics,Audio,Home Office,1,115.31,64.21,51.1
2024-04-18,Asia Pacific,India,Furniture,Chairs,Home Office,1,364.95,234.78,130.17
2023-05-23,Latin America,Chile,Office Supplies,Labels,Corporate,4,1774.6,876.13,898.47
2023-01-08,Europe,Germany,Furniture,Storage,Corporate,2,824.66,558.93,265.73
2024-08-30,North America,Canada,Furniture,Desks,Consumer,1,179.94,124.94,55.0
2023-01-31,Asia Pacific,Australia,Electronics,Audio,Home Office,1,380.87,304.18,76.69
2022-07-02,North America,United States,Office Supplies,Pens,Corporate,4,1297.88,1019.41,278.47
2024-03-19,Europe,Germany,Furniture,Desks,Home Office,5,1074.85,587.93,486.92
2023-01-30,Latin America,Colombia,Furniture,Desks,Corporate,5,60.65,33.03,27.62
2022-01-23,Asia Pacific,South Korea,Furniture,Chairs,Consumer,2,859.32,450.2,409.12
2023-07-01,Europe,United Kingdom,Clothing,Outerwear,Home Office,5,2098.85,1417.47,681.38
2022-04-07,Latin America,Colombia,Electronics,Computers,Corporate,5,1277.8,874.39,403.41
2022-01-01,North America,Mexico,Furniture,Tables,Corporate,5,1435.3,624.84,810.46
2022-04-15,Latin America,Argentina,Office Supplies,Binders,Consumer,1,191.43,145.25,46.18
2023-02-16,North America,Canada,Office Supplies,Labels,Consumer,2,568.64,308.04,260.6
2023-03-01,Europe,France,Electronics,Phones,Consumer,2,991.72,714.09,277.63
2023-09-24,Asia Pacific,India,Office Supplies,Pens,Consumer,3,289.29,146.09,143.2
2023-01-07,Latin America,Brazil,Electronics,Audio,Corporate,4,1579.44,1000.51,578.93
2022-12-14,Latin America,Argentina,Office Supplies,Binders,Corporate,1,245.73,113.64,132.09
2024-08-20,Latin America,Chile,Electronics,Audio,Consumer,1,138.49,99.49,39.0
2022-06-27,Latin America,Chile,Electronics,Accessories,Consumer,5,933.0,738.82,194.18
2024-09-09,North America,United States,Clothing,Outerwear,Consumer,4,1763.88,874.55,889.33
2024-09-25,Europe,France,Electronics,Phones,Home Office,1,451.93,285.7,166.23
2023-03-07,North America,Mexico,Clothing,Pants,Home Office,5,1332.8,705.28,627.52
2022-05-15,Asia Pacific,India,Furniture,Desks,Corporate,4,493.6,210.67,282.93
2022-04-13,North America,Mexico,Electronics,Phones,Corporate,2,635.42,449.3,186.12
2024-11-29,Asia Pacific,China,Office Supplies,Paper,Home Office,4,1395.8,713.34,682.46
2024-12-12,Latin America,Brazil,Clothing,Shirts,Corporate,4,653.08,356.83,296.25
2022-02-07,Latin America,Chile,Clothing,Shoes,Home Office,1,154.44,92.05,62.39
2022-04-20,North America,United States,Furniture,Storage,Home Office,4,1357.08,792.97,564.11
2022-05-27,North America,United States,Furniture,Chairs,Consumer,4,147.88,78.4,69.48
2023-08-25,Latin America,Colombia,Clothing,Shirts,Corporate,4,1174.92,684.3,490.62
2023-02-12,Europe,Spain,Office Supplies,Paper,Consumer,2,736.86,576.06,160.8
2023-12-29,Asia Pacific,China,Electronics,Audio,Home Office,3,515.25,211.81,303.44
2022-10-02,North America,Canada,Furniture,Chairs,Home Office,4,1505.72,812.53,693.19
2023-06-06,North America,United States,Clothing,Outerwear,Consumer,2,587.0,429.21,157.79
2024-06-06,Latin America,Argentina,Furniture,Tables,Corporate,2,139.96,57.28,82.68
2023-11-21,Asia Pacific,India,Furniture,Chairs,Corporate,3,177.81,118.4,59.41
2022-08-04,Europe,Spain,Furniture,Tables,Home Office,1,272.52,192.61,79.91
2024-08-04,Europe,Spain,Electronics,Accessories,Corporate,1,71.45,32.26,39.19
2022-04-13,Asia Pacific,Australia,Electronics,Audio,Corporate,5,1734.35,1280.43,453.92
2022-05-03,Latin America,Argentina,Clothing,Outerwear,Home Office,5,731.4,524.67,206.73
2022-04-24,North America,Mexico,Furniture,Desks,Corporate,2,893.98,631.98,262.0
2023-04-13,Latin America,Colombia,Office Supplies,Paper,Home Office,4,760.84,606.64,154.2
2022-03-21,North America,United States,Furniture,Storage,Home Office,4,88.76,46.1,42.66
2023-01-28,Asia Pacific,Australia,Furniture,Storage,Consumer,4,802.12,474.98,327.14
2024-12-04,Latin America,Colombia,Clothing,Pants,Corporate,5,1928.7,867.07,1061.63
2024-01-04,Europe,United Kingdom,Office Supplies,Labels,Home Office,2,937.72,559.63,378.09
2024-08-15,Asia Pacific,China,Office Supplies,Binders,Corporate,2,633.04,308.39,324.65
2023-09-02,North America,Mexico,Electronics,Phones,Consumer,5,119.2,56.18,63.02
2022-05-16,Asia Pacific,Japan,Office Supplies,Pens,Consumer,4,546.88,231.16,315.72
2023-11-19,Asia Pacific,South Korea,Clothing,Pants,Consumer,3,595.77,270.86,324.91
2024-07-21,North America,Mexico,Furniture,Desks,Home Office,5,95.2,52.25,42.95
2022-03-14,North America,Mexico,Clothing,Shoes,Consumer,5,628.25,303.12,325.13
2024-12-02,North America,Canada,Clothing,Pants,Consumer,5,365.15,220.11,145.04
2024-11-07,North America,Mexico,Clothing,Pants,Consumer,3,1454.76,906.92,547.84
2022-08-06,Asia Pacific,China,Furniture,Desks,Home Office,5,465.3,278.96,186.34
2022-02-20,North America,United States,Furniture,Desks,Corporate,1,141.83,60.53,81.3
2023-08-21,Asia Pacific,Australia,Electronics,Accessories,Consumer,5,1306.55,950.64,355.91
2023-05-12,Europe,Italy,Clothing,Shirts,Consumer,3,711.39,360.08,351.31
2022-06-09,North America,United States,Electronics,Phones,Corporate,4,1644.16,1233.36,410.8
2022-08-10,North America,United States,Electronics,Audio,Corporate,1,140.42,87.16,53.26
2023-08-30,North America,United States,Electronics,Audio,Home Office,3,72.84,49.12,23.72
2023-02-18,Europe,France,Clothing,Shirts,Consumer,4,116.84,61.41,55.43
2022-02-04,Latin America,Argentina,Clothing,Shoes,Consumer,5,1077.5,653.86,423.64
2023-02-12,North America,United States,Clothing,Shoes,Corporate,2,417.56,269.14,148.42
2023-06-04,Europe,Spain,Office Supplies,Binders,Consumer,4,1215.6,853.18,362.42
2024-04-02,Latin America,Argentina,Clothing,Shirts,Home Office,4,1223.36,763.7,459.66
2022-02-08,Asia Pacific,China,Clothing,Outerwear,Home Office,5,1698.35,1299.62,398.73
2022-03-27,Europe,Germany,Office Supplies,Paper,Consumer,2,455.1,253.66,201.44
2022-03-11,Europe,Italy,Office Supplies,Binders,Consumer,2,564.38,448.73,115.65
2024-06-18,North America,United States,Clothing,Shoes,Consumer,1,471.02,235.06,235.96
2024-07-06,Europe,Germany,Electronics,Phones,Home Office,1,358.94,233.05,125.89
2023-12-25,Latin America,Chile,Electronics,Computers,Consumer,1,91.16,67.18,23.98
2023-04-03,North America,Mexico,Electronics,Accessories,Consumer,3,766.17,331.84,434.33
2023-11-26,North America,United States,Clothing,Pants,Corporate,4,1600.32,932.51,667.81
2022-12-20,Latin America,Brazil,Office Supplies,Binders,Consumer,4,260.28,121.01,139.27
2024-10-13,Europe,France,Office Supplies,Pens,Corporate,2,312.14,233.52,78.62
2022-10-20,North America,Mexico,Office Supplies,Labels,Corporate,2,668.44,323.84,344.6
2022-12-16,Europe,Italy,Electronics,Accessories,Home Office,1,393.13,314.48,78.65
2023-11-26,North America,United States,Office Supplies,Binders,Corporate,2,349.9,194.68,155.22
2024-07-02,North America,Mexico,Electronics,Accessories,Home Office,2,362.94,266.95,95.99
2024-09-09,Europe,Italy,Furniture,Chairs,Corporate,3,167.43,98.31,69.12
2022-12-19,Europe,Italy,Electronics,Computers,Corporate,1,205.76,105.65,100.11
2022-08-15,Latin America,Chile,Electronics,Phones,Corporate,5,699.3,492.45,206.85
2022-06-06,Latin America,Brazil,Furniture,Chairs,Home Office,1,92.74,69.34,23.4
2022-10-08,Asia Pacific,South Korea,Office Supplies,Labels,Consumer,2,533.14,386.45,146.69
2024-11-20,Asia Pacific,South Korea,Furniture,Desks,Home Office,5,88.0,39.72,48.28
2023-11-20,North America,Mexico,Electronics,Computers,Corporate,4,1424.32,889.9,534.42
2022-07-07,Europe,Spain,Office Supplies,Pens,Consumer,3,1187.76,625.58,562.18
2024-08-21,North America,Mexico,Office Supplies,Pens,Consumer,1,380.6,213.67,166.93
2022-01-10,Asia Pacific,South Korea,Furniture,Desks,Consumer,1,21.96,11.4,10.56
2023-08-18,Latin America,Colombia,Electronics,Audio,Home Office,3,323.4,131.05,192.35
2022-05-08,North America,United States,Clothing,Shirts,Home Office,3,1288.47,910.92,377.55
2024-01-30,Latin America,Chile,Office Supplies,Binders,Consumer,2,329.6,231.14,98.46
2024-08-14,Europe,Italy,Office Supplies,Binders,Consumer,3,1234.86,981.65,253.21
2023-07-29,North America,United States,Electronics,Accessories,Home Office,1,168.95,68.28,100.67
2022-12-14,Europe,Italy,Furniture,Storage,Corporate,4,369.08,214.16,154.92
2024-01-21,Asia Pacific,South Korea,Furniture,Storage,Corporate,3,1082.7,689.63,393.07
2024-07-19,Europe,Spain,Furniture,Storage,Home Office,3,1223.67,894.52,329.15
2022-01-17,North America,United States,Furniture,Chairs,Home Office,4,1885.64,1203.09,682.55
2024-02-15,Latin America,Argentina,Clothing,Shoes,Consumer,5,1292.45,971.91,320.54
2023-11-02,North America,Canada,Electronics,Accessories,Consumer,1,288.96,150.96,138.0
2023-03-25,Asia Pacific,China,Electronics,Computers,Consumer,1,61.9,41.18,20.72
2022-04-15,North America,United States,Furniture,Tables,Corporate,2,262.12,161.3,100.82
2024-04-19,Asia Pacific,South Korea,Clothing,Shoes,Corporate,5,1041.2,500.15,541.05
2023-07-19,North America,Canada,Furniture,Chairs,Consumer,2,897.62,388.44,509.18
2022-01-30,Asia Pacific,Japan,Clothing,Shirts,Corporate,4,1159.44,587.94,571.5
2023-05-02,Latin America,Chile,Office Supplies,Binders,Home Office,4,1515.6,764.06,751.54
2022-10-09,North America,Mexico,Electronics,Phones,Corporate,4,67.84,43.7,24.14
2022-04-02,Asia Pacific,Japan,Electronics,Computers,Consumer,4,1557.84,1115.45,442.39
2022-07-03,Asia Pacific,China,Clothing,Shirts,Consumer,3,59.04,43.23,15.81
2023-07-22,Latin America,Chile,Clothing,Pants,Home Office,5,1420.45,654.28,766.17
2024-11-25,Asia Pacific,China,Electronics,Audio,Home Office,3,1114.92,720.73,394.19
2024-09-20,North America,Mexico,Office Supplies,Labels,Home Office,2,339.54,144.22,195.32
2023-07-06,North America,Canada,Furniture,Chairs,Home Office,5,1804.1,1375.19,428.91
2024-06-27,Asia Pacific,China,Electronics,Accessories,Home Office,5,2109.45,1652.18,457.27
2022-11-21,North America,Canada,Furniture,Chairs,Home Office,1,477.43,366.54,110.89
2024-05-03,Latin America,Chile,Electronics,Accessories,Home Office,5,1787.4,754.3,1033.1
2023-04-25,North America,United States,Furniture,Desks,Corporate,5,307.6,149.48,158.12
2022-01-03,North America,United States,Electronics,Accessories,Consumer,5,1484.8,762.91,721.89
2023-10-24,Latin America,Brazil,Electronics,Computers,Corporate,1,40.01,29.77,10.24
2022-02-25,Latin America,Brazil,Clothing,Shirts,Home Office,5,1922.1,1447.41,474.69
2023-11-13,Europe,Spain,Electronics,Phones,Corporate,4,95.48,75.59,19.89
2024-02-13,Latin America,Brazil,Furniture,Storage,Home Office,5,1573.9,1163.04,410.86
2024-08-30,North America,Canada,Clothing,Pants,Consumer,4,1096.36,581.99,514.37
2024-10-09,North America,United States,Office Supplies,Pens,Home Office,5,761.35,429.2,332.15
2024-05-18,Europe,United Kingdom,Office Supplies,Binders,Consumer,3,640.2,353.08,287.12
2024-09-19,Latin America,Brazil,Office Supplies,Binders,Consumer,1,217.47,152.14,65.33
2024-02-19,North America,United States,Office Supplies,Pens,Corporate,1,481.97,381.57,100.4
2023-10-11,Europe,France,Furniture,Desks,Home Office,5,1058.3,823.02,235.28
2024-06-01,Latin America,Colombia,Clothing,Shirts,Consumer,4,1132.96,681.22,451.74
2022-09-01,Latin America,Brazil,Office Supplies,Paper,Consumer,4,1196.84,818.17,378.67
2024-05-18,Asia Pacific,China,Office Supplies,Labels,Consumer,2,560.58,292.62,267.96
2022-01-06,Europe,United Kingdom,Electronics,Phones,Corporate,3,742.5,486.38,256.12
2024-09-12,North America,United States,Furniture,Chairs,Home Office,4,1035.2,667.68,367.52
2022-02-11,Europe,France,Office Supplies,Labels,Consumer,5,759.65,374.07,385.58
2022-11-08,North America,United States,Furniture,Chairs,Consumer,2,212.8,150.55,62.25
2023-05-27,Asia Pacific,Australia,Electronics,Computers,Corporate,4,200.4,148.75,51.65
2023-06-18,Asia Pacific,India,Furniture,Desks,Home Office,1,74.09,32.93,41.16
2024-03-09,Asia Pacific,India,Furniture,Storage,Consumer,3,995.67,512.82,482.85
2024-02-18,North America,Mexico,Clothing,Shoes,Consumer,4,1420.32,815.04,605.28
2023-06-30,Latin America,Brazil,Furniture,Storage,Consumer,3,1104.42,620.64,483.78
2023-03-28,Asia Pacific,South Korea,Office Supplies,Binders,Home Office,4,708.24,477.66,230.58
2024-09-29,North America,United States,Office Supplies,Pens,Consumer,4,1297.0,763.26,533.74
2023-05-03,Latin America,Brazil,Clothing,Pants,Home Office,1,44.51,32.7,11.81
2024-11-30,Europe,United Kingdom,Electronics,Audio,Home Office,2,509.44,400.64,108.8
2023-04-23,Europe,Italy,Office Supplies,Labels,Home Office,2,895.52,472.21,423.31
2022-06-04,Latin America,Brazil,Electronics,Accessories,Corporate,1,163.67,71.61,92.06
2024-11-21,Europe,Germany,Furniture,Desks,Consumer,5,1938.5,1069.23,869.27
2023-11-26,Europe,France,Clothing,Shirts,Corporate,2,983.3,677.42,305.88
2023-09-12,Europe,France,Furniture,Desks,Home Office,4,1375.84,592.34,783.5
2023-01-30,Asia Pacific,China,Office Supplies,Labels,Home Office,3,1318.59,850.73,467.86
2024-11-20,Latin America,Brazil,Furniture,Chairs,Home Office,4,1086.12,824.86,261.26
2024-10-14,Latin America,Colombia,Electronics,Audio,Corporate,3,1064.34,739.6,324.74
2024-05-25,North America,Mexico,Clothing,Shirts,Consumer,1,490.39,277.24,213.15
2022-05-21,Europe,Germany,Electronics,Phones,Corporate,2,373.82,208.42,165.4
2022-08-04,Europe,Spain,Office Supplies,Labels,Consumer,3,901.8,657.07,244.73
2024-02-22,Asia Pacific,Japan,Electronics,Computers,Consumer,5,2256.8,1445.84,810.96
2023-10-12,Europe,France,Office Supplies,Paper,Corporate,2,56.2,36.83,19.37
2023-05-28,Europe,Spain,Clothing,Pants,Corporate,2,898.04,476.33,421.71
2022-08-07,Asia Pacific,Japan,Electronics,Phones,Home Office,3,981.15,401.49,579.66
2022-02-27,Asia Pacific,Australia,Furniture,Chairs,Consumer,1,93.63,60.29,33.34
2023-08-28,Latin America,Chile,Office Supplies,Labels,Corporate,5,265.1,117.61,147.49
2023-03-27,Asia Pacific,South Korea,Office Supplies,Paper,Home Office,5,2426.75,1920.43,506.32
2022-07-31,Latin America,Argentina,Office Supplies,Labels,Consumer,2,463.08,298.15,164.93
2022-11-07,Latin America,Argentina,Office Supplies,Paper,Home Office,5,1773.3,1091.13,682.17
2023-02-16,Europe,Germany,Furniture,Chairs,Corporate,3,537.93,356.38,181.55
2024-07-11,Latin America,Brazil,Furniture,Storage,Corporate,2,712.36,286.24,426.12
2022-11-12,Europe,Spain,Clothing,Shirts,Home Office,4,935.68,623.69,311.99
2022-03-11,North America,United States,Electronics,Audio,Home Office,3,1045.71,607.69,438.02
2023-07-09,Europe,Germany,Electronics,Phones,Home Office,5,1451.35,900.25,551.1
2024-01-13,Asia Pacific,China,Office Supplies,Pens,Home Office,3,974.4,696.12,278.28
2022-02-12,Latin America,Brazil,Office Supplies,Labels,Corporate,2,913.06,685.83,227.23
2022-01-23,North America,Mexico,Office Supplies,Paper,Home Office,1,173.71,117.01,56.7
2024-10-18,Asia Pacific,China,Clothing,Pants,Home Office,4,373.64,239.62,134.02
2022-12-28,Europe,France,Electronics,Audio,Consumer,5,1008.25,751.26,256.99
2022-07-11,Europe,Germany,Office Supplies,Binders,Home Office,3,256.14,108.71,147.43
2023-06-27,North America,Mexico,Office Supplies,Binders,Corporate,4,1435.2,663.92,771.28
2022-04-01,Asia Pacific,Japan,Office Supplies,Binders,Home Office,4,1285.2,814.9,470.3
2023-01-18,Latin America,Argentina,Electronics,Computers,Home Office,5,2372.75,1732.94,639.81
2022-06-30,North America,Mexico,Electronics,Computers,Home Office,5,593.95,442.22,151.73
2022-03-15,Latin America,Chile,Furniture,Storage,Home Office,4,1675.0,1077.44,597.56
2023-04-22,Europe,United Kingdom,Clothing,Outerwear,Consumer,3,1323.99,755.72,568.27
2024-07-21,Europe,Germany,Clothing,Shoes,Consumer,1,232.73,105.93,126.8
2024-06-18,Latin America,Colombia,Clothing,Outerwear,Home Office,5,2446.65,1208.69,1237.96
2023-08-19,Latin America,Brazil,Office Supplies,Labels,Consumer,3,55.56,25.25,30.31
2022-07-05,North America,Mexico,Furniture,Storage,Consumer,3,781.26,585.68,195.58
2023-03-24,Latin America,Argentina,Office Supplies,Paper,Corporate,1,322.59,165.12,157.47
2023-12-25,Asia Pacific,Japan,Clothing,Shoes,Corporate,4,1152.52,881.59,270.93
2023-04-29,Asia Pacific,Australia,Furniture,Tables,Consumer,2,559.8,323.65,236.15
2022-12-16,North America,United States,Electronics,Computers,Home Office,4,451.68,203.35,248.33
2022-03-04,Asia Pacific,Australia,Office Supplies,Paper,Home Office,1,15.91,8.63,7.28
2023-09-07,Asia Pacific,Australia,Clothing,Pants,Consumer,4,1926.32,1466.83,459.49
2022-10-01,North America,Canada,Furniture,Desks,Consumer,3,1166.61,558.76,607.85
2024-08-15,Latin America,Argentina,Electronics,Audio,Home Office,3,451.65,352.86,98.79
2024-09-28,Latin America,Argentina,Furniture,Storage,Home Office,3,869.76,454.83,414.93
2023-08-14,Europe,Spain,Office Supplies,Labels,Corporate,3,905.19,540.34,364.85
2023-05-28,North America,United States,Electronics,Phones,Home Office,4,222.8,126.72,96.08
2023-03-27,Asia Pacific,South Korea,Electronics,Accessories,Home Office,2,769.44,463.17,306.27
2023-06-25,Asia Pacific,India,Office Supplies,Binders,Corporate,4,1356.16,1065.91,290.25
2024-04-03,Latin America,Brazil,Furniture,Chairs,Corporate,4,1308.28,669.68,638.6
2023-10-03,North America,United States,Electronics,Accessories,Consumer,2,471.14,231.0,240.14
2024-12-04,Asia Pacific,India,Office Supplies,Binders,Consumer,5,757.85,393.55,364.3
2024-06-11,Asia Pacific,Australia,Office Supplies,Pens,Corporate,1,190.39,142.99,47.4
2023-12-21,Asia Pacific,South Korea,Office Supplies,Paper,Corporate,5,1180.85,600.56,580.29
2022-09-08,Asia Pacific,China,Furniture,Tables,Consumer,5,856.7,596.36,260.34
2024-02-03,Latin America,Colombia,Electronics,Phones,Corporate,3,546.87,400.15,146.72
2024-12-05,North America,Canada,Electronics,Accessories,Corporate,5,1432.45,1037.67,394.78
2024-08-10,Asia Pacific,South Korea,Electronics,Phones,Corporate,5,1695.85,967.2,728.65
2022-03-31,North America,Mexico,Furniture,Desks,Corporate,5,403.0,202.3,200.7
2022-02-01,Europe,France,Furniture,Desks,Corporate,5,1151.7,692.87,458.83
2024-07-25,Asia Pacific,Japan,Furniture,Chairs,Corporate,3,143.79,80.87,62.92
2023-09-03,Europe,Spain,Furniture,Storage,Home Office,2,53.82,25.98,27.84
2022-07-14,Latin America,Brazil,Office Supplies,Pens,Corporate,2,753.58,450.44,303.14
2024-09-09,Europe,Italy,Office Supplies,Labels,Home Office,5,2275.25,1373.12,902.13
2023-12-01,Latin America,Colombia,Electronics,Audio,Consumer,3,721.14,460.34,260.8
2024-08-23,Asia Pacific,Japan,Furniture,Chairs,Home Office,5,1937.95,1507.65,430.3
2022-08-08,Asia Pacific,China,Office Supplies,Binders,Home Office,3,638.04,346.57,291.47
2022-12-20,North America,Mexico,Furniture,Storage,Home Office,1,189.0,143.57,45.43
2022-04-14,Latin America,Colombia,Furniture,Chairs,Corporate,3,1297.59,725.84,571.75
2022-10-17,Asia Pacific,Australia,Furniture,Chairs,Consumer,4,1446.8,1013.11,433.69
2024-10-27,Asia Pacific,South Korea,Clothing,Pants,Home Office,4,553.76,379.48,174.28
2024-04-22,Asia Pacific,South Korea,Office Supplies,Paper,Corporate,1,42.65,33.17,9.48
2023-09-12,Europe,Germany,Furniture,Storage,Home Office,3,1126.2,575.05,551.15
2022-02-21,Asia Pacific,India,Electronics,Phones,Home Office,4,293.16,177.03,116.13
2022-03-09,Europe,United Kingdom,Electronics,Phones,Consumer,3,159.66,124.87,34.79
2024-11-10,Latin America,Brazil,Office Supplies,Labels,Consumer,2,649.74,341.32,308.42
2022-12-09,North America,United States,Electronics,Audio,Corporate,2,406.82,242.44,164.38
2024-11-23,Europe,Spain,Electronics,Computers,Home Office,4,1888.44,853.02,1035.42
2022-09-18,Latin America,Colombia,Clothing,Shirts,Corporate,1,99.34,44.1,55.24
2023-03-09,North America,United States,Electronics,Phones,Home Office,3,1470.12,1078.17,391.95
2022-10-28,Asia Pacific,Australia,Electronics,Phones,Home Office,2,377.16,285.42,91.74
2022-08-18,Europe,France,Office Supplies,Labels,Corporate,3,859.35,495.88,363.47
2024-07-18,Europe,Spain,Electronics,Phones,Corporate,1,211.17,140.77,70.4
2024-03-08,Latin America,Colombia,Furniture,Tables,Corporate,4,477.48,325.95,151.53
2022-06-14,Europe,Italy,Clothing,Shoes,Corporate,5,1760.15,809.28,950.87
2024-01-29,Asia Pacific,South Korea,Office Supplies,Paper,Corporate,4,1780.56,1379.13,401.43
2024-05-22,Europe,France,Clothing,Outerwear,Corporate,5,1908.9,1015.59,893.31
2023-09-06,North America,Canada,Office Supplies,Paper,Corporate,5,532.75,255.57,277.18
2023-06-28,Europe,United Kingdom,Office Supplies,Labels,Consumer,2,803.54,331.8,471.74
2023-01-25,Europe,Spain,Electronics,Audio,Corporate,3,439.68,205.59,234.09
2023-08-29,North America,United States,Office Supplies,Pens,Consumer,1,479.57,333.61,145.96
2024-12-18,Europe,United Kingdom,Clothing,Shirts,Home Office,3,983.82,544.98,438.84
2024-06-12,North America,Mexico,Furniture,Desks,Home Office,4,855.2,408.35,446.85
2024-12-04,Asia Pacific,Japan,Office Supplies,Pens,Home Office,3,1306.62,526.39,780.23
2022-07-15,Europe,United Kingdom,Electronics,Computers,Home Office,2,747.48,519.11,228.37
2024-03-25,Asia Pacific,Australia,Clothing,Outerwear,Home Office,2,95.66,41.62,54.04
2024-09-30,North America,United States,Furniture,Chairs,Consumer,3,1460.82,1147.45,313.37
2023-03-11,North America,United States,Electronics,Accessories,Corporate,1,194.52,129.67,64.85
2022-02-14,Europe,United Kingdom,Office Supplies,Pens,Home Office,5,184.15,108.09,76.06
2023-01-21,Asia Pacific,China,Electronics,Phones,Corporate,4,1352.16,730.49,621.67
2022-01-28,Europe,United Kingdom,Electronics,Audio,Home Office,2,75.34,43.1,32.24
2022-01-03,Asia Pacific,Japan,Furniture,Chairs,Consumer,3,1347.15,960.91,386.24
2023-07-12,North America,Mexico,Electronics,Accessories,Consumer,4,572.32,456.72,115.6
2023-02-01,Europe,United Kingdom,Clothing,Outerwear,Corporate,1,102.85,81.64,21.21
2022-08-25,North America,Canada,Clothing,Outerwear,Home Office,3,1353.06,1031.6,321.46
2022-06-04,Latin America,Brazil,Office Supplies,Binders,Corporate,4,502.44,225.87,276.57
2024-06-05,Europe,France,Furniture,Chairs,Corporate,3,72.18,33.86,38.32
2023-03-06,Latin America,Argentina,Furniture,Chairs,Home Office,3,570.9,438.66,132.24
2024-08-05,Asia Pacific,China,Furniture,Desks,Consumer,2,485.16,365.63,119.53
2022-02-27,Asia Pacific,Australia,Furniture,Storage,Consumer,1,243.32,99.62,143.7
2022-09-22,Latin America,Colombia,Clothing,Pants,Consumer,4,1347.08,841.87,505.21
2024-10-04,Europe,Italy,Clothing,Pants,Corporate,3,43.38,32.25,11.13
2023-02-23,North America,Mexico,Furniture,Tables,Corporate,3,784.26,548.1,236.16
2023-04-18,Latin America,Colombia,Furniture,Storage,Consumer,5,971.15,432.26,538.89
2023-03-07,Europe,Germany,Office Supplies,Pens,Consumer,2,89.26,47.72,41.54
2023-12-15,Europe,Germany,Furniture,Tables,Consumer,3,908.37,714.66,193.71
2022-06-12,North America,Canada,Electronics,Audio,Consumer,4,1927.76,1208.3,719.46
2022-09-14,Europe,Italy,Electronics,Phones,Home Office,5,1468.75,915.32,553.43
2024-10-30,Latin America,Brazil,Office Supplies,Paper,Consumer,1,118.14,73.11,45.03
2022-07-25,North America,Mexico,Furniture,Tables,Consumer,2,411.32,257.11,154.21
2022-03-01,Europe,Germany,Clothing,Outerwear,Home Office,4,1728.4,1376.09,352.31
2024-04-03,North America,Canada,Furniture,Chairs,Corporate,5,660.35,339.89,320.46
2023-08-22,Latin America,Colombia,Electronics,Phones,Consumer,2,231.8,146.27,85.53
2023-05-09,Latin America,Brazil,Office Supplies,Binders,Corporate,1,12.66,10.05,2.61
2022-06-16,Asia Pacific,South Korea,Furniture,Tables,Corporate,5,1746.25,1159.75,586.5
2022-05-04,Europe,Spain,Furniture,Chairs,Corporate,5,1895.95,1130.0,765.95
2022-03-11,Asia Pacific,Australia,Electronics,Phones,Corporate,3,352.26,154.77,197.49
2022-05-18,Latin America,Colombia,Electronics,Audio,Consumer,2,692.28,292.75,399.53
2023-10-05,Europe,France,Furniture,Storage,Home Office,3,1032.96,482.48,550.48
2023-05-20,Latin America,Chile,Furniture,Desks,Corporate,3,812.7,522.46,290.24
2022-09-14,Europe,Spain,Office Supplies,Pens,Corporate,5,250.0,178.12,71.88
2023-11-16,Latin America,Brazil,Office Supplies,Labels,Corporate,5,878.85,609.02,269.83
2023-04-02,Europe,United Kingdom,Electronics,Accessories,Consumer,2,955.28,738.56,216.72
2022-10-19,Asia Pacific,Japan,Clothing,Pants,Home Office,1,42.35,22.37,19.98
2022-02-10,Latin America,Brazil,Clothing,Pants,Consumer,2,778.74,348.25,430.49
2024-09-23,North America,United States,Office Supplies,Labels,Corporate,3,337.77,139.53,198.24
2023-10-07,Latin America,Brazil,Office Supplies,Binders,Corporate,1,423.11,215.84,207.27
2022-02-15,Europe,Spain,Clothing,Shoes,Home Office,5,1661.1,1043.64,617.46
2024-11-13,Europe,France,Office Supplies,Paper,Corporate,2,726.14,355.84,370.3
2023-06-03,Europe,United Kingdom,Electronics,Audio,Corporate,1,29.05,17.52,11.53
2023-08-26,Europe,Italy,Clothing,Shoes,Corporate,4,620.56,350.22,270.34
2023-04-14,Europe,United Kingdom,Furniture,Tables,Corporate,4,1656.84,719.06,937.78
2022-12-21,Latin America,Chile,Electronics,Audio,Consumer,3,572.07,328.15,243.92
2022-09-21,Latin America,Colombia,Furniture,Chairs,Corporate,1,339.73,262.47,77.26
2024-05-11,Europe,France,Clothing,Shirts,Corporate,3,612.12,378.92,233.2
2024-10-28,Europe,United Kingdom,Clothing,Outerwear,Home Office,2,977.9,586.19,391.71
2024-08-25,North America,Canada,Clothing,Outerwear,Home Office,2,885.6,677.53,208.07
2024-08-04,North America,Canada,Furniture,Chairs,Consumer,4,858.88,576.98,281.9
2024-09-24,Asia Pacific,South Korea,Electronics,Accessories,Corporate,3,361.92,259.52,102.4
2022-10-26,North America,Mexico,Furniture,Desks,Consumer,3,859.68,487.72,371.96
2023-04-02,Asia Pacific,India,Office Supplies,Pens,Home Office,1,244.75,152.92,91.83
2022-06-17,Latin America,Chile,Clothing,Outerwear,Home Office,4,85.6,67.22,18.38
2022-08-10,Asia Pacific,India,Office Supplies,Binders,Consumer,3,697.71,398.8,298.91
2023-06-19,Europe,Italy,Furniture,Tables,Corporate,2,705.24,329.82,375.42
2024-06-15,Latin America,Argentina,Furniture,Tables,Home Office,3,1281.3,950.85,330.45
2023-01-03,Europe,United Kingdom,Furniture,Tables,Home Office,5,1076.55,661.09,415.46
2024-10-16,Europe,Germany,Office Supplies,Labels,Consumer,5,1463.15,999.63,463.52
2023-05-13,Asia Pacific,India,Office Supplies,Binders,Home Office,5,2409.0,1199.42,1209.58
2023-06-17,Europe,Germany,Electronics,Phones,Home Office,3,1021.2,661.07,360.13
2024-01-19,North America,Canada,Clothing,Shirts,Home Office,1,249.76,134.58,115.18
2023-08-03,Asia Pacific,South Korea,Office Supplies,Paper,Corporate,2,690.36,507.93,182.43
2022-09-16,Europe,Spain,Electronics,Accessories,Corporate,5,447.75,256.59,191.16
2024-06-30,Asia Pacific,China,Clothing,Outerwear,Home Office,4,530.72,289.76,240.96
2022-10-10,North America,Canada,Clothing,Pants,Corporate,5,1548.35,855.24,693.11
2024-03-16,Asia Pacific,Australia,Clothing,Outerwear,Consumer,5,2272.95,1735.17,537.78
2024-08-18,Europe,United Kingdom,Clothing,Shirts,Consumer,3,613.95,348.04,265.91
2024-01-11,Europe,Germany,Clothing,Shirts,Consumer,3,743.16,355.37,387.79
2022-02-14,Asia Pacific,Japan,Electronics,Accessories,Corporate,1,477.74,378.15,99.59
2022-05-11,North America,Mexico,Clothing,Shirts,Corporate,4,1142.68,602.34,540.34
2024-11-10,North America,Mexico,Electronics,Computers,Home Office,1,426.16,215.67,210.49
2022-02-28,North America,Canada,Office Supplies,Paper,Corporate,4,1807.96,1101.45,706.51
2023-04-21,Latin America,Brazil,Office Supplies,Pens,Corporate,4,1707.0,844.76,862.24
2024-08-31,Latin America,Brazil,Furniture,Desks,Consumer,5,590.3,355.21,235.09
2024-10-06,Asia Pacific,Japan,Office Supplies,Labels,Corporate,5,2047.85,1103.95,943.9
2023-01-06,Latin America,Chile,Furniture,Desks,Home Office,4,1845.56,1316.75,528.81
2024-10-04,Asia Pacific,Japan,Office Supplies,Binders,Consumer,1,471.34,205.57,265.77
2022-09-01,Latin America,Chile,Office Supplies,Pens,Home Office,4,467.04,361.56,105.48
2023-09-28,Asia Pacific,Australia,Electronics,Audio,Home Office,2,869.38,474.72,394.66
2023-07-09,North America,Canada,Office Supplies,Paper,Consumer,3,195.6,79.05,116.55
2022-01-14,Latin America,Argentina,Clothing,Shirts,Corporate,5,1974.5,1144.91,829.59
2023-02-15,Latin America,Argentina,Furniture,Desks,Home Office,4,874.24,555.61,318.63
2024-11-08,North America,Mexico,Furniture,Desks,Home Office,1,103.44,52.46,50.98
2023-03-30,North America,United States,Office Supplies,Binders,Home Office,4,129.56,70.0,59.56
2023-08-27,Latin America,Colombia,Clothing,Outerwear,Consumer,1,474.73,291.11,183.62
2024-09-21,Asia Pacific,China,Clothing,Shirts,Corporate,2,765.7,485.1,280.6
2024-12-07,Asia Pacific,China,Office Supplies,Labels,Home Office,5,394.25,211.07,183.18
2024-02-29,Latin America,Brazil,Furniture,Tables,Corporate,1,421.52,193.7,227.82
2024-07-14,Europe,Spain,Office Supplies,Paper,Corporate,3,763.56,554.46,209.1
2024-12-26,Latin America,Brazil,Office Supplies,Binders,Home Office,1,326.27,217.25,109.02
2024-09-14,Europe,United Kingdom,Furniture,Desks,Home Office,3,973.83,583.09,390.74
2023-06-10,Europe,Germany,Electronics,Audio,Consumer,1,481.81,342.83,138.98
2023-07-01,Europe,Spain,Office Supplies,Labels,Home Office,1,408.88,243.53,165.35
2023-07-26,Asia Pacific,Australia,Furniture,Tables,Consumer,2,862.84,348.08,514.76
2023-05-28,Europe,France,Clothing,Pants,Home Office,4,1175.6,781.57,394.03
2022-11-19,North America,Canada,Furniture,Storage,Home Office,4,194.8,140.33,54.47
2022-03-14,Asia Pacific,Australia,Electronics,Computers,Corporate,3,917.46,609.59,307.87
2022-01-30,Asia Pacific,China,Furniture,Storage,Corporate,4,312.28,178.03,134.25
2023-03-15,North America,United States,Office Supplies,Binders,Home Office,3,1252.68,795.2,457.48
2023-07-18,Europe,United Kingdom,Office Supplies,Pens,Home Office,4,1732.36,984.11,748.25
2023-08-30,Latin America,Brazil,Office Supplies,Binders,Home Office,4,230.72,180.15,50.57
2024-03-28,North America,United States,Electronics,Accessories,Home Office,3,736.83,309.76,427.07
2022-09-11,Europe,United Kingdom,Electronics,Computers,Home Office,5,1222.75,645.67,577.08
2024-10-07,Europe,France,Office Supplies,Paper,Corporate,5,877.0,657.87,219.13
2022-05-31,Latin America,Brazil,Clothing,Shirts,Consumer,5,1297.95,593.42,704.53
2023-05-23,North America,Canada,Furniture,Tables,Corporate,1,110.05,83.13,26.92
2022-03-19,North America,United States,Electronics,Audio,Home Office,3,1390.77,846.66,544.11
2024-08-28,Asia Pacific,South Korea,Office Supplies,Paper,Consumer,2,269.08,155.4,113.68
2024-01-24,Latin America,Colombia,Furniture,Desks,Home Office,3,195.6,100.38,95.22
2022-12-25,Europe,Spain,Office Supplies,Labels,Consumer,1,316.05,252.74,63.31
2023-08-06,Latin America,Brazil,Electronics,Computers,Home Office,5,414.55,201.88,212.67
2024-10-24,Asia Pacific,Japan,Clothing,Shoes,Consumer,1,46.07,22.2,23.87
2022-05-24,Asia Pacific,China,Clothing,Outerwear,Home Office,2,52.68,41.42,11.26
2024-09-07,Europe,United Kingdom,Office Supplies,Labels,Home Office,1,278.46,117.34,161.12
2023-07-30,North America,United States,Furniture,Storage,Consumer,4,1704.4,1081.65,622.75
2023-05-02,Europe,United Kingdom,Office Supplies,Binders,Corporate,4,1712.04,1344.43,367.61
2024-05-14,Europe,United Kingdom,Office Supplies,Labels,Home Office,4,1994.36,802.63,1191.73
2022-06-10,North America,Canada,Electronics,Accessories,Home Office,4,1184.2,622.26,561.94
2022-10-06,North America,Mexico,Electronics,Phones,Home Office,2,966.72,708.31,258.41
2023-05-29,North America,Canada,Electronics,Accessories,Consumer,4,1005.36,410.95,594.41
2023-05-02,Europe,Germany,Furniture,Tables,Consumer,1,77.66,57.82,19.84
2023-12-19,Europe,Germany,Office Supplies,Binders,Consumer,4,1431.76,1129.29,302.47
2023-04-29,Europe,Germany,Office Supplies,Labels,Consumer,4,928.04,405.67,522.37
2023-12-28,North America,Canada,Office Supplies,Paper,Home Office,4,1403.92,688.03,715.89
2022-02-19,Europe,Spain,Electronics,Accessories,Consumer,3,879.99,690.69,189.3
2024-07-18,North America,United States,Clothing,Outerwear,Corporate,3,726.63,500.05,226.58
2024-04-12,Latin America,Colombia,Furniture,Chairs,Home Office,3,206.88,100.02,106.86
2022-07-25,Europe,Italy,Furniture,Tables,Consumer,2,593.42,415.11,178.31
2024-12-29,North America,United States,Electronics,Audio,Consumer,4,897.64,488.64,409.0
2024-02-09,Latin America,Argentina,Clothing,Outerwear,Corporate,5,1339.2,568.65,770.55
2022-05-10,North America,Mexico,Clothing,Pants,Corporate,5,1704.3,1103.97,600.33
2023-07-22,Asia Pacific,China,Office Supplies,Labels,Consumer,2,743.54,485.91,257.63
2023-02-11,North America,Canada,Clothing,Pants,Home Office,3,1131.99,653.23,478.76
2022-09-23,Europe,Spain,Electronics,Phones,Corporate,3,264.99,174.91,90.08
2024-11-22,Asia Pacific,Australia,Furniture,Chairs,Home Office,4,54.32,34.74,19.58
2022-03-23,North America,United States,Furniture,Chairs,Corporate,4,375.68,208.98,166.7
2022-10-09,Europe,Italy,Clothing,Outerwear,Consumer,3,556.23,399.65,156.58
2022-10-28,Europe,France,Office Supplies,Paper,Consumer,3,705.15,457.96,247.19
2024-02-07,Europe,Italy,Clothing,Pants,Corporate,1,381.68,234.48,147.2
2024-05-12,Latin America,Chile,Electronics,Accessories,Consumer,5,1757.15,1088.33,668.82
2024-01-27,North America,Mexico,Office Supplies,Binders,Consumer,5,2066.25,1058.19,1008.06
2023-02-20,Asia Pacific,Australia,Furniture,Tables,Home Office,3,278.79,144.2,134.59
2022-09-12,North America,Mexico,Electronics,Phones,Home Office,3,539.94,370.79,169.15
2023-07-30,Europe,Germany,Furniture,Storage,Consumer,2,163.08,75.76,87.32
2022-12-03,Europe,Spain,Office Supplies,Paper,Home Office,3,636.24,436.92,199.32
2024-01-02,Latin America,Brazil,Furniture,Storage,Corporate,4,280.0,167.2,112.8
2024-02-10,Asia Pacific,China,Clothing,Shoes,Home Office,3,717.15,287.99,429.16
2024-07-08,Asia Pacific,South Korea,Electronics,Computers,Consumer,1,103.22,56.48,46.74
2024-11-15,Latin America,Colombia,Furniture,Desks,Consumer,2,97.82,69.22,28.6
2024-11-27,Latin America,Brazil,Electronics,Computers,Home Office,4,858.32,502.23,356.09
2024-08-28,Europe,Italy,Furniture,Tables,Consumer,4,1224.44,536.89,687.55
2022-02-19,Europe,Spain,Electronics,Audio,Consumer,2,877.02,669.54,207.48
2022-10-26,Latin America,Brazil,Electronics,Accessories,Home Office,2,786.54,391.87,394.67
2024-02-08,Europe,Spain,Office Supplies,Pens,Consumer,5,1864.65,781.71,1082.94
2023-01-01,North America,Mexico,Electronics,Computers,Home Office,3,1242.06,535.32,706.74
2023-08-06,Asia Pacific,India,Clothing,Pants,Corporate,5,1520.5,688.84,831.66
2022-06-17,Latin America,Chile,Office Supplies,Labels,Home Office,3,195.78,89.53,106.25
2022-01-27,Europe,United Kingdom,Office Supplies,Labels,Corporate,3,1026.45,809.51,216.94
2024-12-06,North America,Canada,Electronics,Accessories,Corporate,4,521.2,258.28,262.92
2024-03-19,Latin America,Chile,Clothing,Shirts,Home Office,2,908.14,465.29,442.85
2024-12-20,Asia Pacific,India,Office Supplies,Labels,Consumer,3,569.64,454.79,114.85
2024-05-18,Asia Pacific,Australia,Office Supplies,Labels,Consumer,3,1481.67,1039.6,442.07
2023-01-24,Europe,Italy,Furniture,Storage,Consumer,4,1812.16,1148.48,663.68
2023-04-12,North America,Canada,Furniture,Chairs,Home Office,2,602.44,460.37,142.07
2023-12-03,North America,United States,Office Supplies,Paper,Consumer,3,934.32,560.49,373.83
2022-04-03,Latin America,Colombia,Electronics,Audio,Consumer,3,262.2,143.18,119.02
2024-02-27,Europe,United Kingdom,Clothing,Shirts,Consumer,5,1199.6,849.78,349.82
2022-05-19,Europe,Germany,Electronics,Phones,Consumer,1,391.14,294.42,96.72
2023-01-01,Latin America,Chile,Electronics,Audio,Home Office,5,392.8,193.92,198.88
2024-01-22,Latin America,Chile,Furniture,Chairs,Home Office,3,800.58,378.12,422.46
2023-10-13,Asia Pacific,China,Furniture,Chairs,Corporate,2,831.32,493.49,337.83
2023-05-01,Europe,France,Office Supplies,Labels,Home Office,3,136.29,101.95,34.34
2022-12-28,Asia Pacific,Japan,Clothing,Shoes,Home Office,5,2204.95,1155.38,1049.57
2022-10-20,Europe,France,Electronics,Phones,Home Office,3,1292.82,525.64,767.18
2024-07-04,North America,Mexico,Electronics,Phones,Home Office,3,645.78,315.62,330.16
2022-07-22,North America,Mexico,Clothing,Outerwear,Home Office,4,1924.8,1265.48,659.32
2023-08-13,Europe,Germany,Furniture,Tables,Consumer,1,336.08,201.59,134.49
2023-09-26,Europe,Germany,Furniture,Tables,Consumer,1,162.19,114.4,47.79
2022-04-19,Latin America,Chile,Office Supplies,Paper,Corporate,2,880.22,400.79,479.43
2023-03-09,Latin America,Colombia,Electronics,Audio,Home Office,2,740.12,344.14,395.98
2023-07-10,Latin America,Argentina,Furniture,Storage,Corporate,5,1130.6,641.15,489.45
2022-06-10,Latin America,Chile,Office Supplies,Binders,Consumer,2,232.08,140.6,91.48
2024-01-26,North America,United States,Furniture,Chairs,Consumer,1,29.72,20.72,9.0
2022-08-19,North America,Canada,Office Supplies,Pens,Corporate,2,266.0,176.95,89.05
2022-05-19,Asia Pacific,India,Electronics,Computers,Corporate,3,1242.12,684.06,558.06
2022-02-03,Latin America,Argentina,Clothing,Outerwear,Corporate,3,1024.2,459.25,564.95
2022-05-29,North America,United States,Office Supplies,Paper,Corporate,1,45.18,26.73,18.45
2023-09-19,North America,Mexico,Clothing,Outerwear,Consumer,2,518.62,391.17,127.45
2024-07-26,Europe,Germany,Electronics,Accessories,Corporate,3,477.03,293.18,183.85
2023-12-26,Latin America,Argentina,Clothing,Outerwear,Corporate,4,1943.24,1295.02,648.22
2023-02-07,Europe,United Kingdom,Clothing,Shoes,Consumer,2,712.14,327.13,385.01
2023-10-10,Latin America,Argentina,Clothing,Pants,Consumer,1,151.58,64.57,87.01
2024-03-17,Asia Pacific,Australia,Electronics,Audio,Consumer,4,1896.0,1169.18,726.82
2022-10-26,Latin America,Argentina,Furniture,Storage,Consumer,2,131.4,61.16,70.24
2024-09-19,Europe,United Kingdom,Furniture,Tables,Home Office,4,308.28,154.88,153.4
2024-11-12,Europe,Germany,Office Supplies,Binders,Home Office,2,629.62,266.2,363.42
2024-06-18,North America,United States,Furniture,Tables,Consumer,2,784.86,381.15,403.71
2022-01-25,North America,Canada,Furniture,Tables,Consumer,3,1284.12,842.21,441.91
2023-07-15,Asia Pacific,Australia,Office Supplies,Paper,Corporate,1,106.95,78.34,28.61
2023-07-31,Latin America,Brazil,Office Supplies,Binders,Corporate,5,79.4,43.12,36.28
2023-01-04,Asia Pacific,Japan,Office Supplies,Binders,Home Office,2,71.58,45.0,26.58
2024-11-28,Europe,Germany,Furniture,Tables,Consumer,3,333.15,221.99,111.16
2024-11-26,Europe,Germany,Furniture,Tables,Consumer,1,257.62,176.45,81.17
2024-02-08,Europe,Spain,Office Supplies,Binders,Corporate,1,297.23,123.95,173.28
2024-12-03,Latin America,Argentina,Electronics,Phones,Consumer,5,2426.05,1442.32,983.73
2022-05-06,Asia Pacific,China,Furniture,Tables,Corporate,3,1337.94,640.57,697.37
2022-04-19,Europe,Italy,Furniture,Storage,Corporate,2,394.14,193.21,200.93
2023-12-13,Latin America,Argentina,Clothing,Shirts,Consumer,5,1799.6,963.75,835.85
2024-06-23,Europe,Spain,Electronics,Computers,Consumer,2,817.54,608.07,209.47
2022-02-25,Latin America,Argentina,Office Supplies,Paper,Corporate,4,1292.64,524.46,768.18
2023-03-28,North America,Canada,Office Supplies,Paper,Home Office,1,18.04,8.98,9.06
2022-10-05,North America,Canada,Furniture,Tables,Home Office,4,740.52,590.41,150.11
2022-08-01,North America,Mexico,Clothing,Outerwear,Home Office,3,727.98,347.5,380.48
2023-04-13,Asia Pacific,China,Electronics,Computers,Home Office,1,353.24,240.86,112.38
2024-04-02,North America,Canada,Furniture,Storage,Consumer,4,1601.52,686.4,915.12
2023-02-27,North America,Mexico,Office Supplies,Labels,Home Office,4,1018.88,599.18,419.7
2022-05-31,North America,United States,Electronics,Computers,Consumer,2,30.4,23.41,6.99
2024-03-25,Europe,France,Clothing,Pants,Consumer,4,1223.44,699.75,523.69
2022-11-05,Asia Pacific,South Korea,Electronics,Accessories,Home Office,1,185.66,122.9,62.76
2022-02-24,North America,United States,Electronics,Computers,Corporate,4,956.56,507.88,448.68
2022-03-25,Europe,Spain,Furniture,Tables,Corporate,4,1206.88,857.4,349.48
2024-07-11,Europe,United Kingdom,Office Supplies,Pens,Corporate,3,724.56,475.87,248.69
2023-11-21,Latin America,Chile,Clothing,Pants,Home Office,2,378.04,195.86,182.18
2023-09-28,Europe,Germany,Clothing,Pants,Consumer,3,1139.49,801.5,337.99
2022-10-29,Europe,Italy,Electronics,Phones,Home Office,4,1471.2,1101.62,369.58
2024-10-24,Latin America,Argentina,Electronics,Phones,Consumer,4,753.76,430.69,323.07
2024-10-22,Latin America,Argentina,Electronics,Accessories,Corporate,5,2201.75,1461.65,740.1
2023-02-13,Asia Pacific,Japan,Electronics,Computers,Corporate,5,1634.6,1093.71,540.89
2022-02-09,North America,United States,Electronics,Computers,Home Office,1,59.03,25.86,33.17
2022-10-04,Asia Pacific,Australia,Clothing,Pants,Consumer,1,93.15,53.87,39.28
2023-11-30,Europe,Spain,Office Supplies,Paper,Consumer,2,803.7,372.61,431.09
2022-05-29,Europe,Germany,Furniture,Chairs,Corporate,5,690.1,286.89,403.21
2022-04-27,Asia Pacific,China,Office Supplies,Labels,Consumer,5,587.5,264.19,323.31
2023-04-30,North America,United States,Office Supplies,Pens,Home Office,1,353.2,150.79,202.41
2023-01-21,North America,United States,Office Supplies,Pens,Consumer,5,1455.6,777.11,678.49
2022-07-13,Europe,France,Furniture,Tables,Corporate,4,704.96,482.2,222.76
2023-08-08,Asia Pacific,India,Office Supplies,Binders,Corporate,4,1202.6,824.43,378.17
2023-03-15,Europe,Spain,Office Supplies,Binders,Corporate,2,142.06,76.24,65.82
2023-09-21,Europe,France,Clothing,Shoes,Corporate,4,616.64,307.31,309.33
2024-08-30,Europe,Germany,Furniture,Desks,Consumer,3,1291.47,605.78,685.69
2024-05-17,North America,United States,Furniture,Chairs,Corporate,1,142.63,69.22,73.41
2024-05-12,Asia Pacific,China,Office Supplies,Pens,Consumer,4,1875.4,938.05,937.35
2022-08-08,Latin America,Chile,Electronics,Accessories,Home Office,2,494.6,318.02,176.58
2022-07-23,Latin America,Brazil,Clothing,Outerwear,Consumer,1,330.79,230.66,100.13
2024-09-21,Asia Pacific,Japan,Clothing,Outerwear,Home Office,1,338.78,244.93,93.85
2024-08-30,Latin America,Chile,Furniture,Storage,Consumer,1,352.9,153.68,199.22
2023-11-27,Latin America,Colombia,Electronics,Phones,Home Office,4,1759.88,1280.07,479.81
2023-06-17,Latin America,Colombia,Office Supplies,Pens,Consumer,4,329.4,255.01,74.39
2024-08-15,Latin America,Brazil,Clothing,Shoes,Home Office,5,1509.95,827.24,682.71
2022-06-22,Asia Pacific,Australia,Electronics,Computers,Consumer,5,1568.35,1180.94,387.41
2022-11-03,Asia Pacific,India,Office Supplies,Pens,Corporate,4,1610.76,1005.3,605.46
2022-01-17,Europe,Italy,Office Supplies,Labels,Consumer,3,1223.19,644.35,578.84
2024-01-31,North America,United States,Clothing,Outerwear,Corporate,5,951.5,463.05,488.45
2024-12-16,Europe,United Kingdom,Office Supplies,Labels,Consumer,5,2267.35,1486.16,781.19
2023-09-20,Latin America,Argentina,Office Supplies,Labels,Corporate,2,230.3,92.43,137.87
2023-11-03,Asia Pacific,Australia,Office Supplies,Pens,Home Office,4,1556.48,809.24,747.24
2023-07-29,Europe,Spain,Office Supplies,Labels,Home Office,1,349.68,210.53,139.15
2024-08-28,Latin America,Argentina,Office Supplies,Paper,Corporate,5,1239.3,863.86,375.44
2024-06-15,Latin America,Argentina,Office Supplies,Paper,Corporate,2,722.82,386.44,336.38
2022-07-01,Latin America,Argentina,Clothing,Outerwear,Corporate,4,1635.52,1269.06,366.46
2022-04-19,Europe,Spain,Clothing,Shoes,Corporate,1,234.02,109.9,124.12
2022-02-18,Europe,Germany,Electronics,Computers,Home Office,1,88.9,36.34,52.56
2022-07-06,Asia Pacific,Australia,Electronics,Phones,Corporate,2,296.66,153.92,142.74
2023-09-24,North America,United States,Electronics,Computers,Corporate,2,879.76,458.62,421.14
2022-11-27,Asia Pacific,Japan,Office Supplies,Pens,Consumer,3,618.06,392.24,225.82
2022-02-10,Asia Pacific,South Korea,Electronics,Computers,Consumer,1,24.23,14.2,10.03
2022-12-20,Asia Pacific,India,Furniture,Storage,Corporate,3,592.38,432.59,159.79
2022-10-24,Latin America,Brazil,Electronics,Accessories,Corporate,5,1181.65,474.42,707.23
2022-08-28,North America,Mexico,Electronics,Phones,Corporate,4,1215.76,927.16,288.6
2022-03-31,Asia Pacific,China,Office Supplies,Binders,Home Office,5,1292.8,978.82,313.98
2024-11-03,North America,United States,Electronics,Computers,Corporate,2,340.52,238.39,102.13
2022-09-08,North America,Canada,Electronics,Accessories,Home Office,5,882.95,624.11,258.84
2024-04-05,Asia Pacific,India,Furniture,Chairs,Consumer,2,547.1,238.21,308.89
2024-02-07,Europe,Italy,Clothing,Outerwear,Home Office,2,529.96,299.14,230.82
2024-08-16,North America,Mexico,Electronics,Computers,Consumer,2,850.28,579.95,270.33
2022-11-02,Latin America,Brazil,Clothing,Shirts,Corporate,5,807.65,373.86,433.79
2022-04-21,Asia Pacific,Japan,Electronics,Accessories,Corporate,3,971.85,598.35,373.5
2023-04-17,Europe,Spain,Clothing,Shoes,Home Office,5,667.25,459.64,207.61
2022-09-12,North America,United States,Office Supplies,Paper,Home Office,5,2484.65,1846.23,638.42
2022-01-12,Asia Pacific,Japan,Clothing,Shoes,Home Office,5,1430.7,854.78,575.92
2023-08-05,North America,United States,Office Supplies,Pens,Corporate,4,530.64,260.73,269.91
2024-03-17,Asia Pacific,Japan,Electronics,Accessories,Consumer,3,615.09,430.01,185.08
2022-01-20,Latin America,Chile,Clothing,Shirts,Corporate,5,1968.15,1115.21,852.94
2023-04-30,North America,United States,Office Supplies,Paper,Corporate,4,1437.8,1061.91,375.89
2022-11-10,Latin America,Argentina,Office Supplies,Pens,Corporate,3,158.46,66.69,91.77
2022-05-15,Asia Pacific,China,Furniture,Storage,Consumer,5,1723.75,1000.31,723.44
2022-03-19,North America,Mexico,Clothing,Outerwear,Corporate,3,225.12,136.9,88.22
2023-09-05,Europe,United Kingdom,Electronics,Audio,Corporate,1,488.44,255.89,232.55
2023-04-23,Europe,France,Office Supplies,Labels,Home Office,2,945.78,383.16,562.62
2023-04-07,Asia Pacific,South Korea,Clothing,Outerwear,Corporate,5,2247.6,1156.34,1091.26
2022-01-27,Asia Pacific,Japan,Furniture,Tables,Corporate,5,1228.0,803.61,424.39
2023-01-24,Europe,Germany,Clothing,Pants,Home Office,5,1292.45,602.42,690.03
2023-11-09,Asia Pacific,China,Electronics,Audio,Home Office,1,194.34,134.12,60.22
2023-07-13,North America,United States,Electronics,Accessories,Corporate,5,747.55,507.57,239.98
2022-07-15,North America,United States,Electronics,Phones,Consumer,1,427.12,288.12,139.0
2022-10-27,Europe,United Kingdom,Office Supplies,Binders,Home Office,4,590.32,442.64,147.68
2022-01-11,Europe,Italy,Clothing,Shirts,Home Office,5,1222.4,903.09,319.31
2022-03-19,Asia Pacific,South Korea,Furniture,Tables,Consumer,1,427.91,330.45,97.46
2023-11-05,Latin America,Brazil,Furniture,Chairs,Home Office,5,1466.5,993.75,472.75
2022-12-07,Asia Pacific,Australia,Clothing,Shirts,Corporate,5,1374.65,750.09,624.56
2023-08-17,Asia Pacific,India,Furniture,Storage,Consumer,2,703.82,315.6,388.22
2022-09-29,North America,Mexico,Clothing,Outerwear,Home Office,3,37.98,23.84,14.14
2024-09-07,North America,United States,Office Supplies,Pens,Consumer,3,953.73,588.5,365.23
2024-06-30,North America,Canada,Furniture,Storage,Corporate,1,166.06,122.54,43.52
2024-03-06,North America,Mexico,Furniture,Storage,Consumer,2,436.84,342.86,93.98
2022-09-10,Europe,Spain,Furniture,Desks,Consumer,5,2333.85,1391.81,942.04
2022-04-03,Europe,France,Electronics,Computers,Home Office,4,502.96,365.01,137.95
2023-10-24,Latin America,Colombia,Office Supplies,Binders,Consumer,5,1486.75,614.31,872.44
2024-04-02,Europe,Italy,Electronics,Accessories,Home Office,4,982.16,409.26,572.9
2023-02-02,Europe,Germany,Clothing,Pants,Corporate,1,278.36,186.94,91.42
2022-03-09,North America,United States,Clothing,Shirts,Corporate,4,826.12,344.34,481.78
2023-05-26,North America,Canada,Electronics,Accessories,Consumer,2,158.68,69.28,89.4
2023-01-19,Asia Pacific,Australia,Furniture,Tables,Corporate,3,1269.03,981.64,287.39
2023-12-10,Latin America,Colombia,Furniture,Desks,Consumer,3,739.5,426.97,312.53
2023-07-31,Latin America,Argentina,Office Supplies,Labels,Home Office,5,1434.7,876.38,558.32
2024-05-10,Europe,United Kingdom,Office Supplies,Binders,Consumer,4,988.04,596.9,391.14
2023-04-18,Latin America,Brazil,Furniture,Storage,Consumer,2,883.92,563.36,320.56
2024-11-23,Latin America,Argentina,Clothing,Shoes,Home Office,1,77.56,46.39,31.17
2022-12-22,Europe,Germany,Electronics,Computers,Consumer,5,2272.9,1705.53,567.37
2022-07-14,Europe,Germany,Electronics,Accessories,Home Office,3,1081.59,805.33,276.26
2023-02-09,Asia Pacific,China,Clothing,Outerwear,Home Office,4,1403.52,1027.78,375.74
2023-09-26,Latin America,Colombia,Electronics,Audio,Corporate,1,158.89,127.03,31.86
2024-02-02,North America,Mexico,Clothing,Shirts,Home Office,4,370.4,262.44,107.96
2023-10-10,Europe,Italy,Office Supplies,Labels,Corporate,2,644.38,474.15,170.23
2023-04-09,Europe,Germany,Clothing,Shirts,Corporate,2,303.94,160.19,143.75
2023-09-09,Latin America,Colombia,Electronics,Phones,Corporate,2,599.3,411.43,187.87
2023-04-07,North America,United States,Furniture,Storage,Consumer,4,62.32,46.29,16.03
2024-03-02,Europe,Italy,Electronics,Accessories,Consumer,5,885.3,367.6,517.7
2023-07-24,Europe,Spain,Office Supplies,Binders,Home Office,2,416.38,227.61,188.77
2022-04-21,Asia Pacific,India,Electronics,Phones,Home Office,2,422.66,197.88,224.78
2023-06-14,Europe,Italy,Office Supplies,Binders,Corporate,1,192.17,109.5,82.67
2024-04-22,North America,Canada,Furniture,Storage,Consumer,3,627.93,500.95,126.98
2022-08-06,Latin America,Brazil,Furniture,Tables,Corporate,1,457.36,328.45,128.91
2024-10-03,North America,United States,Office Supplies,Labels,Consumer,1,215.47,167.91,47.56
2024-04-15,Latin America,Brazil,Furniture,Chairs,Consumer,1,403.79,301.12,102.67
2024-11-26,Latin America,Chile,Clothing,Shoes,Home Office,2,336.22,234.29,101.93
2022-06-12,Europe,Germany,Office Supplies,Labels,Home Office,1,48.23,21.92,26.31
2023-02-23,Europe,Italy,Furniture,Chairs,Home Office,1,490.22,373.38,116.84
2023-12-13,Europe,Germany,Furniture,Chairs,Consumer,5,2011.9,1115.43,896.47
2023-09-12,North America,Mexico,Clothing,Outerwear,Corporate,5,1639.5,932.49,707.01
2022-06-28,Latin America,Brazil,Office Supplies,Paper,Home Office,5,1406.6,913.27,493.33
2022-09-17,North America,United States,Electronics,Computers,Home Office,1,281.73,132.35,149.38
2024-07-30,Europe,Spain,Furniture,Desks,Corporate,4,963.88,529.74,434.14
2024-02-24,Asia Pacific,Australia,Furniture,Chairs,Home Office,3,844.47,669.02,175.45
2022-11-30,Latin America,Chile,Electronics,Audio,Corporate,4,1931.52,1387.55,543.97
2024-02-20,Latin America,Brazil,Electronics,Accessories,Consumer,5,2120.85,1614.12,506.73
2024-10-27,Asia Pacific,South Korea,Office Supplies,Paper,Corporate,3,799.35,630.32,169.03
2023-09-02,North America,Canada,Office Supplies,Paper,Corporate,5,2114.5,1166.61,947.89
2023-12-11,Europe,France,Clothing,Pants,Home Office,3,919.29,639.1,280.19
2023-11-24,North America,United States,Electronics,Computers,Home Office,5,396.35,201.25,195.1
2022-05-02,North America,Mexico,Electronics,Audio,Home Office,3,259.71,112.38,147.33
2023-09-11,Europe,Germany,Furniture,Chairs,Corporate,3,1329.72,798.86,530.86
2023-08-13,Asia Pacific,Japan,Office Supplies,Paper,Consumer,1,416.44,325.95,90.49
2023-08-17,North America,United States,Office Supplies,Labels,Consumer,3,884.79,575.81,308.98
2022-05-02,Asia Pacific,India,Clothing,Shoes,Corporate,4,1644.28,1055.87,588.41
2023-05-27,Europe,France,Electronics,Accessories,Corporate,5,1552.5,938.49,614.01
2023-06-11,Europe,Spain,Electronics,Phones,Home Office,5,1560.3,1085.53,474.77
2023-04-04,Asia Pacific,South Korea,Clothing,Shirts,Corporate,4,842.16,444.42,397.74
2023-06-28,Asia Pacific,Japan,Electronics,Computers,Corporate,4,1120.2,639.7,480.5
2024-07-09,Europe,United Kingdom,Office Supplies,Paper,Home Office,1,35.47,19.45,16.02
2024-02-08,Asia Pacific,India,Clothing,Pants,Corporate,2,612.12,289.54,322.58
2024-10-30,Latin America,Colombia,Electronics,Computers,Home Office,5,710.0,315.08,394.92
2022-09-18,Asia Pacific,Japan,Furniture,Desks,Consumer,2,909.84,674.25,235.59
2022-02-17,Latin America,Colombia,Office Supplies,Labels,Home Office,4,430.16,236.34,193.82
2023-07-08,Asia Pacific,India,Furniture,Storage,Consumer,5,1687.4,1301.25,386.15
2023-12-20,Latin America,Chile,Clothing,Pants,Consumer,4,1790.64,960.61,830.03
2024-09-30,Europe,France,Clothing,Outerwear,Corporate,2,539.42,325.71,213.71
2022-04-17,North America,Canada,Clothing,Shoes,Corporate,4,1273.68,870.86,402.82
2022-09-13,Asia Pacific,India,Furniture,Chairs,Home Office,4,1783.12,973.71,809.41
2022-10-10,Asia Pacific,India,Clothing,Shoes,Home Office,4,786.16,490.8,295.36
2022-03-11,North America,United States,Clothing,Pants,Consumer,2,475.82,335.98,139.84
2023-11-11,North America,United States,Office Supplies,Binders,Home Office,3,719.79,454.47,265.32
2024-02-05,Europe,Germany,Office Supplies,Paper,Consumer,1,69.09,44.55,24.54
2022-05-04,Latin America,Chile,Furniture,Desks,Home Office,4,937.44,591.72,345.72
2023-06-11,Latin America,Colombia,Office Supplies,Pens,Home Office,1,437.35,181.69,255.66
2022-07-30,Europe,Spain,Furniture,Desks,Home Office,2,123.84,86.19,37.65
2024-05-29,Latin America,Colombia,Electronics,Phones,Home Office,4,813.24,512.7,300.54
2023-07-22,Latin America,Argentina,Electronics,Computers,Home Office,2,597.66,452.98,144.68
2022-07-30,Latin America,Chile,Furniture,Desks,Home Office,4,1802.12,1135.7,666.42
2023-02-05,North America,Mexico,Electronics,Audio,Corporate,1,93.95,69.49,24.46
2024-06-23,North America,Mexico,Clothing,Shoes,Consumer,4,187.16,110.86,76.3
2022-03-20,North America,Mexico,Electronics,Phones,Consumer,4,435.0,235.15,199.85
2022-12-14,Latin America,Chile,Office Supplies,Paper,Consumer,4,1474.16,626.99,847.17
2024-01-29,Europe,Italy,Furniture,Storage,Home Office,5,1142.85,764.47,378.38
2023-07-11,North America,Canada,Clothing,Shoes,Home Office,4,1376.52,927.54,448.98
2022-02-14,Latin America,Chile,Clothing,Shoes,Consumer,3,1053.48,664.25,389.23
2024-04-02,Latin America,Argentina,Furniture,Tables,Corporate,4,1727.12,741.16,985.96
2024-08-16,North America,Canada,Clothing,Shirts,Consumer,2,79.26,47.09,32.17
2024-06-08,Asia Pacific,China,Electronics,Audio,Corporate,3,722.1,421.05,301.05
2023-02-13,Latin America,Chile,Clothing,Shoes,Consumer,5,444.9,247.42,197.48
2024-06-30,North America,Mexico,Clothing,Outerwear,Corporate,1,435.48,213.21,222.27
2022-12-01,Latin America,Colombia,Furniture,Chairs,Corporate,2,800.04,585.45,214.59
2022-06-26,Asia Pacific,South Korea,Electronics,Audio,Consumer,4,1294.04,900.77,393.27
2022-10-15,North America,Mexico,Office Supplies,Paper,Home Office,4,455.16,361.3,93.86
2023-08-11,Asia Pacific,China,Furniture,Storage,Home Office,5,1431.05,614.93,816.12
2022-01-10,North America,Mexico,Clothing,Shirts,Consumer,3,922.59,557.51,365.08
2022-10-21,Asia Pacific,South Korea,Furniture,Storage,Consumer,1,423.59,275.99,147.6
2024-08-21,Asia Pacific,China,Clothing,Shoes,Consumer,2,250.9,152.98,97.92
2022-07-29,Europe,Italy,Clothing,Shoes,Home Office,5,1230.1,795.66,434.44
2024-10-11,Europe,France,Furniture,Desks,Consumer,3,1049.46,823.48,225.98
2023-03-10,Latin America,Colombia,Office Supplies,Pens,Consumer,3,1199.94,679.4,520.54
2024-08-14,North America,United States,Clothing,Pants,Consumer,3,1115.64,870.12,245.52
2023-02-01,North America,Mexico,Office Supplies,Pens,Corporate,4,191.12,105.05,86.07
2023-04-14,Asia Pacific,Japan,Electronics,Accessories,Corporate,2,825.94,369.78,456.16
2024-08-13,North America,Canada,Furniture,Storage,Corporate,4,1643.24,1200.22,443.02
2023-06-28,Europe,Italy,Clothing,Outerwear,Consumer,2,376.44,168.97,207.47
2022-09-24,Europe,France,Clothing,Pants,Home Office,5,1251.55,756.83,494.72
2023-04-08,Latin America,Brazil,Electronics,Computers,Corporate,4,1998.08,1537.56,460.52
2022-07-08,North America,United States,Furniture,Tables,Consumer,1,49.64,31.56,18.08
2024-07-08,Latin America,Chile,Office Supplies,Binders,Consumer,4,1648.4,1078.86,569.54
2024-05-26,Latin America,Colombia,Furniture,Storage,Consumer,5,481.35,286.57,194.78
2024-04-03,Europe,Spain,Furniture,Chairs,Consumer,1,410.84,234.81,176.03
2024-09-18,North America,United States,Furniture,Desks,Home Office,4,1126.24,563.35,562.89
2023-04-05,Europe,Italy,Furniture,Desks,Home Office,3,1257.24,682.02,575.22
2023-09-30,Europe,Spain,Furniture,Storage,Corporate,5,2079.6,1373.13,706.47
2024-04-29,Latin America,Brazil,Office Supplies,Labels,Home Office,1,23.34,16.24,7.1
2022-11-30,Latin America,Argentina,Furniture,Storage,Home Office,3,907.89,576.47,331.42
2024-08-19,Europe,United Kingdom,Office Supplies,Binders,Corporate,2,157.94,114.15,43.79
2023-11-23,Europe,France,Office Supplies,Pens,Consumer,2,664.12,281.44,382.68
2023-03-12,North America,Canada,Electronics,Audio,Home Office,1,302.29,177.2,125.09
2022-06-26,Europe,Germany,Electronics,Computers,Home Office,3,1495.62,846.01,649.61
2022-01-08,Latin America,Argentina,Office Supplies,Pens,Corporate,3,876.78,453.22,423.56
2023-12-16,Latin America,Brazil,Electronics,Accessories,Consumer,4,1038.96,562.35,476.61
2024-12-19,Latin America,Chile,Office Supplies,Labels,Consumer,4,562.8,281.65,281.15
2022-10-12,Latin America,Chile,Electronics,Phones,Home Office,1,18.21,12.07,6.14
2022-02-25,North America,United States,Electronics,Phones,Corporate,5,1071.6,820.73,250.87
2024-02-11,Latin America,Brazil,Furniture,Chairs,Corporate,1,16.66,13.15,3.51
2023-02-06,Europe,Italy,Furniture,Chairs,Consumer,3,226.23,121.97,104.26
2023-01-06,North America,United States,Electronics,Computers,Corporate,2,561.76,280.75,281.01
2024-11-28,Europe,Italy,Office Supplies,Binders,Home Office,4,1140.8,648.09,492.71
2024-03-04,Europe,United Kingdom,Furniture,Tables,Corporate,5,1322.6,805.76,516.84
2024-03-24,North America,United States,Electronics,Phones,Consumer,3,1007.04,778.87,228.17
2023-02-19,Asia Pacific,Japan,Office Supplies,Paper,Home Office,3,110.55,62.75,47.8
2022-11-22,Europe,Germany,Office Supplies,Labels,Consumer,1,294.21,166.99,127.22
2022-04-07,Europe,Italy,Electronics,Accessories,Home Office,3,1403.07,616.35,786.72
2022-10-01,Latin America,Brazil,Electronics,Computers,Home Office,4,581.04,401.58,179.46
2022-10-24,Latin America,Colombia,Clothing,Outerwear,Consumer,3,909.66,632.48,277.18
2023-09-08,Latin America,Colombia,Clothing,Shirts,Home Office,2,814.1,370.39,443.71
2023-09-06,Latin America,Argentina,Furniture,Chairs,Home Office,2,692.16,372.74,319.42
2024-12-05,North America,Canada,Clothing,Shirts,Home Office,2,594.8,268.81,325.99
2024-09-05,North America,Canada,Office Supplies,Pens,Home Office,4,1862.16,823.29,1038.87
2022-06-21,North America,United States,Furniture,Desks,Home Office,2,512.64,377.11,135.53
2023-06-28,North America,United States,Furniture,Tables,Home Office,3,1128.33,660.95,467.38
2024-07-20,Asia Pacific,Australia,Electronics,Computers,Corporate,1,147.16,90.16,57.0
2023-01-18,Europe,Germany,Office Supplies,Paper,Consumer,3,827.67,588.13,239.54
2024-08-31,North America,United States,Office Supplies,Binders,Consumer,5,953.65,696.69,256.96
2023-03-27,Asia Pacific,Australia,Clothing,Pants,Home Office,2,188.14,80.89,107.25
2023-06-04,Latin America,Brazil,Electronics,Phones,Corporate,2,664.02,328.79,335.23
2024-02-22,Europe,United Kingdom,Electronics,Phones,Home Office,1,234.47,134.55,99.92
2023-04-26,Latin America,Chile,Office Supplies,Labels,Corporate,1,93.8,61.97,31.83
2022-04-05,North America,Canada,Clothing,Outerwear,Consumer,1,85.11,37.58,47.53
2022-09-19,North America,Canada,Clothing,Pants,Consumer,4,925.76,456.84,468.92
2024-02-01,Asia Pacific,South Korea,Furniture,Tables,Home Office,4,622.44,489.69,132.75
2023-07-09,North America,United States,Clothing,Shoes,Consumer,1,175.45,99.09,76.36
2023-03-27,Europe,Italy,Furniture,Tables,Consumer,1,245.23,146.72,98.51
2023-04-19,Latin America,Chile,Furniture,Tables,Corporate,3,610.23,265.29,344.94
2023-12-04,Asia Pacific,India,Office Supplies,Labels,Home Office,5,165.45,91.18,74.27
2024-02-13,Latin America,Brazil,Clothing,Outerwear,Consumer,4,766.72,595.63,171.09
2024-05-08,Europe,Italy,Clothing,Pants,Consumer,2,543.5,275.92,267.58
2022-04-03,North America,Canada,Office Supplies,Paper,Home Office,3,920.16,716.97,203.19
2024-04-30,Latin America,Brazil,Furniture,Storage,Corporate,2,891.64,599.04,292.6
2022-02-21,Europe,France,Office Supplies,Binders,Corporate,5,261.75,166.64,95.11
2024-04-07,Europe,Germany,Office Supplies,Paper,Corporate,4,934.92,544.09,390.83
2022-04-23,Europe,Germany,Clothing,Outerwear,Corporate,1,313.82,130.62,183.2
2023-05-28,Europe,France,Office Supplies,Labels,Consumer,3,1127.64,491.8,635.84
2024-10-17,Asia Pacific,South Korea,Clothing,Outerwear,Home Office,5,1570.15,1118.8,451.35
2023-04-17,Latin America,Brazil,Office Supplies,Pens,Home Office,1,261.46,199.39,62.07
2022-05-16,North America,Mexico,Electronics,Audio,Home Office,3,76.74,43.69,33.05
2024-06-16,Latin America,Argentina,Office Supplies,Binders,Consumer,4,1423.32,987.76,435.56
2024-12-11,Europe,France,Clothing,Pants,Home Office,2,181.06,136.62,44.44
2024-12-26,Europe,United Kingdom,Electronics,Accessories,Home Office,2,686.4,471.27,215.13
2023-02-18,North America,Mexico,Office Supplies,Binders,Consumer,2,489.66,329.16,160.5
2024-08-28,North America,Canada,Office Supplies,Paper,Consumer,4,218.68,134.3,84.38
2024-02-22,Europe,France,Clothing,Shoes,Corporate,3,1070.01,431.34,638.67
2023-02-15,Asia Pacific,South Korea,Clothing,Outerwear,Corporate,3,457.65,197.1,260.55
2022-08-09,Asia Pacific,South Korea,Office Supplies,Binders,Corporate,3,399.54,308.7,90.84
2024-04-29,Europe,Germany,Furniture,Chairs,Corporate,5,290.25,196.43,93.82
2022-01-27,North America,Mexico,Clothing,Outerwear,Consumer,3,1089.93,468.53,621.4
2022-06-05,Latin America,Brazil,Furniture,Desks,Consumer,4,1851.52,781.47,1070.05
2022-10-01,Asia Pacific,Australia,Office Supplies,Binders,Corporate,5,1885.8,884.11,1001.69
2022-06-29,Asia Pacific,Japan,Office Supplies,Binders,Home Office,2,930.18,467.06,463.12
2024-07-15,Asia Pacific,India,Furniture,Tables,Consumer,5,1553.7,663.09,890.61
2022-10-13,Latin America,Chile,Office Supplies,Labels,Corporate,3,166.26,116.1,50.16
2024-08-25,Europe,Germany,Office Supplies,Pens,Home Office,2,996.58,457.28,539.3
2022-11-13,Asia Pacific,India,Office Supplies,Binders,Corporate,4,1649.0,1132.75,516.25
2023-02-10,Latin America,Colombia,Furniture,Desks,Corporate,2,647.54,340.55,306.99
2023-07-28,Europe,Spain,Furniture,Storage,Home Office,1,477.12,292.39,184.73
2023-12-18,North America,Mexico,Office Supplies,Binders,Corporate,4,1272.28,828.25,444.03
2024-09-16,Europe,Italy,Clothing,Pants,Corporate,5,1378.85,656.65,722.2
2022-10-30,Europe,United Kingdom,Clothing,Pants,Consumer,4,744.44,583.52,160.92
2023-01-21,Latin America,Brazil,Office Supplies,Pens,Consumer,4,1917.36,1338.66,578.7
2024-01-30,Europe,Spain,Clothing,Pants,Corporate,1,309.17,208.27,100.9
2023-06-29,North America,United States,Furniture,Storage,Home Office,3,1471.5,600.68,870.82
2023-06-10,Europe,United Kingdom,Furniture,Desks,Home Office,3,936.45,600.07,336.38
2022-12-05,Europe,United Kingdom,Clothing,Outerwear,Corporate,5,698.9,450.43,248.47
2024-11-06,Latin America,Colombia,Furniture,Tables,Home Office,1,62.5,27.74,34.76
2024-03-12,North America,Mexico,Clothing,Pants,Home Office,1,39.28,15.92,23.36
2023-01-14,Latin America,Brazil,Furniture,Tables,Home Office,5,2403.75,1519.37,884.38
2023-09-16,Asia Pacific,India,Clothing,Outerwear,Consumer,4,758.04,604.76,153.28
2023-07-05,Latin America,Brazil,Furniture,Tables,Corporate,4,253.08,109.44,143.64
2024-03-31,Latin America,Argentina,Clothing,Outerwear,Corporate,1,203.89,149.78,54.11
2022-06-14,Asia Pacific,India,Electronics,Phones,Corporate,4,785.56,543.04,242.52
2024-02-15,Europe,Italy,Electronics,Phones,Consumer,5,1410.85,923.9,486.95
2023-02-06,Latin America,Argentina,Office Supplies,Pens,Corporate,2,745.86,441.69,304.17
2022-07-16,Europe,United Kingdom,Office Supplies,Binders,Consumer,3,698.85,486.73,212.12
2022-10-08,Asia Pacific,Japan,Furniture,Desks,Consumer,5,55.55,38.39,17.16
2022-01-29,Latin America,Brazil,Furniture,Desks,Home Office,3,1167.15,783.77,383.38
2022-08-23,North America,Canada,Electronics,Computers,Corporate,3,411.51,325.54,85.97
2023-06-17,Asia Pacific,India,Electronics,Phones,Corporate,5,1781.15,1266.23,514.92
2023-05-11,Asia Pacific,South Korea,Office Supplies,Binders,Consumer,1,232.36,123.5,108.86
2023-06-06,Asia Pacific,India,Electronics,Computers,Corporate,5,1527.1,1030.85,496.25
2022-10-25,North America,Canada,Clothing,Shoes,Consumer,2,527.52,350.69,176.83
2023-01-19,Asia Pacific,Japan,Electronics,Computers,Consumer,1,499.32,341.77,157.55
2024-11-15,Asia Pacific,India,Electronics,Accessories,Corporate,5,2315.4,1313.25,1002.15
2023-10-06,Europe,Italy,Clothing,Outerwear,Home Office,5,2224.9,1507.78,717.12
2022-10-09,North America,Mexico,Clothing,Shoes,Corporate,2,888.8,395.39,493.41
2023-10-30,North America,Mexico,Electronics,Audio,Corporate,2,924.14,648.37,275.77
2022-04-24,North America,Canada,Clothing,Shirts,Corporate,2,253.52,161.35,92.17
2023-01-04,Europe,Italy,Electronics,Phones,Home Office,4,376.84,257.66,119.18
2024-12-24,North America,Mexico,Electronics,Phones,Home Office,5,174.0,117.26,56.74
2023-02-04,Latin America,Chile,Electronics,Computers,Consumer,4,1285.84,984.68,301.16
2024-04-08,Asia Pacific,Australia,Clothing,Outerwear,Consumer,5,2330.65,1590.25,740.4
2022-09-29,Europe,Italy,Electronics,Audio,Home Office,1,16.84,9.46,7.38
2024-04-26,Europe,Germany,Furniture,Storage,Home Office,1,433.21,174.11,259.1
2022-09-21,Europe,Germany,Clothing,Shoes,Home Office,5,697.05,548.91,148.14
2024-01-14,Asia Pacific,South Korea,Office Supplies,Pens,Home Office,2,148.72,96.97,51.75
2024-03-05,Latin America,Chile,Furniture,Tables,Consumer,3,1037.16,557.86,479.3
2022-12-12,Latin America,Colombia,Office Supplies,Paper,Consumer,1,325.31,216.57,108.74
2024-09-20,Europe,Germany,Clothing,Pants,Home Office,1,359.01,186.52,172.49
2023-01-08,Europe,Spain,Electronics,Phones,Corporate,4,1509.48,1071.44,438.04
2023-10-21,Asia Pacific,China,Clothing,Shoes,Corporate,3,446.31,323.45,122.86
2024-09-15,North America,United States,Clothing,Shirts,Corporate,4,1270.72,569.54,701.18
2023-04-19,Europe,Spain,Furniture,Tables,Corporate,4,1843.04,858.25,984.79
2023-10-30,Latin America,Argentina,Furniture,Chairs,Home Office,4,1075.2,551.24,523.96
2024-03-14,Asia Pacific,Australia,Furniture,Chairs,Consumer,2,214.96,86.16,128.8
2024-09-29,Europe,Spain,Electronics,Audio,Consumer,2,753.2,564.96,188.24
2022-08-17,Europe,Spain,Clothing,Shoes,Consumer,5,266.45,117.04,149.41
2023-06-04,Latin America,Brazil,Furniture,Tables,Consumer,5,462.15,210.67,251.48
2024-03-12,Asia Pacific,India,Office Supplies,Binders,Consumer,5,662.05,463.18,198.87
2023-01-02,Latin America,Colombia,Clothing,Pants,Consumer,1,90.3,42.47,47.83
2023-01-24,North America,Mexico,Office Supplies,Binders,Consumer,1,49.43,20.35,29.08
2024-11-22,Latin America,Argentina,Electronics,Accessories,Corporate,5,727.35,342.21,385.14
2022-10-18,Latin America,Brazil,Furniture,Tables,Corporate,2,326.0,200.32,125.68
2023-12-12,Europe,United Kingdom,Clothing,Pants,Corporate,5,373.1,280.08,93.02
2022-06-16,Asia Pacific,Australia,Clothing,Shoes,Home Office,1,294.19,133.35,160.84
2022-01-22,North America,United States,Office Supplies,Binders,Corporate,1,226.78,174.61,52.17
2023-12-23,Asia Pacific,Australia,Furniture,Desks,Consumer,5,1500.85,893.97,606.88
2023-01-25,North America,Canada,Furniture,Tables,Corporate,5,1508.25,1179.64,328.61
2023-02-05,Latin America,Argentina,Clothing,Outerwear,Consumer,5,1659.15,1292.08,367.07
2023-02-01,Europe,United Kingdom,Office Supplies,Binders,Consumer,4,553.64,440.87,112.77
2024-12-23,Asia Pacific,South Korea,Electronics,Audio,Home Office,2,761.48,445.12,316.36
2023-08-11,Europe,Germany,Furniture,Desks,Home Office,2,571.46,419.48,151.98
2022-08-20,Asia Pacific,India,Furniture,Chairs,Consumer,5,2118.65,1372.21,746.44
2022-10-08,Asia Pacific,India,Furniture,Desks,Home Office,5,466.15,194.95,271.2
2024-04-10,Latin America,Argentina,Furniture,Chairs,Corporate,4,690.44,375.0,315.44
2024-08-22,North America,Canada,Office Supplies,Pens,Corporate,2,327.5,178.49,149.01
2023-11-27,North America,United States,Clothing,Shoes,Consumer,3,386.16,196.97,189.19
2023-10-06,Asia Pacific,India,Office Supplies,Paper,Corporate,3,879.72,407.92,471.8
2022-06-20,North America,United States,Furniture,Desks,Home Office,1,269.83,214.21,55.62
2022-03-19,Asia Pacific,China,Clothing,Outerwear,Corporate,4,434.04,343.02,91.02
2024-05-31,Asia Pacific,South Korea,Electronics,Phones,Consumer,2,338.48,168.17,170.31
2022-03-13,Asia Pacific,Japan,Furniture,Chairs,Corporate,5,2010.0,961.17,1048.83
2024-05-01,North America,Canada,Electronics,Computers,Corporate,3,1074.57,466.41,608.16
2024-09-14,North America,Mexico,Office Supplies,Binders,Corporate,2,512.0,253.15,258.85
2022-06-09,Asia Pacific,Japan,Furniture,Desks,Consumer,1,489.43,202.1,287.33
2022-12-22,Europe,Germany,Clothing,Outerwear,Consumer,3,1209.75,818.37,391.38
2023-10-28,Latin America,Chile,Clothing,Shoes,Corporate,3,968.73,543.61,425.12
2023-03-03,Europe,Germany,Office Supplies,Paper,Consumer,2,696.86,359.37,337.49
2024-03-23,Latin America,Colombia,Electronics,Accessories,Home Office,2,712.62,320.89,391.73
2024-03-25,Asia Pacific,India,Electronics,Phones,Corporate,1,262.64,126.92,135.72
2023-08-29,Latin America,Colombia,Clothing,Outerwear,Consumer,4,656.56,383.84,272.72
2024-11-29,Asia Pacific,Japan,Clothing,Pants,Consumer,1,244.0,179.75,64.25
2022-08-19,North America,Canada,Furniture,Tables,Consumer,5,220.0,108.15,111.85
2024-07-11,Europe,Spain,Electronics,Computers,Home Office,3,617.46,295.52,321.94
2022-09-11,Latin America,Brazil,Furniture,Tables,Corporate,4,515.12,327.97,187.15
2024-05-19,Europe,Spain,Clothing,Shirts,Home Office,4,1120.36,780.76,339.6
2022-02-05,North America,Canada,Office Supplies,Binders,Consumer,5,1801.5,895.9,905.6
2022-11-07,North America,Mexico,Clothing,Outerwear,Consumer,2,518.86,237.82,281.04
2022-06-07,Latin America,Chile,Furniture,Chairs,Consumer,3,1427.64,898.15,529.49
2022-06-09,North America,Mexico,Electronics,Phones,Consumer,1,318.65,172.0,146.65
2023-01-09,Asia Pacific,Japan,Electronics,Computers,Home Office,1,423.54,217.82,205.72
2024-06-15,Asia Pacific,Australia,Furniture,Desks,Home Office,4,698.56,526.91,171.65
2023-10-24,Europe,United Kingdom,Electronics,Audio,Home Office,3,464.28,235.0,229.28
2024-06-07,Europe,France,Clothing,Shirts,Home Office,2,197.36,105.18,92.18
2022-03-13,Latin America,Brazil,Electronics,Phones,Home Office,5,1277.65,929.28,348.37
2023-10-30,Europe,Spain,Clothing,Shirts,Home Office,5,1784.1,1096.32,687.78
2022-12-22,Asia Pacific,Japan,Clothing,Outerwear,Consumer,3,145.26,88.65,56.61
2023-06-28,Europe,France,Furniture,Storage,Home Office,1,398.58,241.06,157.52
2023-08-21,Asia Pacific,Japan,Clothing,Pants,Consumer,5,945.7,442.35,503.35
2023-07-27,Europe,France,Clothing,Pants,Corporate,2,333.06,258.99,74.07
2024-06-28,Europe,United Kingdom,Clothing,Pants,Home Office,3,563.88,386.65,177.23
2022-05-20,North America,Mexico,Electronics,Accessories,Consumer,3,266.67,143.21,123.46
2024-08-28,Latin America,Colombia,Furniture,Desks,Consumer,3,974.13,580.55,393.58
2022-11-15,Europe,Italy,Clothing,Pants,Corporate,5,1534.85,669.9,864.95
2022-10-09,Asia Pacific,Australia,Office Supplies,Pens,Home Office,4,376.44,266.96,109.48
2022-03-21,North America,Mexico,Furniture,Desks,Home Office,5,894.9,550.6,344.3
2024-10-20,North America,Canada,Clothing,Shirts,Home Office,5,275.4,168.53,106.87
2022-12-03,Europe,Spain,Furniture,Storage,Corporate,2,968.0,525.82,442.18
2022-07-11,Latin America,Chile,Office Supplies,Pens,Corporate,5,1841.6,1036.19,805.41
2022-04-29,Latin America,Argentina,Furniture,Chairs,Home Office,1,384.15,284.58,99.57
2022-11-05,North America,United States,Electronics,Phones,Home Office,1,407.88,201.28,206.6
2024-11-14,North America,Canada,Furniture,Chairs,Corporate,2,353.18,160.76,192.42
2023-07-12,Europe,France,Office Supplies,Paper,Corporate,5,1428.25,673.18,755.07
2022-07-02,Latin America,Colombia,Furniture,Chairs,Corporate,3,1292.61,766.51,526.1
2022-10-14,Latin America,Colombia,Office Supplies,Pens,Home Office,1,64.59,30.5,34.09
2023-04-20,Latin America,Chile,Electronics,Computers,Home Office,5,1916.5,772.64,1143.86
2023-06-06,Asia Pacific,South Korea,Office Supplies,Pens,Home Office,5,1270.15,1014.82,255.33
2022-11-06,Latin America,Brazil,Clothing,Shoes,Home Office,1,362.95,221.92,141.03
2024-07-02,Latin America,Chile,Office Supplies,Paper,Consumer,5,771.5,552.81,218.69
2024-03-22,Europe,Italy,Clothing,Outerwear,Home Office,3,948.54,661.71,286.83
2022-07-10,Latin America,Brazil,Clothing,Shirts,Consumer,2,705.88,406.1,299.78
2023-05-19,North America,Mexico,Electronics,Phones,Home Office,3,746.79,516.91,229.88
2023-08-27,Asia Pacific,Japan,Furniture,Chairs,Home Office,1,108.47,72.13,36.34
2024-09-24,Asia Pacific,India,Office Supplies,Labels,Corporate,4,784.08,606.11,177.97
2023-09-07,Europe,United Kingdom,Clothing,Shoes,Corporate,3,535.86,390.43,145.43
2024-06-18,North America,Canada,Furniture,Chairs,Home Office,1,160.24,110.31,49.93
2022-11-30,North America,United States,Furniture,Chairs,Home Office,1,486.78,317.49,169.29
2024-03-22,Latin America,Chile,Office Supplies,Pens,Corporate,1,312.96,165.88,147.08
2024-12-05,Asia Pacific,South Korea,Furniture,Storage,Consumer,4,1059.96,659.29,400.67
2023-03-03,North America,Mexico,Furniture,Storage,Consumer,3,619.23,418.65,200.58
2024-06-19,North America,United States,Electronics,Accessories,Corporate,1,72.95,55.15,17.8
2023-02-19,Europe,Spain,Clothing,Shoes,Home Office,1,425.43,173.06,252.37
2023-01-05,Europe,United Kingdom,Clothing,Outerwear,Home Office,2,869.68,474.36,395.32
2024-08-24,Asia Pacific,South Korea,Electronics,Audio,Corporate,3,1477.2,1056.77,420.43
2022-12-13,Asia Pacific,Japan,Office Supplies,Labels,Consumer,3,825.63,647.1,178.53
2022-07-22,North America,Mexico,Office Supplies,Pens,Consumer,4,252.28,150.48,101.8
2024-06-18,Asia Pacific,Japan,Office Supplies,Pens,Corporate,3,1255.83,887.97,367.86
2022-10-31,Asia Pacific,Japan,Clothing,Outerwear,Home Office,4,1382.48,1000.34,382.14
2023-02-10,Europe,United Kingdom,Electronics,Audio,Corporate,5,2350.15,1482.31,867.84
2022-10-18,North America,Mexico,Clothing,Shoes,Consumer,5,2001.75,1281.57,720.18
2023-07-20,North America,Canada,Furniture,Storage,Consumer,4,96.8,58.38,38.42
2023-09-29,North America,Mexico,Office Supplies,Binders,Home Office,3,1418.19,674.7,743.49
2023-02-08,Latin America,Brazil,Clothing,Outerwear,Home Office,3,158.73,97.5,61.23
2022-09-27,North America,Mexico,Office Supplies,Paper,Corporate,4,834.6,417.18,417.42
2022-03-06,Asia Pacific,South Korea,Electronics,Accessories,Home Office,2,319.18,152.44,166.74
2022-09-13,Latin America,Brazil,Clothing,Pants,Consumer,2,374.14,271.4,102.74
2024-03-05,Latin America,Argentina,Office Supplies,Paper,Corporate,2,743.9,485.16,258.74
2023-08-09,Latin America,Colombia,Electronics,Phones,Corporate,3,1387.2,1019.64,367.56
2023-04-11,Latin America,Colombia,Clothing,Shoes,Home Office,4,633.6,305.91,327.69
2022-06-30,Europe,France,Office Supplies,Labels,Home Office,3,589.44,365.86,223.58
2022-02-12,Latin America,Argentina,Clothing,Shoes,Consumer,2,298.08,155.87,142.21
2022-05-29,North America,Mexico,Electronics,Computers,Corporate,1,251.74,154.62,97.12
2023-10-19,Europe,Spain,Furniture,Tables,Corporate,1,478.42,362.62,115.8
2022-01-26,Latin America,Colombia,Furniture,Tables,Home Office,5,1964.35,1506.88,457.47
2024-12-19,North America,Canada,Clothing,Shoes,Corporate,4,960.0,498.65,461.35
2024-12-14,Europe,Italy,Clothing,Outerwear,Home Office,5,2127.95,1253.54,874.41
2024-11-04,Latin America,Argentina,Electronics,Computers,Home Office,3,582.12,463.68,118.44
2024-10-01,Latin America,Brazil,Furniture,Storage,Home Office,1,479.07,363.26,115.81
2024-04-16,North America,United States,Office Supplies,Labels,Home Office,1,222.72,116.03,106.69
2022-01-20,North America,Canada,Office Supplies,Paper,Home Office,1,66.49,32.42,34.07
2023-01-13,Latin America,Argentina,Furniture,Tables,Home Office,1,401.69,292.83,108.86
2024-06-17,North America,Canada,Clothing,Shoes,Home Office,1,480.98,339.42,141.56
2022-09-29,Latin America,Brazil,Furniture,Tables,Consumer,3,1394.34,966.8,427.54
2022-12-06,Asia Pacific,Japan,Office Supplies,Pens,Home Office,5,1096.1,809.0,287.1
2023-01-15,Europe,Germany,Electronics,Accessories,Consumer,3,1441.83,604.53,837.3
2023-11-14,Latin America,Brazil,Office Supplies,Labels,Home Office,5,714.25,331.06,383.19
2024-02-13,Asia Pacific,Japan,Clothing,Shoes,Consumer,3,1116.09,551.75,564.34
2024-05-11,Latin America,Colombia,Clothing,Shirts,Consumer,4,1051.76,713.83,337.93
2022-08-05,North America,Mexico,Office Supplies,Labels,Corporate,2,152.78,66.4,86.38
2024-07-18,North America,United States,Office Supplies,Pens,Corporate,4,722.04,346.86,375.18
2024-03-14,Latin America,Colombia,Furniture,Storage,Corporate,3,729.75,388.85,340.9
2024-05-16,Europe,France,Office Supplies,Pens,Corporate,4,1741.64,783.43,958.21
2023-11-16,Asia Pacific,China,Clothing,Shoes,Corporate,1,17.83,12.89,4.94
2023-07-14,Asia Pacific,Australia,Clothing,Outerwear,Home Office,5,1747.75,855.51,892.24
2024-04-06,Latin America,Colombia,Electronics,Phones,Corporate,4,597.76,252.41,345.35
2024-10-05,Europe,France,Furniture,Tables,Home Office,2,372.14,177.02,195.12
2024-03-12,North America,Mexico,Electronics,Accessories,Consumer,1,133.28,65.42,67.86
2022-03-13,Europe,United Kingdom,Clothing,Shirts,Home Office,2,439.3,196.71,242.59
2023-05-28,Latin America,Brazil,Furniture,Desks,Consumer,5,1381.35,823.0,558.35
2022-11-11,Asia Pacific,China,Electronics,Computers,Corporate,2,171.7,69.09,102.61
2023-12-04,North America,Mexico,Office Supplies,Paper,Consumer,2,795.02,333.11,461.91
2022-05-27,North America,United States,Clothing,Shoes,Home Office,2,941.14,738.89,202.25
2022-05-21,Latin America,Chile,Furniture,Tables,Home Office,4,1911.56,1436.68,474.88
2023-06-02,Asia Pacific,China,Electronics,Phones,Consumer,2,82.12,54.21,27.91
2022-08-22,Europe,Germany,Office Supplies,Paper,Corporate,5,204.75,159.04,45.71
2024-05-29,Latin America,Argentina,Furniture,Desks,Corporate,5,509.6,393.85,115.75
2024-11-16,Latin America,Chile,Office Supplies,Pens,Corporate,3,1338.84,1014.15,324.69
2024-07-05,Latin America,Argentina,Furniture,Tables,Home Office,4,876.16,455.84,420.32
2024-07-24,Asia Pacific,Japan,Furniture,Storage,Corporate,1,433.54,298.53,135.01
2023-12-19,Europe,Italy,Clothing,Shoes,Corporate,3,352.74,275.52,77.22
2022-10-11,North America,United States,Furniture,Desks,Consumer,3,839.97,357.19,482.78
2024-06-21,North America,United States,Office Supplies,Labels,Corporate,4,975.32,720.82,254.5
2022-01-12,Latin America,Colombia,Electronics,Computers,Consumer,3,738.33,535.62,202.71
2024-01-09,Asia Pacific,China,Electronics,Audio,Home Office,5,1604.7,731.89,872.81
2023-07-18,Latin America,Argentina,Electronics,Audio,Corporate,4,675.52,321.09,354.43
2024-07-06,North America,Canada,Clothing,Pants,Corporate,4,1706.08,972.78,733.3
2022-02-04,Latin America,Colombia,Clothing,Pants,Home Office,4,514.16,216.18,297.98
2022-12-17,Asia Pacific,Japan,Electronics,Phones,Corporate,3,354.48,195.37,159.11
2024-06-30,North America,Canada,Electronics,Audio,Home Office,2,182.9,85.18,97.72
2022-04-08,Latin America,Colombia,Clothing,Shirts,Corporate,3,96.03,52.87,43.16
2024-02-24,Europe,Spain,Clothing,Shoes,Consumer,5,76.85,37.01,39.84
2022-08-01,Europe,Spain,Office Supplies,Labels,Home Office,1,235.95,130.94,105.01
2024-06-20,Asia Pacific,South Korea,Furniture,Chairs,Consumer,1,80.76,48.09,32.67
2024-01-11,Asia Pacific,Japan,Clothing,Outerwear,Home Office,5,1640.4,1042.63,597.77
2024-10-31,Latin America,Brazil,Electronics,Computers,Home Office,3,504.3,248.13,256.17
2022-04-27,Asia Pacific,Australia,Electronics,Accessories,Home Office,2,337.9,268.43,69.47
2024-01-07,North America,Mexico,Electronics,Accessories,Home Office,5,1031.9,613.12,418.78
2022-11-02,Latin America,Argentina,Clothing,Shirts,Corporate,1,388.06,155.51,232.55
2023-02-15,Asia Pacific,Japan,Office Supplies,Pens,Home Office,5,852.4,451.18,401.22
2022-05-06,North America,United States,Clothing,Pants,Consumer,5,150.9,105.66,45.24
2024-12-24,Latin America,Argentina,Furniture,Chairs,Corporate,4,1603.36,863.72,739.64
2023-04-06,Latin America,Argentina,Office Supplies,Paper,Consumer,1,450.28,273.65,176.63
2022-01-23,Latin America,Brazil,Office Supplies,Labels,Consumer,1,71.12,33.58,37.54
2023-09-06,Asia Pacific,China,Furniture,Tables,Corporate,5,471.3,221.11,250.19
2023-08-30,Latin America,Brazil,Office Supplies,Binders,Home Office,1,166.18,88.9,77.28
2022-11-22,Asia Pacific,Australia,Office Supplies,Labels,Home Office,1,53.55,42.23,11.32
2024-04-18,North America,United States,Electronics,Computers,Home Office,4,1103.72,796.79,306.93
2022-05-24,North America,Mexico,Furniture,Storage,Home Office,5,1274.35,673.14,601.21
2024-10-01,North America,United States,Electronics,Audio,Consumer,3,54.78,40.12,14.66
2024-10-16,Asia Pacific,India,Electronics,Phones,Corporate,3,467.22,225.46,241.76
2024-08-28,Europe,United Kingdom,Electronics,Phones,Home Office,1,205.88,133.31,72.57
2022-06-20,Europe,Italy,Electronics,Audio,Consumer,1,326.13,167.13,159.0
2022-04-19,Latin America,Argentina,Furniture,Chairs,Corporate,4,1632.6,977.57,655.03
2022-02-10,North America,Mexico,Electronics,Accessories,Corporate,4,186.16,120.39,65.77
2022-06-02,Asia Pacific,South Korea,Office Supplies,Pens,Consumer,5,1574.3,1179.17,395.13
2024-08-11,Asia Pacific,India,Furniture,Chairs,Home Office,5,764.35,541.53,222.82
2023-02-13,Latin America,Argentina,Electronics,Phones,Consumer,4,186.32,103.48,82.84
2023-11-17,Asia Pacific,Japan,Office Supplies,Binders,Consumer,2,446.76,207.73,239.03
2024-05-06,Europe,Germany,Clothing,Shoes,Consumer,3,510.33,319.15,191.18
2022-12-01,Latin America,Argentina,Office Supplies,Pens,Corporate,2,708.74,471.79,236.95
2022-12-10,Latin America,Colombia,Office Supplies,Paper,Corporate,4,815.52,621.97,193.55
2022-04-06,Latin America,Chile,Office Supplies,Binders,Home Office,5,456.65,343.01,113.64
2023-10-14,Asia Pacific,Australia,Office Supplies,Paper,Corporate,4,622.12,482.73,139.39
2023-05-08,Europe,Spain,Furniture,Storage,Home Office,5,2024.05,1149.01,875.04
2022-01-14,North America,Mexico,Office Supplies,Binders,Home Office,2,951.36,735.54,215.82
2022-03-27,Latin America,Brazil,Clothing,Shirts,Consumer,1,373.76,218.5,155.26
2024-11-10,Asia Pacific,South Korea,Electronics,Computers,Consumer,5,438.3,336.09,102.21
2024-04-04,Asia Pacific,India,Electronics,Computers,Home Office,5,1716.95,821.56,895.39
2024-11-25,Asia Pacific,India,Clothing,Shirts,Home Office,1,179.77,126.18,53.59
2022-01-17,Asia Pacific,Japan,Furniture,Chairs,Home Office,5,1103.9,696.97,406.93
2024-08-20,Asia Pacific,China,Office Supplies,Binders,Corporate,3,959.91,464.36,495.55
2022-04-16,Latin America,Colombia,Furniture,Chairs,Corporate,5,166.4,117.26,49.14
2022-11-18,Latin America,Argentina,Electronics,Audio,Consumer,4,937.68,542.59,395.09
2024-03-09,Europe,United Kingdom,Office Supplies,Binders,Consumer,1,358.56,220.3,138.26
2023-03-21,Latin America,Chile,Clothing,Shirts,Consumer,3,1315.71,683.81,631.9
2024-01-07,North America,Mexico,Clothing,Shirts,Home Office,3,545.4,325.42,219.98
2024-11-10,Asia Pacific,Japan,Office Supplies,Paper,Home Office,5,2211.05,1709.43,501.62
2024-12-26,North America,Canada,Furniture,Storage,Consumer,2,435.84,235.95,199.89
2024-12-21,Latin America,Brazil,Office Supplies,Labels,Consumer,1,374.16,286.49,87.67
2024-07-05,Latin America,Colombia,Electronics,Phones,Home Office,5,311.35,129.55,181.8
2024-06-17,Asia Pacific,Australia,Electronics,Phones,Consumer,2,115.96,89.92,26.04
2024-03-09,Europe,United Kingdom,Furniture,Tables,Consumer,5,2252.2,1263.09,989.11
2022-06-23,Asia Pacific,Japan,Office Supplies,Pens,Consumer,5,723.9,556.25,167.65
2022-11-23,Europe,Italy,Office Supplies,Paper,Corporate,3,516.18,254.74,261.44
2023-09-19,Asia Pacific,Japan,Office Supplies,Labels,Home Office,5,1915.35,1467.68,447.67
2023-06-21,North America,Mexico,Clothing,Pants,Corporate,4,251.24,155.13,96.11
2023-01-05,Asia Pacific,Japan,Furniture,Tables,Consumer,1,476.3,256.78,219.52
2022-11-20,North America,Mexico,Office Supplies,Binders,Home Office,5,2300.5,1418.43,882.07
2024-09-22,North America,Mexico,Clothing,Outerwear,Corporate,4,1994.72,845.2,1149.52
2022-01-20,Latin America,Brazil,Office Supplies,Pens,Corporate,4,1365.0,681.21,683.79
2022-05-12,North America,Mexico,Furniture,Tables,Consumer,1,63.62,47.87,15.75
2022-02-01,Europe,France,Clothing,Shirts,Home Office,1,155.51,87.68,67.83
2024-01-06,Asia Pacific,Australia,Clothing,Outerwear,Consumer,3,540.33,387.96,152.37
2024-07-24,Asia Pacific,India,Furniture,Storage,Corporate,5,2284.75,1397.26,887.49
2023-10-17,Latin America,Colombia,Clothing,Shirts,Corporate,2,317.28,233.63,83.65
2024-10-20,Latin America,Colombia,Furniture,Tables,Consumer,1,291.27,219.34,71.93
2024-07-07,Asia Pacific,Japan,Electronics,Audio,Corporate,2,477.32,200.93,276.39
2024-10-17,Asia Pacific,India,Electronics,Computers,Consumer,3,1474.95,1095.21,379.74
2024-04-23,Europe,Spain,Electronics,Computers,Home Office,2,906.26,601.98,304.28
2024-08-11,Europe,United Kingdom,Clothing,Outerwear,Consumer,3,678.72,398.09,280.63
2022-05-03,Latin America,Chile,Electronics,Audio,Consumer,4,643.6,340.97,302.63
2022-07-19,North America,Mexico,Office Supplies,Binders,Home Office,2,90.44,56.05,34.39
2024-09-15,North America,Mexico,Clothing,Outerwear,Consumer,4,562.8,402.78,160.02
2024-07-04,Asia Pacific,South Korea,Office Supplies,Binders,Consumer,5,1182.3,869.9,312.4
2022-11-17,North America,Mexico,Electronics,Accessories,Corporate,5,2394.7,1298.0,1096.7
2023-09-28,Europe,United Kingdom,Office Supplies,Paper,Consumer,5,1766.55,1168.82,597.73
2023-11-15,North America,Mexico,Electronics,Audio,Corporate,4,281.12,161.1,120.02
2024-08-30,Europe,United Kingdom,Office Supplies,Labels,Consumer,4,391.0,252.77,138.23
2023-01-04,Asia Pacific,China,Office Supplies,Paper,Consumer,3,1015.98,440.25,575.73
2023-07-16,Latin America,Brazil,Furniture,Desks,Corporate,1,72.84,57.73,15.11
2023-07-05,North America,Mexico,Office Supplies,Paper,Home Office,1,343.0,191.91,151.09
2024-09-10,Latin America,Argentina,Clothing,Shoes,Corporate,1,230.75,111.52,119.23
2023-12-27,Europe,France,Furniture,Desks,Corporate,4,60.96,47.41,13.55
2024-02-17,Asia Pacific,India,Electronics,Accessories,Consumer,4,1901.48,1243.23,658.25
2022-05-18,Asia Pacific,India,Clothing,Pants,Home Office,2,22.06,8.86,13.2
2022-06-17,Europe,United Kingdom,Furniture,Tables,Home Office,4,447.56,246.05,201.51
2023-04-20,Europe,France,Clothing,Shoes,Consumer,2,150.86,68.84,82.02
2023-06-27,Asia Pacific,India,Office Supplies,Paper,Home Office,4,1555.32,1031.5,523.82
2024-02-21,Asia Pacific,Australia,Office Supplies,Pens,Home Office,1,243.56,106.08,137.48
2022-08-29,Asia Pacific,Australia,Office Supplies,Pens,Consumer,5,1477.2,747.75,729.45
2023-06-11,Latin America,Colombia,Furniture,Desks,Consumer,1,451.36,317.68,133.68
2024-06-20,North America,Mexico,Furniture,Desks,Consumer,5,525.7,319.04,206.66
2022-09-18,North America,Canada,Clothing,Pants,Home Office,2,721.42,506.63,214.79
2023-07-24,North America,Canada,Office Supplies,Labels,Corporate,2,953.92,739.26,214.66
2024-05-28,North America,Canada,Clothing,Shirts,Consumer,4,363.24,212.2,151.04
2023-11-07,Latin America,Argentina,Clothing,Pants,Consumer,2,781.2,380.98,400.22
2023-05-20,North America,United States,Office Supplies,Labels,Home Office,4,1960.28,1440.61,519.67
2024-10-15,Europe,Spain,Electronics,Phones,Home Office,5,796.2,524.1,272.1
2024-11-17,Asia Pacific,South Korea,Office Supplies,Paper,Corporate,5,975.2,709.82,265.38
2022-07-30,Europe,Germany,Furniture,Chairs,Consumer,3,866.64,441.61,425.03
2022-12-06,North America,United States,Furniture,Storage,Consumer,4,251.4,128.58,122.82
2024-12-07,North America,Canada,Electronics,Audio,Home Office,5,859.7,573.76,285.94
2023-01-08,Latin America,Colombia,Furniture,Storage,Consumer,3,1285.02,724.34,560.68
2024-05-07,Asia Pacific,China,Office Supplies,Labels,Home Office,2,523.84,356.68,167.16
2022-12-31,Europe,Germany,Clothing,Shoes,Home Office,1,278.67,155.11,123.56
2022-06-18,Asia Pacific,Japan,Clothing,Shirts,Corporate,4,848.32,437.07,411.25
2024-03-09,Europe,United Kingdom,Furniture,Storage,Corporate,4,160.88,81.34,79.54
2024-02-23,Latin America,Chile,Office Supplies,Paper,Consumer,3,1406.76,1117.84,288.92
2024-04-25,Europe,Spain,Furniture,Storage,Corporate,5,2374.4,1535.12,839.28
2024-04-13,North America,Mexico,Clothing,Pants,Home Office,4,1139.2,850.28,288.92
2022-06-07,Europe,Italy,Electronics,Phones,Home Office,4,1729.44,1029.37,700.07
2024-03-23,Europe,United Kingdom,Office Supplies,Labels,Corporate,5,1391.55,862.93,528.62
2022-11-18,Europe,Spain,Furniture,Storage,Corporate,1,461.94,235.42,226.52
2022-08-22,North America,Mexico,Furniture,Desks,Consumer,1,340.86,196.98,143.88
2023-01-05,Latin America,Brazil,Electronics,Computers,Corporate,4,1929.96,1204.94,725.02
2022-09-12,Latin America,Brazil,Clothing,Shirts,Consumer,3,567.36,422.94,144.42
2024-01-07,North America,Canada,Clothing,Outerwear,Corporate,3,1483.38,782.01,701.37
2023-01-02,Latin America,Colombia,Clothing,Shoes,Corporate,1,170.64,132.33,38.31
2024-01-06,Latin America,Brazil,Electronics,Phones,Corporate,5,1423.95,728.74,695.21
2022-06-08,Latin America,Chile,Furniture,Chairs,Home Office,1,133.81,55.9,77.91
2022-01-26,Asia Pacific,India,Furniture,Storage,Corporate,3,355.95,235.34,120.61
2022-06-27,Latin America,Chile,Electronics,Audio,Consumer,4,846.64,624.83,221.81
2024-09-27,Asia Pacific,South Korea,Clothing,Pants,Consumer,2,421.0,214.66,206.34
2024-03-22,Europe,United Kingdom,Clothing,Shoes,Corporate,1,105.27,82.81,22.46
2023-04-18,Europe,Spain,Furniture,Desks,Home Office,3,1182.78,607.44,575.34
2022-10-28,North America,Canada,Office Supplies,Binders,Corporate,5,206.8,162.62,44.18
2024-04-02,Asia Pacific,Australia,Furniture,Chairs,Home Office,4,389.64,225.8,163.84
2024-06-06,Asia Pacific,Japan,Electronics,Accessories,Consumer,1,338.57,148.15,190.42
2024-12-21,Asia Pacific,India,Office Supplies,Labels,Home Office,4,358.24,215.82,142.42
2022-02-19,North America,Mexico,Clothing,Pants,Corporate,1,93.89,59.09,34.8
2024-04-18,Europe,Italy,Clothing,Shoes,Consumer,3,1241.34,498.39,742.95
2024-10-14,Asia Pacific,India,Electronics,Accessories,Consumer,5,968.7,534.11,434.59
2024-10-24,Latin America,Argentina,Electronics,Audio,Consumer,4,1047.64,750.27,297.37
2023-10-11,North America,Canada,Electronics,Phones,Home Office,5,506.95,281.56,225.39
2023-10-20,Europe,France,Clothing,Outerwear,Home Office,4,1209.92,698.81,511.11
2022-12-16,Europe,Italy,Office Supplies,Binders,Home Office,5,1732.95,1132.85,600.1
2023-06-09,Latin America,Argentina,Office Supplies,Paper,Corporate,4,1957.64,1147.36,810.28
2024-12-08,Asia Pacific,India,Office Supplies,Pens,Home Office,3,621.45,319.92,301.53
2022-05-11,Asia Pacific,Japan,Electronics,Computers,Corporate,5,172.05,133.48,38.57
2022-10-15,Asia Pacific,China,Clothing,Pants,Home Office,1,432.67,251.86,180.81
2023-01-16,Latin America,Colombia,Clothing,Outerwear,Consumer,1,419.51,176.15,243.36
2022-10-02,Europe,France,Office Supplies,Pens,Consumer,4,1272.56,942.24,330.32
2022-02-17,Europe,Spain,Electronics,Phones,Corporate,2,505.68,328.38,177.3
2024-12-28,Asia Pacific,China,Clothing,Outerwear,Consumer,5,771.4,410.76,360.64
2022-05-05,Latin America,Chile,Clothing,Shoes,Corporate,5,1541.25,1220.6,320.65
2022-04-30,Europe,Germany,Furniture,Storage,Home Office,1,293.35,219.57,73.78
2022-02-08,North America,United States,Office Supplies,Labels,Home Office,2,683.22,346.46,336.76
2024-11-03,Europe,Germany,Electronics,Computers,Corporate,3,899.22,473.28,425.94
2023-04-25,Latin America,Colombia,Furniture,Desks,Home Office,3,1422.69,824.28,598.41
2024-07-16,North America,Canada,Clothing,Pants,Corporate,1,105.54,64.54,41.0
2022-10-15,Latin America,Argentina,Electronics,Accessories,Home Office,5,2328.45,1494.62,833.83
2023-02-28,North America,Canada,Office Supplies,Labels,Home Office,5,813.7,639.12,174.58
2023-05-07,Europe,France,Clothing,Pants,Corporate,1,148.7,76.4,72.3
2022-03-04,Europe,France,Furniture,Tables,Home Office,1,122.3,85.2,37.1
2022-03-13,North America,United States,Office Supplies,Pens,Corporate,2,264.26,138.28,125.98
2023-08-07,Latin America,Brazil,Furniture,Storage,Corporate,5,2425.75,1438.98,986.77
2024-10-15,Europe,Spain,Office Supplies,Labels,Corporate,3,1239.78,903.54,336.24
2024-01-06,Europe,Italy,Office Supplies,Pens,Consumer,3,1344.81,669.18,675.63
2023-09-11,Europe,France,Clothing,Outerwear,Corporate,2,174.64,85.77,88.87
2023-08-14,North America,Canada,Furniture,Tables,Consumer,5,967.1,766.97,200.13
2024-10-01,Europe,Spain,Furniture,Storage,Home Office,5,785.9,422.05,363.85
2023-01-24,Asia Pacific,Japan,Electronics,Audio,Home Office,3,701.46,469.26,232.2
2023-11-15,Latin America,Colombia,Clothing,Shoes,Consumer,2,774.36,549.97,224.39
2023-07-31,North America,United States,Electronics,Audio,Consumer,2,763.84,402.57,361.27
2023-07-10,North America,United States,Clothing,Pants,Consumer,4,1608.08,978.48,629.6
2024-06-16,Asia Pacific,Australia,Electronics,Audio,Home Office,1,189.38,118.0,71.38
2022-10-10,Latin America,Brazil,Clothing,Outerwear,Home Office,3,1217.22,762.85,454.37
2024-02-09,Latin America,Chile,Office Supplies,Binders,Consumer,2,695.96,345.36,350.6
2022-12-16,Asia Pacific,India,Furniture,Chairs,Home Office,5,273.7,126.83,146.87
2024-01-22,Asia Pacific,Japan,Office Supplies,Pens,Home Office,3,283.62,178.2,105.42
2023-01-10,Europe,Spain,Office Supplies,Paper,Home Office,1,340.44,249.34,91.1
2023-01-06,North America,United States,Office Supplies,Paper,Consumer,4,968.8,558.81,409.99
2024-10-12,Latin America,Argentina,Furniture,Chairs,Consumer,1,172.71,122.86,49.85
2023-09-18,Europe,Germany,Furniture,Storage,Home Office,4,690.04,350.85,339.19
2023-02-26,Latin America,Chile,Electronics,Computers,Home Office,4,1322.8,817.14,505.66
2022-02-03,Latin America,Argentina,Electronics,Computers,Consumer,4,700.0,381.39,318.61
2023-11-23,Asia Pacific,Japan,Furniture,Chairs,Corporate,3,1023.15,809.25,213.9
2022-08-12,Asia Pacific,Japan,Office Supplies,Labels,Home Office,4,449.56,197.11,252.45
2024-03-31,Asia Pacific,China,Furniture,Storage,Home Office,3,601.23,370.08,231.15
2022-06-01,North America,United States,Electronics,Computers,Home Office,1,299.6,218.49,81.11
2023-06-30,Europe,Spain,Office Supplies,Paper,Consumer,1,231.51,105.23,126.28
2023-06-04,Latin America,Colombia,Electronics,Computers,Home Office,1,288.35,129.45,158.9
2022-07-25,Latin America,Brazil,Clothing,Shirts,Home Office,1,123.2,89.16,34.04
2022-06-02,Europe,France,Clothing,Pants,Consumer,5,155.4,106.01,49.39
2024-11-24,Latin America,Brazil,Clothing,Shirts,Home Office,3,602.01,332.3,269.71
2024-08-22,North America,Canada,Electronics,Audio,Home Office,2,200.0,136.05,63.95
2022-03-02,Latin America,Argentina,Office Supplies,Binders,Home Office,2,875.68,377.26,498.42
2022-02-19,Latin America,Argentina,Electronics,Computers,Home Office,5,1509.25,671.61,837.64
2023-09-05,North America,Canada,Clothing,Pants,Home Office,4,692.2,476.92,215.28
2024-10-22,Europe,Italy,Electronics,Computers,Consumer,1,279.98,113.01,166.97
2022-05-07,North America,Canada,Clothing,Shoes,Corporate,3,1343.64,882.14,461.5
2024-01-20,Latin America,Argentina,Office Supplies,Binders,Corporate,3,319.05,241.06,77.99
2022-06-29,North America,Mexico,Electronics,Audio,Consumer,5,2432.35,1325.77,1106.58
2023-10-09,Asia Pacific,China,Furniture,Desks,Home Office,4,1627.24,969.59,657.65
2023-06-03,Asia Pacific,South Korea,Electronics,Audio,Consumer,1,461.46,211.5,249.96
2023-08-11,Asia Pacific,South Korea,Furniture,Desks,Corporate,4,1343.76,932.97,410.79
2022-12-18,North America,Canada,Clothing,Outerwear,Corporate,3,1144.71,843.81,300.9
2022-01-12,Asia Pacific,South Korea,Clothing,Shirts,Corporate,4,458.16,294.33,163.83
2022-11-09,Latin America,Chile,Electronics,Computers,Consumer,5,735.3,462.58,272.72
2024-12-30,North America,Canada,Office Supplies,Binders,Home Office,5,1098.1,480.05,618.05
2024-12-29,Latin America,Brazil,Clothing,Pants,Consumer,3,195.99,112.65,83.34
2022-02-10,Asia Pacific,South Korea,Clothing,Shirts,Corporate,1,173.56,94.03,79.53
2022-07-14,Asia Pacific,India,Electronics,Computers,Consumer,3,198.69,117.4,81.29
2023-03-22,North America,Mexico,Electronics,Audio,Home Office,5,710.45,301.78,408.67
2022-09-29,North America,Mexico,Electronics,Audio,Consumer,1,482.95,358.0,124.95
2024-08-10,Europe,Italy,Furniture,Desks,Consumer,3,852.87,646.4,206.47
2022-03-07,Asia Pacific,China,Furniture,Tables,Corporate,2,974.62,712.45,262.17
2024-02-24,North America,Mexico,Electronics,Computers,Home Office,4,1870.44,1324.11,546.33
